2021-06-23T19:46:06.995+09:00,User,Action,Clear Tracking Log,,,,,-1,-1,
2021-06-23T19:46:13.581+09:00,User,KeyEvent,65535:16:1,hello,Editor,C:/Users/User/CLionProjects/hello/main.cpp,,1,0,Default task
2021-06-23T19:46:13.723+09:00,User,KeyEvent,35:51:1,hello,Editor,C:/Users/User/CLionProjects/hello/main.cpp,,1,0,Default task
2021-06-23T19:46:13.970+09:00,User,KeyEvent,105:73:0,hello,Editor,C:/Users/User/CLionProjects/hello/main.cpp,,1,1,Default task
2021-06-23T19:46:14.114+09:00,User,KeyEvent,110:78:0,hello,Editor,C:/Users/User/CLionProjects/hello/main.cpp,,1,2,Default task
2021-06-23T19:46:14.291+09:00,User,KeyEvent,108:76:0,hello,Editor,C:/Users/User/CLionProjects/hello/main.cpp,,1,3,Default task
2021-06-23T19:46:14.442+09:00,User,KeyEvent,99:67:0,hello,Editor,C:/Users/User/CLionProjects/hello/main.cpp,,1,4,Default task
2021-06-23T19:46:14.666+09:00,User,Action,EditorBackSpace,hello,Editor,C:/Users/User/CLionProjects/hello/main.cpp,,1,5,Default task
2021-06-23T19:46:14.668+09:00,User,KeyEvent,8:8:0,hello,Editor,C:/Users/User/CLionProjects/hello/main.cpp,,1,4,Default task
2021-06-23T19:46:14.795+09:00,User,Action,EditorBackSpace,hello,Editor,C:/Users/User/CLionProjects/hello/main.cpp,,1,4,Default task
2021-06-23T19:46:14.798+09:00,User,KeyEvent,8:8:0,hello,Editor,C:/Users/User/CLionProjects/hello/main.cpp,,1,3,Default task
2021-06-23T19:46:14.931+09:00,User,KeyEvent,99:67:0,hello,Editor,C:/Users/User/CLionProjects/hello/main.cpp,,1,3,Default task
2021-06-23T19:46:15.014+09:00,User,KeyEvent,108:76:0,hello,Editor,C:/Users/User/CLionProjects/hello/main.cpp,,1,4,Default task
2021-06-23T19:46:15.194+09:00,User,KeyEvent,117:85:0,hello,Editor,C:/Users/User/CLionProjects/hello/main.cpp,,1,5,Default task
2021-06-23T19:46:15.298+09:00,User,KeyEvent,100:68:0,hello,Editor,C:/Users/User/CLionProjects/hello/main.cpp,,1,6,Default task
2021-06-23T19:46:15.534+09:00,User,KeyEvent,32:32:0,hello,Editor,C:/Users/User/CLionProjects/hello/main.cpp,,1,7,Default task
2021-06-23T19:46:15.954+09:00,User,Action,EditorBackSpace,hello,Editor,C:/Users/User/CLionProjects/hello/main.cpp,,1,8,Default task
2021-06-23T19:46:15.968+09:00,User,KeyEvent,8:8:0,hello,Editor,C:/Users/User/CLionProjects/hello/main.cpp,,1,7,Default task
2021-06-23T19:46:16.131+09:00,User,KeyEvent,101:69:0,hello,Editor,C:/Users/User/CLionProjects/hello/main.cpp,,1,7,Default task
2021-06-23T19:46:16.731+09:00,User,KeyEvent,32:32:0,hello,Editor,C:/Users/User/CLionProjects/hello/main.cpp,,1,8,Default task
2021-06-23T19:46:16.972+09:00,User,KeyEvent,65535:16:1,hello,Editor,C:/Users/User/CLionProjects/hello/main.cpp,,1,9,Default task
2021-06-23T19:46:17.098+09:00,User,KeyEvent,60:44:1,hello,Editor,C:/Users/User/CLionProjects/hello/main.cpp,,1,9,Default task
2021-06-23T19:46:17.266+09:00,User,KeyEvent,118:86:0,hello,Editor,C:/Users/User/CLionProjects/hello/main.cpp,,1,10,Default task
2021-06-23T19:46:17.386+09:00,User,KeyEvent,101:69:0,hello,Editor,C:/Users/User/CLionProjects/hello/main.cpp,,1,11,Default task
2021-06-23T19:46:17.578+09:00,User,KeyEvent,99:67:0,hello,Editor,C:/Users/User/CLionProjects/hello/main.cpp,,1,12,Default task
2021-06-23T19:46:17.938+09:00,User,KeyEvent,116:84:0,hello,Editor,C:/Users/User/CLionProjects/hello/main.cpp,,1,13,Default task
2021-06-23T19:46:18.059+09:00,User,KeyEvent,111:79:0,hello,Editor,C:/Users/User/CLionProjects/hello/main.cpp,,1,14,Default task
2021-06-23T19:46:18.171+09:00,User,KeyEvent,114:82:0,hello,Editor,C:/Users/User/CLionProjects/hello/main.cpp,,1,15,Default task
2021-06-23T19:46:18.394+09:00,User,KeyEvent,65535:16:1,hello,Editor,C:/Users/User/CLionProjects/hello/main.cpp,,1,16,Default task
2021-06-23T19:46:18.459+09:00,User,KeyEvent,62:46:1,hello,Editor,C:/Users/User/CLionProjects/hello/main.cpp,,1,16,Default task
2021-06-23T19:46:18.667+09:00,User,Action,EditorEnter,hello,Editor,C:/Users/User/CLionProjects/hello/main.cpp,,1,17,Default task
2021-06-23T19:46:18.670+09:00,User,KeyEvent,10:10:0,hello,Editor,C:/Users/User/CLionProjects/hello/main.cpp,,2,0,Default task
2021-06-23T19:46:19.034+09:00,User,KeyEvent,65535:16:1,hello,Editor,C:/Users/User/CLionProjects/hello/main.cpp,,2,0,Default task
2021-06-23T19:46:19.114+09:00,User,KeyEvent,35:51:1,hello,Editor,C:/Users/User/CLionProjects/hello/main.cpp,,2,0,Default task
2021-06-23T19:46:19.354+09:00,User,KeyEvent,105:73:0,hello,Editor,C:/Users/User/CLionProjects/hello/main.cpp,,2,1,Default task
2021-06-23T19:46:19.482+09:00,User,KeyEvent,110:78:0,hello,Editor,C:/Users/User/CLionProjects/hello/main.cpp,,2,2,Default task
2021-06-23T19:46:19.610+09:00,User,KeyEvent,99:67:0,hello,Editor,C:/Users/User/CLionProjects/hello/main.cpp,,2,3,Default task
2021-06-23T19:46:19.699+09:00,User,KeyEvent,108:76:0,hello,Editor,C:/Users/User/CLionProjects/hello/main.cpp,,2,4,Default task
2021-06-23T19:46:19.867+09:00,User,KeyEvent,117:85:0,hello,Editor,C:/Users/User/CLionProjects/hello/main.cpp,,2,5,Default task
2021-06-23T19:46:19.938+09:00,User,KeyEvent,100:68:0,hello,Editor,C:/Users/User/CLionProjects/hello/main.cpp,,2,6,Default task
2021-06-23T19:46:20.083+09:00,User,KeyEvent,101:69:0,hello,Editor,C:/Users/User/CLionProjects/hello/main.cpp,,2,7,Default task
2021-06-23T19:46:20.236+09:00,User,KeyEvent,32:32:0,hello,Editor,C:/Users/User/CLionProjects/hello/main.cpp,,2,8,Default task
2021-06-23T19:46:20.437+09:00,User,KeyEvent,65535:16:1,hello,Editor,C:/Users/User/CLionProjects/hello/main.cpp,,2,9,Default task
2021-06-23T19:46:20.554+09:00,User,KeyEvent,60:44:1,hello,Editor,C:/Users/User/CLionProjects/hello/main.cpp,,2,9,Default task
2021-06-23T19:46:21.451+09:00,User,KeyEvent,97:65:0,hello,Editor,C:/Users/User/CLionProjects/hello/main.cpp,,2,10,Default task
2021-06-23T19:46:21.563+09:00,User,KeyEvent,108:76:0,hello,Editor,C:/Users/User/CLionProjects/hello/main.cpp,,2,11,Default task
2021-06-23T19:46:21.826+09:00,User,KeyEvent,103:71:0,hello,Editor,C:/Users/User/CLionProjects/hello/main.cpp,,2,12,Default task
2021-06-23T19:46:21.930+09:00,User,KeyEvent,111:79:0,hello,Editor,C:/Users/User/CLionProjects/hello/main.cpp,,2,13,Default task
2021-06-23T19:46:22.347+09:00,User,Action,EditorChooseLookupItem,hello,Editor,C:/Users/User/CLionProjects/hello/main.cpp,,2,14,Default task
2021-06-23T19:46:22.368+09:00,User,KeyEvent,10:10:0,hello,Editor,C:/Users/User/CLionProjects/hello/main.cpp,,2,20,Default task
2021-06-23T19:46:22.618+09:00,User,KeyEvent,65535:16:1,hello,Editor,C:/Users/User/CLionProjects/hello/main.cpp,,2,20,Default task
2021-06-23T19:46:22.682+09:00,User,KeyEvent,62:46:1,hello,Editor,C:/Users/User/CLionProjects/hello/main.cpp,,2,20,Default task
2021-06-23T19:46:23.276+09:00,User,Action,EditorBackSpace,hello,Editor,C:/Users/User/CLionProjects/hello/main.cpp,,2,20,Default task
2021-06-23T19:46:23.300+09:00,User,KeyEvent,8:8:0,hello,Editor,C:/Users/User/CLionProjects/hello/main.cpp,,2,19,Default task
2021-06-23T19:46:23.978+09:00,User,KeyEvent,65535:16:1,hello,Editor,C:/Users/User/CLionProjects/hello/main.cpp,,2,19,Default task
2021-06-23T19:46:24.058+09:00,User,KeyEvent,62:46:1,hello,Editor,C:/Users/User/CLionProjects/hello/main.cpp,,2,19,Default task
2021-06-23T19:46:24.787+09:00,User,Action,EditorEnter,hello,Editor,C:/Users/User/CLionProjects/hello/main.cpp,,2,20,Default task
2021-06-23T19:46:24.807+09:00,User,KeyEvent,10:10:0,hello,Editor,C:/Users/User/CLionProjects/hello/main.cpp,,3,0,Default task
2021-06-23T19:46:25.282+09:00,User,Action,EditorDown,hello,Editor,C:/Users/User/CLionProjects/hello/main.cpp,,3,0,Default task
2021-06-23T19:46:25.283+09:00,User,KeyEvent,65535:40:0,hello,Editor,C:/Users/User/CLionProjects/hello/main.cpp,,4,0,Default task
2021-06-23T19:46:25.418+09:00,User,Action,EditorDown,hello,Editor,C:/Users/User/CLionProjects/hello/main.cpp,,4,0,Default task
2021-06-23T19:46:25.419+09:00,User,KeyEvent,65535:40:0,hello,Editor,C:/Users/User/CLionProjects/hello/main.cpp,,5,0,Default task
2021-06-23T19:46:25.554+09:00,User,Action,EditorDown,hello,Editor,C:/Users/User/CLionProjects/hello/main.cpp,,5,0,Default task
2021-06-23T19:46:25.555+09:00,User,KeyEvent,65535:40:0,hello,Editor,C:/Users/User/CLionProjects/hello/main.cpp,,6,0,Default task
2021-06-23T19:46:25.714+09:00,User,Action,EditorDown,hello,Editor,C:/Users/User/CLionProjects/hello/main.cpp,,6,0,Default task
2021-06-23T19:46:25.714+09:00,User,KeyEvent,65535:40:0,hello,Editor,C:/Users/User/CLionProjects/hello/main.cpp,,7,0,Default task
2021-06-23T19:46:26.468+09:00,User,Action,EditorBackSpace,hello,Editor,C:/Users/User/CLionProjects/hello/main.cpp,,7,0,Default task
2021-06-23T19:46:26.477+09:00,User,KeyEvent,8:8:0,hello,Editor,C:/Users/User/CLionProjects/hello/main.cpp,,6,12,Default task
2021-06-23T19:46:26.691+09:00,User,Action,EditorEnter,hello,Editor,C:/Users/User/CLionProjects/hello/main.cpp,,6,12,Default task
2021-06-23T19:46:26.694+09:00,User,KeyEvent,10:10:0,hello,Editor,C:/Users/User/CLionProjects/hello/main.cpp,,7,4,Default task
2021-06-23T19:46:27.634+09:00,User,KeyEvent,105:73:0,hello,Editor,C:/Users/User/CLionProjects/hello/main.cpp,,7,4,Default task
2021-06-23T19:46:27.706+09:00,User,KeyEvent,110:78:0,hello,Editor,C:/Users/User/CLionProjects/hello/main.cpp,,7,5,Default task
2021-06-23T19:46:27.828+09:00,User,KeyEvent,116:84:0,hello,Editor,C:/Users/User/CLionProjects/hello/main.cpp,,7,6,Default task
2021-06-23T19:46:27.946+09:00,User,KeyEvent,32:32:0,hello,Editor,C:/Users/User/CLionProjects/hello/main.cpp,,7,7,Default task
2021-06-23T19:46:28.027+09:00,User,KeyEvent,65535:20:0,hello,Editor,C:/Users/User/CLionProjects/hello/main.cpp,,7,8,Default task
2021-06-23T19:46:28.243+09:00,User,KeyEvent,83:83:0,hello,Editor,C:/Users/User/CLionProjects/hello/main.cpp,,7,8,Default task
2021-06-23T19:46:28.346+09:00,User,KeyEvent,73:73:0,hello,Editor,C:/Users/User/CLionProjects/hello/main.cpp,,7,9,Default task
2021-06-23T19:46:28.426+09:00,User,KeyEvent,90:90:0,hello,Editor,C:/Users/User/CLionProjects/hello/main.cpp,,7,10,Default task
2021-06-23T19:46:28.490+09:00,User,KeyEvent,69:69:0,hello,Editor,C:/Users/User/CLionProjects/hello/main.cpp,,7,11,Default task
2021-06-23T19:46:28.635+09:00,User,KeyEvent,59:59:0,hello,Editor,C:/Users/User/CLionProjects/hello/main.cpp,,7,12,Default task
2021-06-23T19:46:28.747+09:00,User,Action,EditorEnter,hello,Editor,C:/Users/User/CLionProjects/hello/main.cpp,,7,13,Default task
2021-06-23T19:46:28.749+09:00,User,KeyEvent,10:10:0,hello,Editor,C:/Users/User/CLionProjects/hello/main.cpp,,8,4,Default task
2021-06-23T19:46:28.988+09:00,User,KeyEvent,65535:20:0,hello,Editor,C:/Users/User/CLionProjects/hello/main.cpp,,8,4,Default task
2021-06-23T19:46:29.366+09:00,User,KeyEvent,105:73:0,hello,Editor,C:/Users/User/CLionProjects/hello/main.cpp,,8,4,Default task
2021-06-23T19:46:29.466+09:00,User,KeyEvent,110:78:0,hello,Editor,C:/Users/User/CLionProjects/hello/main.cpp,,8,5,Default task
2021-06-23T19:46:29.538+09:00,User,KeyEvent,116:84:0,hello,Editor,C:/Users/User/CLionProjects/hello/main.cpp,,8,6,Default task
2021-06-23T19:46:29.651+09:00,User,KeyEvent,32:32:0,hello,Editor,C:/Users/User/CLionProjects/hello/main.cpp,,8,7,Default task
2021-06-23T19:46:29.745+09:00,User,KeyEvent,110:78:0,hello,Editor,C:/Users/User/CLionProjects/hello/main.cpp,,8,8,Default task
2021-06-23T19:46:29.825+09:00,User,KeyEvent,117:85:0,hello,Editor,C:/Users/User/CLionProjects/hello/main.cpp,,8,9,Default task
2021-06-23T19:46:29.978+09:00,User,KeyEvent,109:77:0,hello,Editor,C:/Users/User/CLionProjects/hello/main.cpp,,8,10,Default task
2021-06-23T19:46:30.098+09:00,User,KeyEvent,59:59:0,hello,Editor,C:/Users/User/CLionProjects/hello/main.cpp,,8,11,Default task
2021-06-23T19:46:30.266+09:00,User,Action,EditorEnter,hello,Editor,C:/Users/User/CLionProjects/hello/main.cpp,,8,12,Default task
2021-06-23T19:46:30.268+09:00,User,KeyEvent,10:10:0,hello,Editor,C:/Users/User/CLionProjects/hello/main.cpp,,9,4,Default task
2021-06-23T19:46:30.898+09:00,User,Action,EditorEnter,hello,Editor,C:/Users/User/CLionProjects/hello/main.cpp,,9,4,Default task
2021-06-23T19:46:30.900+09:00,User,KeyEvent,10:10:0,hello,Editor,C:/Users/User/CLionProjects/hello/main.cpp,,10,4,Default task
2021-06-23T19:46:31.204+09:00,User,KeyEvent,99:67:0,hello,Editor,C:/Users/User/CLionProjects/hello/main.cpp,,10,4,Default task
2021-06-23T19:46:31.273+09:00,User,KeyEvent,105:73:0,hello,Editor,C:/Users/User/CLionProjects/hello/main.cpp,,10,5,Default task
2021-06-23T19:46:31.780+09:00,User,KeyEvent,110:78:0,hello,Editor,C:/Users/User/CLionProjects/hello/main.cpp,,10,6,Default task
2021-06-23T19:46:31.898+09:00,User,KeyEvent,32:32:0,hello,Editor,C:/Users/User/CLionProjects/hello/main.cpp,,10,7,Default task
2021-06-23T19:46:32.051+09:00,User,KeyEvent,65535:16:1,hello,Editor,C:/Users/User/CLionProjects/hello/main.cpp,,10,8,Default task
2021-06-23T19:46:32.140+09:00,User,KeyEvent,62:46:1,hello,Editor,C:/Users/User/CLionProjects/hello/main.cpp,,10,8,Default task
2021-06-23T19:46:32.298+09:00,User,KeyEvent,62:46:1,hello,Editor,C:/Users/User/CLionProjects/hello/main.cpp,,10,9,Default task
2021-06-23T19:46:32.539+09:00,User,KeyEvent,32:32:0,hello,Editor,C:/Users/User/CLionProjects/hello/main.cpp,,10,10,Default task
2021-06-23T19:46:32.651+09:00,User,KeyEvent,65535:20:0,hello,Editor,C:/Users/User/CLionProjects/hello/main.cpp,,10,11,Default task
2021-06-23T19:46:32.890+09:00,User,KeyEvent,83:83:0,hello,Editor,C:/Users/User/CLionProjects/hello/main.cpp,,10,11,Default task
2021-06-23T19:46:33.002+09:00,User,KeyEvent,73:73:0,hello,Editor,C:/Users/User/CLionProjects/hello/main.cpp,,10,12,Default task
2021-06-23T19:46:33.074+09:00,User,KeyEvent,90:90:0,hello,Editor,C:/Users/User/CLionProjects/hello/main.cpp,,10,13,Default task
2021-06-23T19:46:33.146+09:00,User,KeyEvent,69:69:0,hello,Editor,C:/Users/User/CLionProjects/hello/main.cpp,,10,14,Default task
2021-06-23T19:46:33.643+09:00,User,KeyEvent,59:59:0,hello,Editor,C:/Users/User/CLionProjects/hello/main.cpp,,10,15,Default task
2021-06-23T19:46:33.787+09:00,User,Action,EditorEnter,hello,Editor,C:/Users/User/CLionProjects/hello/main.cpp,,10,16,Default task
2021-06-23T19:46:33.789+09:00,User,KeyEvent,10:10:0,hello,Editor,C:/Users/User/CLionProjects/hello/main.cpp,,11,4,Default task
2021-06-23T19:46:34.339+09:00,User,KeyEvent,65535:20:0,hello,Editor,C:/Users/User/CLionProjects/hello/main.cpp,,11,4,Default task
2021-06-23T19:46:35.339+09:00,User,Action,EditorEnter,hello,Editor,C:/Users/User/CLionProjects/hello/main.cpp,,11,4,Default task
2021-06-23T19:46:35.342+09:00,User,KeyEvent,10:10:0,hello,Editor,C:/Users/User/CLionProjects/hello/main.cpp,,12,4,Default task
2021-06-23T19:46:35.434+09:00,User,KeyEvent,118:86:0,hello,Editor,C:/Users/User/CLionProjects/hello/main.cpp,,12,4,Default task
2021-06-23T19:46:35.547+09:00,User,KeyEvent,101:69:0,hello,Editor,C:/Users/User/CLionProjects/hello/main.cpp,,12,5,Default task
2021-06-23T19:46:35.995+09:00,User,KeyEvent,99:67:0,hello,Editor,C:/Users/User/CLionProjects/hello/main.cpp,,12,6,Default task
2021-06-23T19:46:36.242+09:00,User,KeyEvent,116:84:0,hello,Editor,C:/Users/User/CLionProjects/hello/main.cpp,,12,7,Default task
2021-06-23T19:46:36.354+09:00,User,KeyEvent,111:79:0,hello,Editor,C:/Users/User/CLionProjects/hello/main.cpp,,12,8,Default task
2021-06-23T19:46:36.442+09:00,User,KeyEvent,114:82:0,hello,Editor,C:/Users/User/CLionProjects/hello/main.cpp,,12,9,Default task
2021-06-23T19:46:38.060+09:00,User,KeyEvent,65535:16:1,hello,Editor,C:/Users/User/CLionProjects/hello/main.cpp,,12,10,Default task
2021-06-23T19:46:38.179+09:00,User,KeyEvent,60:44:1,hello,Editor,C:/Users/User/CLionProjects/hello/main.cpp,,12,10,Default task
2021-06-23T19:46:38.546+09:00,User,KeyEvent,105:73:0,hello,Editor,C:/Users/User/CLionProjects/hello/main.cpp,,12,11,Default task
2021-06-23T19:46:38.650+09:00,User,KeyEvent,110:78:0,hello,Editor,C:/Users/User/CLionProjects/hello/main.cpp,,12,12,Default task
2021-06-23T19:46:38.683+09:00,User,KeyEvent,116:84:0,hello,Editor,C:/Users/User/CLionProjects/hello/main.cpp,,12,13,Default task
2021-06-23T19:46:38.882+09:00,User,KeyEvent,65535:16:1,hello,Editor,C:/Users/User/CLionProjects/hello/main.cpp,,12,14,Default task
2021-06-23T19:46:38.970+09:00,User,KeyEvent,62:46:1,hello,Editor,C:/Users/User/CLionProjects/hello/main.cpp,,12,14,Default task
2021-06-23T19:46:39.434+09:00,User,KeyEvent,32:32:0,hello,Editor,C:/Users/User/CLionProjects/hello/main.cpp,,12,15,Default task
2021-06-23T19:46:40.067+09:00,User,KeyEvent,118:86:0,hello,Editor,C:/Users/User/CLionProjects/hello/main.cpp,,12,16,Default task
2021-06-23T19:46:40.146+09:00,User,KeyEvent,101:69:0,hello,Editor,C:/Users/User/CLionProjects/hello/main.cpp,,12,17,Default task
2021-06-23T19:46:40.362+09:00,User,KeyEvent,99:67:0,hello,Editor,C:/Users/User/CLionProjects/hello/main.cpp,,12,18,Default task
2021-06-23T19:46:40.571+09:00,User,KeyEvent,59:59:0,hello,Editor,C:/Users/User/CLionProjects/hello/main.cpp,,12,19,Default task
2021-06-23T19:46:40.722+09:00,User,Action,EditorEnter,hello,Editor,C:/Users/User/CLionProjects/hello/main.cpp,,12,20,Default task
2021-06-23T19:46:40.724+09:00,User,KeyEvent,10:10:0,hello,Editor,C:/Users/User/CLionProjects/hello/main.cpp,,13,4,Default task
2021-06-23T19:46:41.626+09:00,User,Action,EditorEnter,hello,Editor,C:/Users/User/CLionProjects/hello/main.cpp,,13,4,Default task
2021-06-23T19:46:41.629+09:00,User,KeyEvent,10:10:0,hello,Editor,C:/Users/User/CLionProjects/hello/main.cpp,,14,4,Default task
2021-06-23T19:46:41.762+09:00,User,KeyEvent,102:70:0,hello,Editor,C:/Users/User/CLionProjects/hello/main.cpp,,14,4,Default task
2021-06-23T19:46:41.885+09:00,User,KeyEvent,111:79:0,hello,Editor,C:/Users/User/CLionProjects/hello/main.cpp,,14,5,Default task
2021-06-23T19:46:41.970+09:00,User,KeyEvent,114:82:0,hello,Editor,C:/Users/User/CLionProjects/hello/main.cpp,,14,6,Default task
2021-06-23T19:46:42.114+09:00,User,KeyEvent,65535:16:1,hello,Editor,C:/Users/User/CLionProjects/hello/main.cpp,,14,7,Default task
2021-06-23T19:46:42.251+09:00,User,KeyEvent,40:57:1,hello,Editor,C:/Users/User/CLionProjects/hello/main.cpp,,14,7,Default task
2021-06-23T19:46:42.539+09:00,User,KeyEvent,105:73:0,hello,Editor,C:/Users/User/CLionProjects/hello/main.cpp,,14,8,Default task
2021-06-23T19:46:42.602+09:00,User,KeyEvent,110:78:0,hello,Editor,C:/Users/User/CLionProjects/hello/main.cpp,,14,9,Default task
2021-06-23T19:46:42.711+09:00,User,KeyEvent,116:84:0,hello,Editor,C:/Users/User/CLionProjects/hello/main.cpp,,14,10,Default task
2021-06-23T19:46:42.931+09:00,User,KeyEvent,32:32:0,hello,Editor,C:/Users/User/CLionProjects/hello/main.cpp,,14,11,Default task
2021-06-23T19:46:43.098+09:00,User,KeyEvent,105:73:0,hello,Editor,C:/Users/User/CLionProjects/hello/main.cpp,,14,12,Default task
2021-06-23T19:46:43.194+09:00,User,KeyEvent,32:32:0,hello,Editor,C:/Users/User/CLionProjects/hello/main.cpp,,14,13,Default task
2021-06-23T19:46:43.379+09:00,User,KeyEvent,61:61:0,hello,Editor,C:/Users/User/CLionProjects/hello/main.cpp,,14,14,Default task
2021-06-23T19:46:43.635+09:00,User,KeyEvent,48:48:0,hello,Editor,C:/Users/User/CLionProjects/hello/main.cpp,,14,15,Default task
2021-06-23T19:46:44.121+09:00,User,KeyEvent,59:59:0,hello,Editor,C:/Users/User/CLionProjects/hello/main.cpp,,14,16,Default task
2021-06-23T19:46:44.284+09:00,User,KeyEvent,32:32:0,hello,Editor,C:/Users/User/CLionProjects/hello/main.cpp,,14,17,Default task
2021-06-23T19:46:44.428+09:00,User,KeyEvent,105:73:0,hello,Editor,C:/Users/User/CLionProjects/hello/main.cpp,,14,18,Default task
2021-06-23T19:46:44.930+09:00,User,KeyEvent,65535:16:1,hello,Editor,C:/Users/User/CLionProjects/hello/main.cpp,,14,19,Default task
2021-06-23T19:46:44.970+09:00,User,KeyEvent,60:44:1,hello,Editor,C:/Users/User/CLionProjects/hello/main.cpp,,14,19,Default task
2021-06-23T19:46:45.170+09:00,User,KeyEvent,32:32:0,hello,Editor,C:/Users/User/CLionProjects/hello/main.cpp,,14,20,Default task
2021-06-23T19:46:45.426+09:00,User,KeyEvent,65535:20:0,hello,Editor,C:/Users/User/CLionProjects/hello/main.cpp,,14,21,Default task
2021-06-23T19:46:45.779+09:00,User,Action,EditorBackSpace,hello,Editor,C:/Users/User/CLionProjects/hello/main.cpp,,14,21,Default task
2021-06-23T19:46:45.780+09:00,User,KeyEvent,8:8:0,hello,Editor,C:/Users/User/CLionProjects/hello/main.cpp,,14,20,Default task
2021-06-23T19:46:45.883+09:00,User,KeyEvent,83:83:0,hello,Editor,C:/Users/User/CLionProjects/hello/main.cpp,,14,20,Default task
2021-06-23T19:46:45.979+09:00,User,KeyEvent,73:73:0,hello,Editor,C:/Users/User/CLionProjects/hello/main.cpp,,14,21,Default task
2021-06-23T19:46:46.098+09:00,User,KeyEvent,90:90:0,hello,Editor,C:/Users/User/CLionProjects/hello/main.cpp,,14,22,Default task
2021-06-23T19:46:46.139+09:00,User,KeyEvent,69:69:0,hello,Editor,C:/Users/User/CLionProjects/hello/main.cpp,,14,23,Default task
2021-06-23T19:46:46.787+09:00,User,KeyEvent,59:59:0,hello,Editor,C:/Users/User/CLionProjects/hello/main.cpp,,14,24,Default task
2021-06-23T19:46:46.899+09:00,User,KeyEvent,32:32:0,hello,Editor,C:/Users/User/CLionProjects/hello/main.cpp,,14,25,Default task
2021-06-23T19:46:47.004+09:00,User,KeyEvent,65535:20:0,hello,Editor,C:/Users/User/CLionProjects/hello/main.cpp,,14,26,Default task
2021-06-23T19:46:47.125+09:00,User,KeyEvent,105:73:0,hello,Editor,C:/Users/User/CLionProjects/hello/main.cpp,,14,26,Default task
2021-06-23T19:46:47.459+09:00,User,KeyEvent,65535:16:1,hello,Editor,C:/Users/User/CLionProjects/hello/main.cpp,,14,27,Default task
2021-06-23T19:46:47.539+09:00,User,KeyEvent,43:61:1,hello,Editor,C:/Users/User/CLionProjects/hello/main.cpp,,14,27,Default task
2021-06-23T19:46:47.962+09:00,User,KeyEvent,43:61:1,hello,Editor,C:/Users/User/CLionProjects/hello/main.cpp,,14,28,Default task
2021-06-23T19:46:48.212+09:00,User,KeyEvent,41:48:1,hello,Editor,C:/Users/User/CLionProjects/hello/main.cpp,,14,29,Default task
2021-06-23T19:46:48.779+09:00,User,Action,EditorEnter,hello,Editor,C:/Users/User/CLionProjects/hello/main.cpp,,14,30,Default task
2021-06-23T19:46:48.782+09:00,User,KeyEvent,10:10:0,hello,Editor,C:/Users/User/CLionProjects/hello/main.cpp,,15,8,Default task
2021-06-23T19:46:48.987+09:00,User,KeyEvent,65535:16:1,hello,Editor,C:/Users/User/CLionProjects/hello/main.cpp,,15,8,Default task
2021-06-23T19:46:49.193+09:00,User,KeyEvent,123:91:1,hello,Editor,C:/Users/User/CLionProjects/hello/main.cpp,,15,8,Default task
2021-06-23T19:46:49.371+09:00,User,Action,EditorEnter,hello,Editor,C:/Users/User/CLionProjects/hello/main.cpp,,15,5,Default task
2021-06-23T19:46:49.375+09:00,User,KeyEvent,10:10:0,hello,Editor,C:/Users/User/CLionProjects/hello/main.cpp,,16,8,Default task
2021-06-23T19:46:49.587+09:00,User,KeyEvent,65535:20:0,hello,Editor,C:/Users/User/CLionProjects/hello/main.cpp,,16,8,Default task
2021-06-23T19:46:49.866+09:00,User,KeyEvent,67:67:0,hello,Editor,C:/Users/User/CLionProjects/hello/main.cpp,,16,8,Default task
2021-06-23T19:46:50.011+09:00,User,KeyEvent,73:73:0,hello,Editor,C:/Users/User/CLionProjects/hello/main.cpp,,16,9,Default task
2021-06-23T19:46:50.097+09:00,User,KeyEvent,78:78:0,hello,Editor,C:/Users/User/CLionProjects/hello/main.cpp,,16,10,Default task
2021-06-23T19:46:50.531+09:00,User,Action,EditorBackSpace,hello,Editor,C:/Users/User/CLionProjects/hello/main.cpp,,16,11,Default task
2021-06-23T19:46:50.541+09:00,User,KeyEvent,8:8:0,hello,Editor,C:/Users/User/CLionProjects/hello/main.cpp,,16,10,Default task
2021-06-23T19:46:50.674+09:00,User,Action,EditorBackSpace,hello,Editor,C:/Users/User/CLionProjects/hello/main.cpp,,16,10,Default task
2021-06-23T19:46:50.682+09:00,User,KeyEvent,8:8:0,hello,Editor,C:/Users/User/CLionProjects/hello/main.cpp,,16,9,Default task
2021-06-23T19:46:50.802+09:00,User,Action,EditorBackSpace,hello,Editor,C:/Users/User/CLionProjects/hello/main.cpp,,16,9,Default task
2021-06-23T19:46:50.816+09:00,User,KeyEvent,8:8:0,hello,Editor,C:/Users/User/CLionProjects/hello/main.cpp,,16,8,Default task
2021-06-23T19:46:50.890+09:00,User,KeyEvent,65535:20:0,hello,Editor,C:/Users/User/CLionProjects/hello/main.cpp,,16,8,Default task
2021-06-23T19:46:51.098+09:00,User,KeyEvent,99:67:0,hello,Editor,C:/Users/User/CLionProjects/hello/main.cpp,,16,8,Default task
2021-06-23T19:46:51.216+09:00,User,KeyEvent,105:73:0,hello,Editor,C:/Users/User/CLionProjects/hello/main.cpp,,16,9,Default task
2021-06-23T19:46:51.328+09:00,User,KeyEvent,110:78:0,hello,Editor,C:/Users/User/CLionProjects/hello/main.cpp,,16,10,Default task
2021-06-23T19:46:51.474+09:00,User,KeyEvent,32:32:0,hello,Editor,C:/Users/User/CLionProjects/hello/main.cpp,,16,11,Default task
2021-06-23T19:46:51.650+09:00,User,KeyEvent,65535:16:1,hello,Editor,C:/Users/User/CLionProjects/hello/main.cpp,,16,12,Default task
2021-06-23T19:46:51.722+09:00,User,KeyEvent,62:46:1,hello,Editor,C:/Users/User/CLionProjects/hello/main.cpp,,16,12,Default task
2021-06-23T19:46:51.881+09:00,User,KeyEvent,62:46:1,hello,Editor,C:/Users/User/CLionProjects/hello/main.cpp,,16,13,Default task
2021-06-23T19:46:52.097+09:00,User,KeyEvent,32:32:0,hello,Editor,C:/Users/User/CLionProjects/hello/main.cpp,,16,14,Default task
2021-06-23T19:46:52.395+09:00,User,KeyEvent,110:78:0,hello,Editor,C:/Users/User/CLionProjects/hello/main.cpp,,16,15,Default task
2021-06-23T19:46:52.533+09:00,User,KeyEvent,117:85:0,hello,Editor,C:/Users/User/CLionProjects/hello/main.cpp,,16,16,Default task
2021-06-23T19:46:52.722+09:00,User,KeyEvent,109:77:0,hello,Editor,C:/Users/User/CLionProjects/hello/main.cpp,,16,17,Default task
2021-06-23T19:46:54.939+09:00,User,KeyEvent,59:59:0,hello,Editor,C:/Users/User/CLionProjects/hello/main.cpp,,16,18,Default task
2021-06-23T19:46:55.091+09:00,User,Action,EditorEnter,hello,Editor,C:/Users/User/CLionProjects/hello/main.cpp,,16,19,Default task
2021-06-23T19:46:55.094+09:00,User,KeyEvent,10:10:0,hello,Editor,C:/Users/User/CLionProjects/hello/main.cpp,,17,8,Default task
2021-06-23T19:46:56.130+09:00,User,KeyEvent,118:86:0,hello,Editor,C:/Users/User/CLionProjects/hello/main.cpp,,17,8,Default task
2021-06-23T19:46:56.250+09:00,User,KeyEvent,101:69:0,hello,Editor,C:/Users/User/CLionProjects/hello/main.cpp,,17,9,Default task
2021-06-23T19:46:56.795+09:00,User,KeyEvent,99:67:0,hello,Editor,C:/Users/User/CLionProjects/hello/main.cpp,,17,10,Default task
2021-06-23T19:46:57.147+09:00,User,KeyEvent,46:46:0,hello,Editor,C:/Users/User/CLionProjects/hello/main.cpp,,17,11,Default task
2021-06-23T19:46:57.322+09:00,User,KeyEvent,112:80:0,hello,Editor,C:/Users/User/CLionProjects/hello/main.cpp,,17,12,Default task
2021-06-23T19:46:57.498+09:00,User,KeyEvent,117:85:0,hello,Editor,C:/Users/User/CLionProjects/hello/main.cpp,,17,13,Default task
2021-06-23T19:46:57.666+09:00,User,KeyEvent,115:83:0,hello,Editor,C:/Users/User/CLionProjects/hello/main.cpp,,17,14,Default task
2021-06-23T19:46:57.770+09:00,User,KeyEvent,104:72:0,hello,Editor,C:/Users/User/CLionProjects/hello/main.cpp,,17,15,Default task
2021-06-23T19:46:58.730+09:00,User,Action,EditorChooseLookupItem,hello,Editor,C:/Users/User/CLionProjects/hello/main.cpp,,17,16,Default task
2021-06-23T19:46:58.743+09:00,User,KeyEvent,10:10:0,hello,Editor,C:/Users/User/CLionProjects/hello/main.cpp,,17,22,Default task
2021-06-23T19:46:59.939+09:00,User,KeyEvent,110:78:0,hello,Editor,C:/Users/User/CLionProjects/hello/main.cpp,,17,22,Default task
2021-06-23T19:47:00.025+09:00,User,KeyEvent,117:85:0,hello,Editor,C:/Users/User/CLionProjects/hello/main.cpp,,17,23,Default task
2021-06-23T19:47:00.218+09:00,User,KeyEvent,109:77:0,hello,Editor,C:/Users/User/CLionProjects/hello/main.cpp,,17,24,Default task
2021-06-23T19:47:00.498+09:00,User,KeyEvent,65535:16:1,hello,Editor,C:/Users/User/CLionProjects/hello/main.cpp,,17,25,Default task
2021-06-23T19:47:00.578+09:00,User,KeyEvent,41:48:1,hello,Editor,C:/Users/User/CLionProjects/hello/main.cpp,,17,25,Default task
2021-06-23T19:47:00.906+09:00,User,KeyEvent,59:59:0,hello,Editor,C:/Users/User/CLionProjects/hello/main.cpp,,17,26,Default task
2021-06-23T19:47:01.115+09:00,User,Action,EditorEnter,hello,Editor,C:/Users/User/CLionProjects/hello/main.cpp,,17,27,Default task
2021-06-23T19:47:01.116+09:00,User,KeyEvent,10:10:0,hello,Editor,C:/Users/User/CLionProjects/hello/main.cpp,,18,8,Default task
2021-06-23T19:47:01.450+09:00,User,Action,EditorBackSpace,hello,Editor,C:/Users/User/CLionProjects/hello/main.cpp,,18,8,Default task
2021-06-23T19:47:01.466+09:00,User,KeyEvent,8:8:0,hello,Editor,C:/Users/User/CLionProjects/hello/main.cpp,,17,27,Default task
2021-06-23T19:47:01.610+09:00,User,Action,EditorBackSpace,hello,Editor,C:/Users/User/CLionProjects/hello/main.cpp,,17,27,Default task
2021-06-23T19:47:01.611+09:00,User,KeyEvent,8:8:0,hello,Editor,C:/Users/User/CLionProjects/hello/main.cpp,,17,26,Default task
2021-06-23T19:47:02.675+09:00,User,KeyEvent,59:59:0,hello,Editor,C:/Users/User/CLionProjects/hello/main.cpp,,17,26,Default task
2021-06-23T19:47:03.210+09:00,User,Action,EditorDown,hello,Editor,C:/Users/User/CLionProjects/hello/main.cpp,,17,27,Default task
2021-06-23T19:47:03.211+09:00,User,KeyEvent,65535:40:0,hello,Editor,C:/Users/User/CLionProjects/hello/main.cpp,,18,5,Default task
2021-06-23T19:47:03.658+09:00,User,Action,EditorEnter,hello,Editor,C:/Users/User/CLionProjects/hello/main.cpp,,18,5,Default task
2021-06-23T19:47:03.660+09:00,User,KeyEvent,10:10:0,hello,Editor,C:/Users/User/CLionProjects/hello/main.cpp,,19,4,Default task
2021-06-23T19:47:04.219+09:00,User,KeyEvent,99:67:0,hello,Editor,C:/Users/User/CLionProjects/hello/main.cpp,,19,4,Default task
2021-06-23T19:47:04.274+09:00,User,KeyEvent,111:79:0,hello,Editor,C:/Users/User/CLionProjects/hello/main.cpp,,19,5,Default task
2021-06-23T19:47:04.425+09:00,User,KeyEvent,117:85:0,hello,Editor,C:/Users/User/CLionProjects/hello/main.cpp,,19,6,Default task
2021-06-23T19:47:04.570+09:00,User,KeyEvent,116:84:0,hello,Editor,C:/Users/User/CLionProjects/hello/main.cpp,,19,7,Default task
2021-06-23T19:47:04.746+09:00,User,KeyEvent,65535:16:1,hello,Editor,C:/Users/User/CLionProjects/hello/main.cpp,,19,8,Default task
2021-06-23T19:47:04.817+09:00,User,KeyEvent,60:44:1,hello,Editor,C:/Users/User/CLionProjects/hello/main.cpp,,19,8,Default task
2021-06-23T19:47:04.987+09:00,User,KeyEvent,60:44:1,hello,Editor,C:/Users/User/CLionProjects/hello/main.cpp,,19,9,Default task
2021-06-23T19:47:05.834+09:00,User,KeyEvent,32:32:0,hello,Editor,C:/Users/User/CLionProjects/hello/main.cpp,,19,10,Default task
2021-06-23T19:47:06.531+09:00,User,KeyEvent,65535:16:1,hello,Editor,C:/Users/User/CLionProjects/hello/main.cpp,,19,11,Default task
2021-06-23T19:47:06.947+09:00,User,KeyEvent,42:56:1,hello,Editor,C:/Users/User/CLionProjects/hello/main.cpp,,19,11,Default task
2021-06-23T19:47:07.739+09:00,User,KeyEvent,115:83:0,hello,Editor,C:/Users/User/CLionProjects/hello/main.cpp,,19,12,Default task
2021-06-23T19:47:07.857+09:00,User,KeyEvent,116:84:0,hello,Editor,C:/Users/User/CLionProjects/hello/main.cpp,,19,13,Default task
2021-06-23T19:47:08.036+09:00,User,KeyEvent,100:68:0,hello,Editor,C:/Users/User/CLionProjects/hello/main.cpp,,19,14,Default task
2021-06-23T19:47:08.290+09:00,User,KeyEvent,65535:16:1,hello,Editor,C:/Users/User/CLionProjects/hello/main.cpp,,19,15,Default task
2021-06-23T19:47:08.451+09:00,User,KeyEvent,58:59:1,hello,Editor,C:/Users/User/CLionProjects/hello/main.cpp,,19,15,Default task
2021-06-23T19:47:08.596+09:00,User,KeyEvent,58:59:1,hello,Editor,C:/Users/User/CLionProjects/hello/main.cpp,,19,16,Default task
2021-06-23T19:47:08.931+09:00,User,KeyEvent,109:77:0,hello,Editor,C:/Users/User/CLionProjects/hello/main.cpp,,19,17,Default task
2021-06-23T19:47:09.018+09:00,User,KeyEvent,105:73:0,hello,Editor,C:/Users/User/CLionProjects/hello/main.cpp,,19,18,Default task
2021-06-23T19:47:09.162+09:00,User,KeyEvent,110:78:0,hello,Editor,C:/Users/User/CLionProjects/hello/main.cpp,,19,19,Default task
2021-06-23T19:47:09.506+09:00,User,KeyEvent,65535:16:1,hello,Editor,C:/Users/User/CLionProjects/hello/main.cpp,,19,20,Default task
2021-06-23T19:47:09.785+09:00,User,KeyEvent,95:45:1,hello,Editor,C:/Users/User/CLionProjects/hello/main.cpp,,19,20,Default task
2021-06-23T19:47:10.058+09:00,User,KeyEvent,101:69:0,hello,Editor,C:/Users/User/CLionProjects/hello/main.cpp,,19,21,Default task
2021-06-23T19:47:10.107+09:00,User,KeyEvent,108:76:0,hello,Editor,C:/Users/User/CLionProjects/hello/main.cpp,,19,22,Default task
2021-06-23T19:47:10.755+09:00,User,Action,EditorChooseLookupItem,hello,Editor,C:/Users/User/CLionProjects/hello/main.cpp,,19,23,Default task
2021-06-23T19:47:10.774+09:00,User,KeyEvent,10:10:0,hello,Editor,C:/Users/User/CLionProjects/hello/main.cpp,,19,29,Default task
2021-06-23T19:47:11.898+09:00,User,KeyEvent,118:86:0,hello,Editor,C:/Users/User/CLionProjects/hello/main.cpp,,19,29,Default task
2021-06-23T19:47:12.045+09:00,User,KeyEvent,101:69:0,hello,Editor,C:/Users/User/CLionProjects/hello/main.cpp,,19,30,Default task
2021-06-23T19:47:12.270+09:00,User,KeyEvent,99:67:0,hello,Editor,C:/Users/User/CLionProjects/hello/main.cpp,,19,31,Default task
2021-06-23T19:47:12.452+09:00,User,KeyEvent,46:46:0,hello,Editor,C:/Users/User/CLionProjects/hello/main.cpp,,19,32,Default task
2021-06-23T19:47:13.284+09:00,User,KeyEvent,98:66:0,hello,Editor,C:/Users/User/CLionProjects/hello/main.cpp,,19,33,Default task
2021-06-23T19:47:13.419+09:00,User,KeyEvent,101:69:0,hello,Editor,C:/Users/User/CLionProjects/hello/main.cpp,,19,34,Default task
2021-06-23T19:47:14.450+09:00,User,Action,EditorChooseLookupItem,hello,Editor,C:/Users/User/CLionProjects/hello/main.cpp,,19,35,Default task
2021-06-23T19:47:14.552+09:00,User,KeyEvent,10:10:0,hello,Editor,C:/Users/User/CLionProjects/hello/main.cpp,,19,40,Default task
2021-06-23T19:47:16.122+09:00,User,KeyEvent,44:44:0,hello,Editor,C:/Users/User/CLionProjects/hello/main.cpp,,19,40,Default task
2021-06-23T19:47:16.474+09:00,User,KeyEvent,118:86:0,hello,Editor,C:/Users/User/CLionProjects/hello/main.cpp,,19,41,Default task
2021-06-23T19:47:16.640+09:00,User,KeyEvent,101:69:0,hello,Editor,C:/Users/User/CLionProjects/hello/main.cpp,,19,42,Default task
2021-06-23T19:47:18.707+09:00,User,KeyEvent,99:67:0,hello,Editor,C:/Users/User/CLionProjects/hello/main.cpp,,19,43,Default task
2021-06-23T19:47:18.890+09:00,User,KeyEvent,46:46:0,hello,Editor,C:/Users/User/CLionProjects/hello/main.cpp,,19,44,Default task
2021-06-23T19:47:19.778+09:00,User,KeyEvent,101:69:0,hello,Editor,C:/Users/User/CLionProjects/hello/main.cpp,,19,45,Default task
2021-06-23T19:47:19.923+09:00,User,KeyEvent,110:78:0,hello,Editor,C:/Users/User/CLionProjects/hello/main.cpp,,19,46,Default task
2021-06-23T19:47:20.081+09:00,User,KeyEvent,100:68:0,hello,Editor,C:/Users/User/CLionProjects/hello/main.cpp,,19,47,Default task
2021-06-23T19:47:20.546+09:00,User,Action,EditorChooseLookupItem,hello,Editor,C:/Users/User/CLionProjects/hello/main.cpp,,19,48,Default task
2021-06-23T19:47:20.616+09:00,User,KeyEvent,10:10:0,hello,Editor,C:/Users/User/CLionProjects/hello/main.cpp,,19,50,Default task
2021-06-23T19:47:22.146+09:00,User,KeyEvent,65535:16:1,hello,Editor,C:/Users/User/CLionProjects/hello/main.cpp,,19,50,Default task
2021-06-23T19:47:22.371+09:00,User,KeyEvent,41:48:1,hello,Editor,C:/Users/User/CLionProjects/hello/main.cpp,,19,50,Default task
2021-06-23T19:47:23.059+09:00,User,KeyEvent,65535:16:1,hello,Editor,C:/Users/User/CLionProjects/hello/main.cpp,,19,51,Default task
2021-06-23T19:47:23.818+09:00,User,KeyEvent,65535:16:1,hello,Editor,C:/Users/User/CLionProjects/hello/main.cpp,,19,51,Default task
2021-06-23T19:47:24.139+09:00,User,KeyEvent,60:44:1,hello,Editor,C:/Users/User/CLionProjects/hello/main.cpp,,19,51,Default task
2021-06-23T19:47:24.257+09:00,User,KeyEvent,60:44:1,hello,Editor,C:/Users/User/CLionProjects/hello/main.cpp,,19,52,Default task
2021-06-23T19:47:24.666+09:00,User,KeyEvent,32:32:0,hello,Editor,C:/Users/User/CLionProjects/hello/main.cpp,,19,53,Default task
2021-06-23T19:47:24.859+09:00,User,KeyEvent,65535:16:1,hello,Editor,C:/Users/User/CLionProjects/hello/main.cpp,,19,54,Default task
2021-06-23T19:47:24.946+09:00,User,KeyEvent,34:222:1,hello,Editor,C:/Users/User/CLionProjects/hello/main.cpp,,19,54,Default task
2021-06-23T19:47:25.092+09:00,User,KeyEvent,32:32:0,hello,Editor,C:/Users/User/CLionProjects/hello/main.cpp,,19,55,Default task
2021-06-23T19:47:26.163+09:00,User,KeyEvent,65535:16:1,hello,Editor,C:/Users/User/CLionProjects/hello/main.cpp,,19,56,Default task
2021-06-23T19:47:26.306+09:00,User,KeyEvent,34:222:1,hello,Editor,C:/Users/User/CLionProjects/hello/main.cpp,,19,56,Default task
2021-06-23T19:47:27.139+09:00,User,KeyEvent,65535:16:1,hello,Editor,C:/Users/User/CLionProjects/hello/main.cpp,,19,57,Default task
2021-06-23T19:47:27.482+09:00,User,KeyEvent,60:44:1,hello,Editor,C:/Users/User/CLionProjects/hello/main.cpp,,19,57,Default task
2021-06-23T19:47:27.627+09:00,User,KeyEvent,60:44:1,hello,Editor,C:/Users/User/CLionProjects/hello/main.cpp,,19,58,Default task
2021-06-23T19:47:28.065+09:00,User,KeyEvent,115:83:0,hello,Editor,C:/Users/User/CLionProjects/hello/main.cpp,,19,59,Default task
2021-06-23T19:47:28.178+09:00,User,KeyEvent,116:84:0,hello,Editor,C:/Users/User/CLionProjects/hello/main.cpp,,19,60,Default task
2021-06-23T19:47:28.378+09:00,User,KeyEvent,100:68:0,hello,Editor,C:/Users/User/CLionProjects/hello/main.cpp,,19,61,Default task
2021-06-23T19:47:28.658+09:00,User,KeyEvent,65535:16:1,hello,Editor,C:/Users/User/CLionProjects/hello/main.cpp,,19,62,Default task
2021-06-23T19:47:28.714+09:00,User,KeyEvent,58:59:1,hello,Editor,C:/Users/User/CLionProjects/hello/main.cpp,,19,62,Default task
2021-06-23T19:47:28.882+09:00,User,KeyEvent,58:59:1,hello,Editor,C:/Users/User/CLionProjects/hello/main.cpp,,19,63,Default task
2021-06-23T19:47:29.130+09:00,User,KeyEvent,109:77:0,hello,Editor,C:/Users/User/CLionProjects/hello/main.cpp,,19,64,Default task
2021-06-23T19:47:29.218+09:00,User,KeyEvent,97:65:0,hello,Editor,C:/Users/User/CLionProjects/hello/main.cpp,,19,65,Default task
2021-06-23T19:47:29.393+09:00,User,KeyEvent,120:88:0,hello,Editor,C:/Users/User/CLionProjects/hello/main.cpp,,19,66,Default task
2021-06-23T19:47:30.451+09:00,User,Action,EditorChooseLookupItem,hello,Editor,C:/Users/User/CLionProjects/hello/main.cpp,,19,67,Default task
2021-06-23T19:47:30.467+09:00,User,KeyEvent,10:10:0,hello,Editor,C:/Users/User/CLionProjects/hello/main.cpp,,19,67,Default task
2021-06-23T19:47:31.060+09:00,User,KeyEvent,65535:16:1,hello,Editor,C:/Users/User/CLionProjects/hello/main.cpp,,19,67,Default task
2021-06-23T19:47:31.171+09:00,User,KeyEvent,95:45:1,hello,Editor,C:/Users/User/CLionProjects/hello/main.cpp,,19,67,Default task
2021-06-23T19:47:31.483+09:00,User,KeyEvent,101:69:0,hello,Editor,C:/Users/User/CLionProjects/hello/main.cpp,,19,68,Default task
2021-06-23T19:47:31.538+09:00,User,KeyEvent,108:76:0,hello,Editor,C:/Users/User/CLionProjects/hello/main.cpp,,19,69,Default task
2021-06-23T19:47:31.674+09:00,User,KeyEvent,101:69:0,hello,Editor,C:/Users/User/CLionProjects/hello/main.cpp,,19,70,Default task
2021-06-23T19:47:31.754+09:00,User,KeyEvent,109:77:0,hello,Editor,C:/Users/User/CLionProjects/hello/main.cpp,,19,71,Default task
2021-06-23T19:47:32.099+09:00,User,Action,EditorChooseLookupItem,hello,Editor,C:/Users/User/CLionProjects/hello/main.cpp,,19,72,Default task
2021-06-23T19:47:32.110+09:00,User,KeyEvent,10:10:0,hello,Editor,C:/Users/User/CLionProjects/hello/main.cpp,,19,75,Default task
2021-06-23T19:47:34.683+09:00,User,KeyEvent,118:86:0,hello,Editor,C:/Users/User/CLionProjects/hello/main.cpp,,19,75,Default task
2021-06-23T19:47:34.801+09:00,User,KeyEvent,101:69:0,hello,Editor,C:/Users/User/CLionProjects/hello/main.cpp,,19,76,Default task
2021-06-23T19:47:35.034+09:00,User,KeyEvent,99:67:0,hello,Editor,C:/Users/User/CLionProjects/hello/main.cpp,,19,77,Default task
2021-06-23T19:47:36.017+09:00,User,KeyEvent,65535:16:1,hello,Editor,C:/Users/User/CLionProjects/hello/main.cpp,,19,78,Default task
2021-06-23T19:47:36.739+09:00,User,KeyEvent,46:46:0,hello,Editor,C:/Users/User/CLionProjects/hello/main.cpp,,19,78,Default task
2021-06-23T19:47:36.930+09:00,User,KeyEvent,98:66:0,hello,Editor,C:/Users/User/CLionProjects/hello/main.cpp,,19,79,Default task
2021-06-23T19:47:37.515+09:00,User,KeyEvent,101:69:0,hello,Editor,C:/Users/User/CLionProjects/hello/main.cpp,,19,80,Default task
2021-06-23T19:47:37.834+09:00,User,KeyEvent,103:71:0,hello,Editor,C:/Users/User/CLionProjects/hello/main.cpp,,19,81,Default task
2021-06-23T19:47:37.946+09:00,User,KeyEvent,105:73:0,hello,Editor,C:/Users/User/CLionProjects/hello/main.cpp,,19,82,Default task
2021-06-23T19:47:38.050+09:00,User,KeyEvent,110:78:0,hello,Editor,C:/Users/User/CLionProjects/hello/main.cpp,,19,83,Default task
2021-06-23T19:47:38.994+09:00,User,Action,EditorBackSpace,hello,Editor,C:/Users/User/CLionProjects/hello/main.cpp,,19,84,Default task
2021-06-23T19:47:38.996+09:00,User,KeyEvent,8:8:0,hello,Editor,C:/Users/User/CLionProjects/hello/main.cpp,,19,83,Default task
2021-06-23T19:47:39.129+09:00,User,Action,EditorBackSpace,hello,Editor,C:/Users/User/CLionProjects/hello/main.cpp,,19,83,Default task
2021-06-23T19:47:39.139+09:00,User,KeyEvent,8:8:0,hello,Editor,C:/Users/User/CLionProjects/hello/main.cpp,,19,82,Default task
2021-06-23T19:47:39.282+09:00,User,Action,EditorBackSpace,hello,Editor,C:/Users/User/CLionProjects/hello/main.cpp,,19,82,Default task
2021-06-23T19:47:39.289+09:00,User,KeyEvent,8:8:0,hello,Editor,C:/Users/User/CLionProjects/hello/main.cpp,,19,81,Default task
2021-06-23T19:47:39.394+09:00,User,Action,EditorBackSpace,hello,Editor,C:/Users/User/CLionProjects/hello/main.cpp,,19,81,Default task
2021-06-23T19:47:39.409+09:00,User,KeyEvent,8:8:0,hello,Editor,C:/Users/User/CLionProjects/hello/main.cpp,,19,80,Default task
2021-06-23T19:47:39.619+09:00,User,Action,EditorBackSpace,hello,Editor,C:/Users/User/CLionProjects/hello/main.cpp,,19,80,Default task
2021-06-23T19:47:39.622+09:00,User,KeyEvent,8:8:0,hello,Editor,C:/Users/User/CLionProjects/hello/main.cpp,,19,79,Default task
2021-06-23T19:47:39.732+09:00,User,Action,EditorBackSpace,hello,Editor,C:/Users/User/CLionProjects/hello/main.cpp,,19,79,Default task
2021-06-23T19:47:39.736+09:00,User,KeyEvent,8:8:0,hello,Editor,C:/Users/User/CLionProjects/hello/main.cpp,,19,78,Default task
2021-06-23T19:47:40.259+09:00,User,KeyEvent,65535:16:1,hello,Editor,C:/Users/User/CLionProjects/hello/main.cpp,,19,78,Default task
2021-06-23T19:47:40.403+09:00,User,KeyEvent,40:57:1,hello,Editor,C:/Users/User/CLionProjects/hello/main.cpp,,19,78,Default task
2021-06-23T19:47:40.850+09:00,User,Action,EditorBackSpace,hello,Editor,C:/Users/User/CLionProjects/hello/main.cpp,,19,79,Default task
2021-06-23T19:47:40.852+09:00,User,KeyEvent,8:8:0,hello,Editor,C:/Users/User/CLionProjects/hello/main.cpp,,19,78,Default task
2021-06-23T19:47:40.961+09:00,User,Action,EditorBackSpace,hello,Editor,C:/Users/User/CLionProjects/hello/main.cpp,,19,78,Default task
2021-06-23T19:47:40.965+09:00,User,KeyEvent,8:8:0,hello,Editor,C:/Users/User/CLionProjects/hello/main.cpp,,19,77,Default task
2021-06-23T19:47:41.746+09:00,User,Action,EditorBackSpace,hello,Editor,C:/Users/User/CLionProjects/hello/main.cpp,,19,77,Default task
2021-06-23T19:47:41.747+09:00,User,KeyEvent,8:8:0,hello,Editor,C:/Users/User/CLionProjects/hello/main.cpp,,19,76,Default task
2021-06-23T19:47:42.514+09:00,User,Action,EditorBackSpace,hello,Editor,C:/Users/User/CLionProjects/hello/main.cpp,,19,76,Default task
2021-06-23T19:47:42.516+09:00,User,KeyEvent,8:8:0,hello,Editor,C:/Users/User/CLionProjects/hello/main.cpp,,19,75,Default task
2021-06-23T19:47:43.274+09:00,User,KeyEvent,65535:16:1,hello,Editor,C:/Users/User/CLionProjects/hello/main.cpp,,19,75,Default task
2021-06-23T19:47:43.418+09:00,User,KeyEvent,40:57:1,hello,Editor,C:/Users/User/CLionProjects/hello/main.cpp,,19,75,Default task
2021-06-23T19:47:43.794+09:00,User,KeyEvent,118:86:0,hello,Editor,C:/Users/User/CLionProjects/hello/main.cpp,,19,76,Default task
2021-06-23T19:47:43.927+09:00,User,KeyEvent,101:69:0,hello,Editor,C:/Users/User/CLionProjects/hello/main.cpp,,19,77,Default task
2021-06-23T19:47:44.282+09:00,User,KeyEvent,99:67:0,hello,Editor,C:/Users/User/CLionProjects/hello/main.cpp,,19,78,Default task
2021-06-23T19:47:44.466+09:00,User,KeyEvent,46:46:0,hello,Editor,C:/Users/User/CLionProjects/hello/main.cpp,,19,79,Default task
2021-06-23T19:47:45.034+09:00,User,KeyEvent,98:66:0,hello,Editor,C:/Users/User/CLionProjects/hello/main.cpp,,19,80,Default task
2021-06-23T19:47:45.546+09:00,User,KeyEvent,101:69:0,hello,Editor,C:/Users/User/CLionProjects/hello/main.cpp,,19,81,Default task
2021-06-23T19:47:46.098+09:00,User,Action,EditorChooseLookupItem,hello,Editor,C:/Users/User/CLionProjects/hello/main.cpp,,19,82,Default task
2021-06-23T19:47:46.122+09:00,User,KeyEvent,10:10:0,hello,Editor,C:/Users/User/CLionProjects/hello/main.cpp,,19,87,Default task
2021-06-23T19:47:46.850+09:00,User,KeyEvent,44:44:0,hello,Editor,C:/Users/User/CLionProjects/hello/main.cpp,,19,87,Default task
2021-06-23T19:47:47.042+09:00,User,KeyEvent,32:32:0,hello,Editor,C:/Users/User/CLionProjects/hello/main.cpp,,19,88,Default task
2021-06-23T19:47:47.595+09:00,User,KeyEvent,118:86:0,hello,Editor,C:/Users/User/CLionProjects/hello/main.cpp,,19,89,Default task
2021-06-23T19:47:47.706+09:00,User,KeyEvent,101:69:0,hello,Editor,C:/Users/User/CLionProjects/hello/main.cpp,,19,90,Default task
2021-06-23T19:47:47.905+09:00,User,KeyEvent,99:67:0,hello,Editor,C:/Users/User/CLionProjects/hello/main.cpp,,19,91,Default task
2021-06-23T19:47:48.297+09:00,User,KeyEvent,46:46:0,hello,Editor,C:/Users/User/CLionProjects/hello/main.cpp,,19,92,Default task
2021-06-23T19:47:48.530+09:00,User,KeyEvent,101:69:0,hello,Editor,C:/Users/User/CLionProjects/hello/main.cpp,,19,93,Default task
2021-06-23T19:47:48.658+09:00,User,KeyEvent,110:78:0,hello,Editor,C:/Users/User/CLionProjects/hello/main.cpp,,19,94,Default task
2021-06-23T19:47:49.202+09:00,User,Action,EditorChooseLookupItem,hello,Editor,C:/Users/User/CLionProjects/hello/main.cpp,,19,95,Default task
2021-06-23T19:47:49.216+09:00,User,KeyEvent,10:10:0,hello,Editor,C:/Users/User/CLionProjects/hello/main.cpp,,19,98,Default task
2021-06-23T19:47:49.714+09:00,User,KeyEvent,65535:16:1,hello,Editor,C:/Users/User/CLionProjects/hello/main.cpp,,19,98,Default task
2021-06-23T19:47:49.890+09:00,User,KeyEvent,41:48:1,hello,Editor,C:/Users/User/CLionProjects/hello/main.cpp,,19,98,Default task
2021-06-23T19:47:51.739+09:00,User,KeyEvent,59:59:0,hello,Editor,C:/Users/User/CLionProjects/hello/main.cpp,,19,99,Default task
2021-06-23T19:48:04.282+09:00,User,KeyEvent,42:106:0,hello,Editor,C:/Users/User/CLionProjects/hello/main.cpp,,19,59,Default task
2021-06-23T19:48:05.826+09:00,User,KeyEvent,32:32:0,hello,Editor,C:/Users/User/CLionProjects/hello/main.cpp,,19,60,Default task
2021-06-23T19:48:06.851+09:00,User,Action,EditorBackSpace,hello,Editor,C:/Users/User/CLionProjects/hello/main.cpp,,19,61,Default task
2021-06-23T19:48:06.853+09:00,User,KeyEvent,8:8:0,hello,Editor,C:/Users/User/CLionProjects/hello/main.cpp,,19,60,Default task
2021-06-23T19:48:07.355+09:00,User,Action,EditorLeft,hello,Editor,C:/Users/User/CLionProjects/hello/main.cpp,,19,60,Default task
2021-06-23T19:48:07.355+09:00,User,KeyEvent,65535:37:0,hello,Editor,C:/Users/User/CLionProjects/hello/main.cpp,,19,59,Default task
2021-06-23T19:48:07.490+09:00,User,KeyEvent,32:32:0,hello,Editor,C:/Users/User/CLionProjects/hello/main.cpp,,19,59,Default task
2021-06-23T19:48:11.238+09:00,User,Action,EditorTab,hello,Editor,C:/Users/User/CLionProjects/hello/main.cpp,,20,0,Default task
2021-06-23T19:48:11.243+09:00,User,KeyEvent,9:9:0,hello,Editor,C:/Users/User/CLionProjects/hello/main.cpp,,20,4,Default task
2021-06-23T19:48:11.714+09:00,User,KeyEvent,114:82:0,hello,Editor,C:/Users/User/CLionProjects/hello/main.cpp,,20,4,Default task
2021-06-23T19:48:11.794+09:00,User,KeyEvent,101:69:0,hello,Editor,C:/Users/User/CLionProjects/hello/main.cpp,,20,5,Default task
2021-06-23T19:48:11.882+09:00,User,KeyEvent,116:84:0,hello,Editor,C:/Users/User/CLionProjects/hello/main.cpp,,20,6,Default task
2021-06-23T19:48:11.977+09:00,User,KeyEvent,117:85:0,hello,Editor,C:/Users/User/CLionProjects/hello/main.cpp,,20,7,Default task
2021-06-23T19:48:12.066+09:00,User,KeyEvent,114:82:0,hello,Editor,C:/Users/User/CLionProjects/hello/main.cpp,,20,8,Default task
2021-06-23T19:48:12.146+09:00,User,KeyEvent,110:78:0,hello,Editor,C:/Users/User/CLionProjects/hello/main.cpp,,20,9,Default task
2021-06-23T19:48:12.253+09:00,User,KeyEvent,32:32:0,hello,Editor,C:/Users/User/CLionProjects/hello/main.cpp,,20,10,Default task
2021-06-23T19:48:12.369+09:00,User,KeyEvent,48:48:0,hello,Editor,C:/Users/User/CLionProjects/hello/main.cpp,,20,11,Default task
2021-06-23T19:48:12.643+09:00,User,KeyEvent,59:59:0,hello,Editor,C:/Users/User/CLionProjects/hello/main.cpp,,20,12,Default task
2021-06-23T19:48:12.884+09:00,User,KeyEvent,65535:17:2,hello,Editor,C:/Users/User/CLionProjects/hello/main.cpp,,20,13,Default task
2021-06-23T19:48:13.034+09:00,User,Action,SaveAll,hello,Editor,C:/Users/User/CLionProjects/hello/main.cpp,,20,13,Default task
2021-06-23T19:48:13.051+09:00,User,KeyEvent,19:83:2,hello,Editor,C:/Users/User/CLionProjects/hello/main.cpp,,20,13,Default task
2021-06-23T19:48:14.845+09:00,User,Action,Run,hello,Editor,C:/Users/User/CLionProjects/hello/main.cpp,,20,13,Default task
2021-06-23T19:48:26.547+09:00,User,KeyEvent,53:101:0,hello,Editor,C:/Users/User/CLionProjects/hello/main.cpp,,20,13,Default task
2021-06-23T19:48:26.892+09:00,User,KeyEvent,10:10:0,hello,Editor,C:/Users/User/CLionProjects/hello/main.cpp,,20,13,Default task
2021-06-23T19:48:27.322+09:00,User,KeyEvent,50:98:0,hello,Editor,C:/Users/User/CLionProjects/hello/main.cpp,,20,13,Default task
2021-06-23T19:48:27.482+09:00,User,KeyEvent,48:96:0,hello,Editor,C:/Users/User/CLionProjects/hello/main.cpp,,20,13,Default task
2021-06-23T19:48:27.627+09:00,User,KeyEvent,32:32:0,hello,Editor,C:/Users/User/CLionProjects/hello/main.cpp,,20,13,Default task
2021-06-23T19:48:27.714+09:00,User,KeyEvent,49:97:0,hello,Editor,C:/Users/User/CLionProjects/hello/main.cpp,,20,13,Default task
2021-06-23T19:48:27.906+09:00,User,KeyEvent,48:96:0,hello,Editor,C:/Users/User/CLionProjects/hello/main.cpp,,20,13,Default task
2021-06-23T19:48:28.075+09:00,User,KeyEvent,32:32:0,hello,Editor,C:/Users/User/CLionProjects/hello/main.cpp,,20,13,Default task
2021-06-23T19:48:28.188+09:00,User,KeyEvent,51:99:0,hello,Editor,C:/Users/User/CLionProjects/hello/main.cpp,,20,13,Default task
2021-06-23T19:48:28.339+09:00,User,KeyEvent,53:101:0,hello,Editor,C:/Users/User/CLionProjects/hello/main.cpp,,20,13,Default task
2021-06-23T19:48:28.507+09:00,User,KeyEvent,32:32:0,hello,Editor,C:/Users/User/CLionProjects/hello/main.cpp,,20,13,Default task
2021-06-23T19:48:29.051+09:00,User,KeyEvent,51:99:0,hello,Editor,C:/Users/User/CLionProjects/hello/main.cpp,,20,13,Default task
2021-06-23T19:48:29.234+09:00,User,KeyEvent,48:96:0,hello,Editor,C:/Users/User/CLionProjects/hello/main.cpp,,20,13,Default task
2021-06-23T19:48:29.428+09:00,User,KeyEvent,32:32:0,hello,Editor,C:/Users/User/CLionProjects/hello/main.cpp,,20,13,Default task
2021-06-23T19:48:29.587+09:00,User,KeyEvent,55:103:0,hello,Editor,C:/Users/User/CLionProjects/hello/main.cpp,,20,13,Default task
2021-06-23T19:48:29.844+09:00,User,KeyEvent,10:10:0,hello,Editor,C:/Users/User/CLionProjects/hello/main.cpp,,20,13,Default task
2021-06-23T19:49:37.438+09:00,User,KeyEvent,65535:17:2,hello,Editor,C:/Users/User/CLionProjects/hello/main.cpp,,12,20,Default task
2021-06-23T19:49:37.603+09:00,User,Action,SaveAll,hello,Editor,C:/Users/User/CLionProjects/hello/main.cpp,,12,20,Default task
2021-06-23T19:49:37.604+09:00,User,KeyEvent,19:83:2,hello,Editor,C:/Users/User/CLionProjects/hello/main.cpp,,12,20,Default task
