2021-06-24T20:37:51.725+09:00,User,Action,Clear Tracking Log,,,,,-1,-1,
2021-06-24T20:37:56.294+09:00,User,Action,EditorEnter,hello,Editor,C:/Users/User/CLionProjects/hello/main.cpp,,0,19,Default task
2021-06-24T20:37:56.301+09:00,User,KeyEvent,10:10:0,hello,Editor,C:/Users/User/CLionProjects/hello/main.cpp,,1,0,Default task
2021-06-24T20:37:56.566+09:00,User,KeyEvent,65535:16:1,hello,Editor,C:/Users/User/CLionProjects/hello/main.cpp,,1,0,Default task
2021-06-24T20:37:56.902+09:00,User,KeyEvent,35:51:1,hello,Editor,C:/Users/User/CLionProjects/hello/main.cpp,,1,0,Default task
2021-06-24T20:38:00.982+09:00,User,KeyEvent,105:73:0,hello,Editor,C:/Users/User/CLionProjects/hello/main.cpp,,1,1,Default task
2021-06-24T20:38:01.070+09:00,User,KeyEvent,110:78:0,hello,Editor,C:/Users/User/CLionProjects/hello/main.cpp,,1,2,Default task
2021-06-24T20:38:01.198+09:00,User,KeyEvent,99:67:0,hello,Editor,C:/Users/User/CLionProjects/hello/main.cpp,,1,3,Default task
2021-06-24T20:38:01.271+09:00,User,KeyEvent,108:76:0,hello,Editor,C:/Users/User/CLionProjects/hello/main.cpp,,1,4,Default task
2021-06-24T20:38:01.366+09:00,User,KeyEvent,117:85:0,hello,Editor,C:/Users/User/CLionProjects/hello/main.cpp,,1,5,Default task
2021-06-24T20:38:01.518+09:00,User,KeyEvent,100:68:0,hello,Editor,C:/Users/User/CLionProjects/hello/main.cpp,,1,6,Default task
2021-06-24T20:38:02.294+09:00,User,KeyEvent,101:69:0,hello,Editor,C:/Users/User/CLionProjects/hello/main.cpp,,1,7,Default task
2021-06-24T20:38:02.439+09:00,User,KeyEvent,32:32:0,hello,Editor,C:/Users/User/CLionProjects/hello/main.cpp,,1,8,Default task
2021-06-24T20:38:03.270+09:00,User,KeyEvent,65535:16:1,hello,Editor,C:/Users/User/CLionProjects/hello/main.cpp,,1,9,Default task
2021-06-24T20:38:03.439+09:00,User,KeyEvent,60:44:1,hello,Editor,C:/Users/User/CLionProjects/hello/main.cpp,,1,9,Default task
2021-06-24T20:38:03.710+09:00,User,KeyEvent,97:65:0,hello,Editor,C:/Users/User/CLionProjects/hello/main.cpp,,1,10,Default task
2021-06-24T20:38:03.800+09:00,User,KeyEvent,108:76:0,hello,Editor,C:/Users/User/CLionProjects/hello/main.cpp,,1,11,Default task
2021-06-24T20:38:03.918+09:00,User,KeyEvent,103:71:0,hello,Editor,C:/Users/User/CLionProjects/hello/main.cpp,,1,12,Default task
2021-06-24T20:38:04.006+09:00,User,KeyEvent,111:79:0,hello,Editor,C:/Users/User/CLionProjects/hello/main.cpp,,1,13,Default task
2021-06-24T20:38:04.334+09:00,User,Action,EditorChooseLookupItem,hello,Editor,C:/Users/User/CLionProjects/hello/main.cpp,,1,14,Default task
2021-06-24T20:38:04.347+09:00,User,KeyEvent,10:10:0,hello,Editor,C:/Users/User/CLionProjects/hello/main.cpp,,1,20,Default task
2021-06-24T20:38:04.645+09:00,User,KeyEvent,65535:16:1,hello,Editor,C:/Users/User/CLionProjects/hello/main.cpp,,1,20,Default task
2021-06-24T20:38:04.870+09:00,User,KeyEvent,65535:16:1,hello,Editor,C:/Users/User/CLionProjects/hello/main.cpp,,1,20,Default task
2021-06-24T20:38:05.013+09:00,User,Action,SearchEverywhere,hello,Editor,C:/Users/User/CLionProjects/hello/main.cpp,,1,20,Default task
2021-06-24T20:38:05.168+09:00,User,KeyEvent,10:10:0,hello,Popup,C:/Users/User/CLionProjects/hello/main.cpp,,1,20,Default task
2021-06-24T20:38:05.423+09:00,User,KeyEvent,65535:16:1,hello,Popup,C:/Users/User/CLionProjects/hello/main.cpp,,1,20,Default task
2021-06-24T20:38:06.093+09:00,User,KeyEvent,27:27:0,,,,,-1,-1,
2021-06-24T20:38:07.830+09:00,User,Action,EditorEnter,hello,Editor,C:/Users/User/CLionProjects/hello/main.cpp,,1,20,Default task
2021-06-24T20:38:07.834+09:00,User,KeyEvent,10:10:0,hello,Editor,C:/Users/User/CLionProjects/hello/main.cpp,,2,0,Default task
2021-06-24T20:38:08.048+09:00,User,KeyEvent,65535:16:1,hello,Editor,C:/Users/User/CLionProjects/hello/main.cpp,,2,0,Default task
2021-06-24T20:38:08.149+09:00,User,KeyEvent,35:51:1,hello,Editor,C:/Users/User/CLionProjects/hello/main.cpp,,2,0,Default task
2021-06-24T20:38:08.613+09:00,User,KeyEvent,105:73:0,hello,Editor,C:/Users/User/CLionProjects/hello/main.cpp,,2,1,Default task
2021-06-24T20:38:08.693+09:00,User,KeyEvent,110:78:0,hello,Editor,C:/Users/User/CLionProjects/hello/main.cpp,,2,2,Default task
2021-06-24T20:38:08.790+09:00,User,KeyEvent,99:67:0,hello,Editor,C:/Users/User/CLionProjects/hello/main.cpp,,2,3,Default task
2021-06-24T20:38:08.894+09:00,User,KeyEvent,108:76:0,hello,Editor,C:/Users/User/CLionProjects/hello/main.cpp,,2,4,Default task
2021-06-24T20:38:09.031+09:00,User,KeyEvent,117:85:0,hello,Editor,C:/Users/User/CLionProjects/hello/main.cpp,,2,5,Default task
2021-06-24T20:38:09.134+09:00,User,KeyEvent,100:68:0,hello,Editor,C:/Users/User/CLionProjects/hello/main.cpp,,2,6,Default task
2021-06-24T20:38:09.270+09:00,User,KeyEvent,101:69:0,hello,Editor,C:/Users/User/CLionProjects/hello/main.cpp,,2,7,Default task
2021-06-24T20:38:09.392+09:00,User,KeyEvent,32:32:0,hello,Editor,C:/Users/User/CLionProjects/hello/main.cpp,,2,8,Default task
2021-06-24T20:38:09.486+09:00,User,KeyEvent,65535:16:1,hello,Editor,C:/Users/User/CLionProjects/hello/main.cpp,,2,9,Default task
2021-06-24T20:38:09.535+09:00,User,KeyEvent,60:44:1,hello,Editor,C:/Users/User/CLionProjects/hello/main.cpp,,2,9,Default task
2021-06-24T20:38:09.750+09:00,User,KeyEvent,118:86:0,hello,Editor,C:/Users/User/CLionProjects/hello/main.cpp,,2,10,Default task
2021-06-24T20:38:09.974+09:00,User,KeyEvent,101:69:0,hello,Editor,C:/Users/User/CLionProjects/hello/main.cpp,,2,11,Default task
2021-06-24T20:38:10.790+09:00,User,KeyEvent,99:67:0,hello,Editor,C:/Users/User/CLionProjects/hello/main.cpp,,2,12,Default task
2021-06-24T20:38:11.550+09:00,User,Action,EditorChooseLookupItem,hello,Editor,C:/Users/User/CLionProjects/hello/main.cpp,,2,13,Default task
2021-06-24T20:38:11.563+09:00,User,KeyEvent,10:10:0,hello,Editor,C:/Users/User/CLionProjects/hello/main.cpp,,2,17,Default task
2021-06-24T20:38:12.110+09:00,User,Action,EditorDown,hello,Editor,C:/Users/User/CLionProjects/hello/main.cpp,,2,17,Default task
2021-06-24T20:38:12.111+09:00,User,KeyEvent,65535:40:0,hello,Editor,C:/Users/User/CLionProjects/hello/main.cpp,,3,0,Default task
2021-06-24T20:38:12.246+09:00,User,Action,EditorDown,hello,Editor,C:/Users/User/CLionProjects/hello/main.cpp,,3,0,Default task
2021-06-24T20:38:12.247+09:00,User,KeyEvent,65535:40:0,hello,Editor,C:/Users/User/CLionProjects/hello/main.cpp,,4,17,Default task
2021-06-24T20:38:12.365+09:00,User,Action,EditorDown,hello,Editor,C:/Users/User/CLionProjects/hello/main.cpp,,4,17,Default task
2021-06-24T20:38:12.366+09:00,User,KeyEvent,65535:40:0,hello,Editor,C:/Users/User/CLionProjects/hello/main.cpp,,5,0,Default task
2021-06-24T20:38:12.510+09:00,User,Action,EditorDown,hello,Editor,C:/Users/User/CLionProjects/hello/main.cpp,,5,0,Default task
2021-06-24T20:38:12.510+09:00,User,KeyEvent,65535:40:0,hello,Editor,C:/Users/User/CLionProjects/hello/main.cpp,,6,14,Default task
2021-06-24T20:38:12.836+09:00,User,Action,EditorDown,hello,Editor,C:/Users/User/CLionProjects/hello/main.cpp,,6,14,Default task
2021-06-24T20:38:12.837+09:00,User,KeyEvent,65535:40:0,hello,Editor,C:/Users/User/CLionProjects/hello/main.cpp,,7,1,Default task
2021-06-24T20:38:14.454+09:00,User,Action,EditorEnter,hello,Editor,C:/Users/User/CLionProjects/hello/main.cpp,,7,1,Default task
2021-06-24T20:38:14.456+09:00,User,KeyEvent,10:10:0,hello,Editor,C:/Users/User/CLionProjects/hello/main.cpp,,8,4,Default task
2021-06-24T20:38:14.934+09:00,User,KeyEvent,105:73:0,hello,Editor,C:/Users/User/CLionProjects/hello/main.cpp,,8,4,Default task
2021-06-24T20:38:15.014+09:00,User,KeyEvent,110:78:0,hello,Editor,C:/Users/User/CLionProjects/hello/main.cpp,,8,5,Default task
2021-06-24T20:38:15.140+09:00,User,KeyEvent,116:84:0,hello,Editor,C:/Users/User/CLionProjects/hello/main.cpp,,8,6,Default task
2021-06-24T20:38:15.432+09:00,User,KeyEvent,32:32:0,hello,Editor,C:/Users/User/CLionProjects/hello/main.cpp,,8,7,Default task
2021-06-24T20:38:15.543+09:00,User,KeyEvent,65535:20:0,hello,Editor,C:/Users/User/CLionProjects/hello/main.cpp,,8,8,Default task
2021-06-24T20:38:15.775+09:00,User,KeyEvent,83:83:0,hello,Editor,C:/Users/User/CLionProjects/hello/main.cpp,,8,8,Default task
2021-06-24T20:38:15.885+09:00,User,KeyEvent,73:73:0,hello,Editor,C:/Users/User/CLionProjects/hello/main.cpp,,8,9,Default task
2021-06-24T20:38:15.941+09:00,User,KeyEvent,90:90:0,hello,Editor,C:/Users/User/CLionProjects/hello/main.cpp,,8,10,Default task
2021-06-24T20:38:16.006+09:00,User,KeyEvent,69:69:0,hello,Editor,C:/Users/User/CLionProjects/hello/main.cpp,,8,11,Default task
2021-06-24T20:38:16.150+09:00,User,KeyEvent,59:59:0,hello,Editor,C:/Users/User/CLionProjects/hello/main.cpp,,8,12,Default task
2021-06-24T20:38:16.278+09:00,User,Action,EditorEnter,hello,Editor,C:/Users/User/CLionProjects/hello/main.cpp,,8,13,Default task
2021-06-24T20:38:16.281+09:00,User,KeyEvent,10:10:0,hello,Editor,C:/Users/User/CLionProjects/hello/main.cpp,,9,4,Default task
2021-06-24T20:38:16.814+09:00,User,KeyEvent,65535:20:0,hello,Editor,C:/Users/User/CLionProjects/hello/main.cpp,,9,4,Default task
2021-06-24T20:38:17.197+09:00,User,KeyEvent,105:73:0,hello,Editor,C:/Users/User/CLionProjects/hello/main.cpp,,9,4,Default task
2021-06-24T20:38:17.293+09:00,User,KeyEvent,110:78:0,hello,Editor,C:/Users/User/CLionProjects/hello/main.cpp,,9,5,Default task
2021-06-24T20:38:17.422+09:00,User,KeyEvent,116:84:0,hello,Editor,C:/Users/User/CLionProjects/hello/main.cpp,,9,6,Default task
2021-06-24T20:38:17.517+09:00,User,KeyEvent,32:32:0,hello,Editor,C:/Users/User/CLionProjects/hello/main.cpp,,9,7,Default task
2021-06-24T20:38:17.662+09:00,User,KeyEvent,108:76:0,hello,Editor,C:/Users/User/CLionProjects/hello/main.cpp,,9,8,Default task
2021-06-24T20:38:17.814+09:00,User,KeyEvent,105:73:0,hello,Editor,C:/Users/User/CLionProjects/hello/main.cpp,,9,9,Default task
2021-06-24T20:38:17.886+09:00,User,KeyEvent,109:77:0,hello,Editor,C:/Users/User/CLionProjects/hello/main.cpp,,9,10,Default task
2021-06-24T20:38:18.095+09:00,User,KeyEvent,105:73:0,hello,Editor,C:/Users/User/CLionProjects/hello/main.cpp,,9,11,Default task
2021-06-24T20:38:18.190+09:00,User,KeyEvent,116:84:0,hello,Editor,C:/Users/User/CLionProjects/hello/main.cpp,,9,12,Default task
2021-06-24T20:38:18.357+09:00,User,KeyEvent,59:59:0,hello,Editor,C:/Users/User/CLionProjects/hello/main.cpp,,9,13,Default task
2021-06-24T20:38:18.503+09:00,User,Action,EditorEnter,hello,Editor,C:/Users/User/CLionProjects/hello/main.cpp,,9,14,Default task
2021-06-24T20:38:18.506+09:00,User,KeyEvent,10:10:0,hello,Editor,C:/Users/User/CLionProjects/hello/main.cpp,,10,4,Default task
2021-06-24T20:38:20.254+09:00,User,KeyEvent,105:73:0,hello,Editor,C:/Users/User/CLionProjects/hello/main.cpp,,10,4,Default task
2021-06-24T20:38:20.341+09:00,User,KeyEvent,110:78:0,hello,Editor,C:/Users/User/CLionProjects/hello/main.cpp,,10,5,Default task
2021-06-24T20:38:20.438+09:00,User,KeyEvent,116:84:0,hello,Editor,C:/Users/User/CLionProjects/hello/main.cpp,,10,6,Default task
2021-06-24T20:38:20.533+09:00,User,KeyEvent,32:32:0,hello,Editor,C:/Users/User/CLionProjects/hello/main.cpp,,10,7,Default task
2021-06-24T20:38:20.670+09:00,User,KeyEvent,105:73:0,hello,Editor,C:/Users/User/CLionProjects/hello/main.cpp,,10,8,Default task
2021-06-24T20:38:20.718+09:00,User,KeyEvent,110:78:0,hello,Editor,C:/Users/User/CLionProjects/hello/main.cpp,,10,9,Default task
2021-06-24T20:38:20.830+09:00,User,KeyEvent,112:80:0,hello,Editor,C:/Users/User/CLionProjects/hello/main.cpp,,10,10,Default task
2021-06-24T20:38:20.975+09:00,User,KeyEvent,117:85:0,hello,Editor,C:/Users/User/CLionProjects/hello/main.cpp,,10,11,Default task
2021-06-24T20:38:21.135+09:00,User,KeyEvent,116:84:0,hello,Editor,C:/Users/User/CLionProjects/hello/main.cpp,,10,12,Default task
2021-06-24T20:38:21.431+09:00,User,KeyEvent,59:59:0,hello,Editor,C:/Users/User/CLionProjects/hello/main.cpp,,10,13,Default task
2021-06-24T20:38:21.743+09:00,User,Action,EditorEnter,hello,Editor,C:/Users/User/CLionProjects/hello/main.cpp,,10,14,Default task
2021-06-24T20:38:21.745+09:00,User,KeyEvent,10:10:0,hello,Editor,C:/Users/User/CLionProjects/hello/main.cpp,,11,4,Default task
2021-06-24T20:38:22.423+09:00,User,Action,EditorEnter,hello,Editor,C:/Users/User/CLionProjects/hello/main.cpp,,11,4,Default task
2021-06-24T20:38:22.424+09:00,User,KeyEvent,10:10:0,hello,Editor,C:/Users/User/CLionProjects/hello/main.cpp,,12,4,Default task
2021-06-24T20:38:22.695+09:00,User,KeyEvent,99:67:0,hello,Editor,C:/Users/User/CLionProjects/hello/main.cpp,,12,4,Default task
2021-06-24T20:38:22.789+09:00,User,KeyEvent,105:73:0,hello,Editor,C:/Users/User/CLionProjects/hello/main.cpp,,12,5,Default task
2021-06-24T20:38:22.895+09:00,User,KeyEvent,110:78:0,hello,Editor,C:/Users/User/CLionProjects/hello/main.cpp,,12,6,Default task
2021-06-24T20:38:22.990+09:00,User,KeyEvent,116:84:0,hello,Editor,C:/Users/User/CLionProjects/hello/main.cpp,,12,7,Default task
2021-06-24T20:38:23.054+09:00,User,KeyEvent,32:32:0,hello,Editor,C:/Users/User/CLionProjects/hello/main.cpp,,12,8,Default task
2021-06-24T20:38:23.182+09:00,User,KeyEvent,65535:16:1,hello,Editor,C:/Users/User/CLionProjects/hello/main.cpp,,12,9,Default task
2021-06-24T20:38:23.383+09:00,User,KeyEvent,62:46:1,hello,Editor,C:/Users/User/CLionProjects/hello/main.cpp,,12,9,Default task
2021-06-24T20:38:23.607+09:00,User,KeyEvent,62:46:1,hello,Editor,C:/Users/User/CLionProjects/hello/main.cpp,,12,10,Default task
2021-06-24T20:38:23.830+09:00,User,KeyEvent,32:32:0,hello,Editor,C:/Users/User/CLionProjects/hello/main.cpp,,12,11,Default task
2021-06-24T20:38:23.934+09:00,User,KeyEvent,65535:20:0,hello,Editor,C:/Users/User/CLionProjects/hello/main.cpp,,12,12,Default task
2021-06-24T20:38:24.181+09:00,User,KeyEvent,83:83:0,hello,Editor,C:/Users/User/CLionProjects/hello/main.cpp,,12,12,Default task
2021-06-24T20:38:24.293+09:00,User,KeyEvent,73:73:0,hello,Editor,C:/Users/User/CLionProjects/hello/main.cpp,,12,13,Default task
2021-06-24T20:38:24.366+09:00,User,KeyEvent,90:90:0,hello,Editor,C:/Users/User/CLionProjects/hello/main.cpp,,12,14,Default task
2021-06-24T20:38:24.422+09:00,User,KeyEvent,69:69:0,hello,Editor,C:/Users/User/CLionProjects/hello/main.cpp,,12,15,Default task
2021-06-24T20:38:24.653+09:00,User,KeyEvent,32:32:0,hello,Editor,C:/Users/User/CLionProjects/hello/main.cpp,,12,16,Default task
2021-06-24T20:38:24.832+09:00,User,KeyEvent,65535:16:1,hello,Editor,C:/Users/User/CLionProjects/hello/main.cpp,,12,17,Default task
2021-06-24T20:38:24.886+09:00,User,KeyEvent,62:46:1,hello,Editor,C:/Users/User/CLionProjects/hello/main.cpp,,12,17,Default task
2021-06-24T20:38:25.022+09:00,User,KeyEvent,62:46:1,hello,Editor,C:/Users/User/CLionProjects/hello/main.cpp,,12,18,Default task
2021-06-24T20:38:25.352+09:00,User,KeyEvent,65535:20:0,hello,Editor,C:/Users/User/CLionProjects/hello/main.cpp,,12,19,Default task
2021-06-24T20:38:25.510+09:00,User,KeyEvent,32:32:0,hello,Editor,C:/Users/User/CLionProjects/hello/main.cpp,,12,19,Default task
2021-06-24T20:38:25.735+09:00,User,KeyEvent,108:76:0,hello,Editor,C:/Users/User/CLionProjects/hello/main.cpp,,12,20,Default task
2021-06-24T20:38:25.852+09:00,User,KeyEvent,105:73:0,hello,Editor,C:/Users/User/CLionProjects/hello/main.cpp,,12,21,Default task
2021-06-24T20:38:25.974+09:00,User,KeyEvent,109:77:0,hello,Editor,C:/Users/User/CLionProjects/hello/main.cpp,,12,22,Default task
2021-06-24T20:38:26.182+09:00,User,KeyEvent,105:73:0,hello,Editor,C:/Users/User/CLionProjects/hello/main.cpp,,12,23,Default task
2021-06-24T20:38:26.261+09:00,User,KeyEvent,116:84:0,hello,Editor,C:/Users/User/CLionProjects/hello/main.cpp,,12,24,Default task
2021-06-24T20:38:26.678+09:00,User,KeyEvent,59:59:0,hello,Editor,C:/Users/User/CLionProjects/hello/main.cpp,,12,25,Default task
2021-06-24T20:38:26.854+09:00,User,Action,EditorEnter,hello,Editor,C:/Users/User/CLionProjects/hello/main.cpp,,12,26,Default task
2021-06-24T20:38:26.856+09:00,User,KeyEvent,10:10:0,hello,Editor,C:/Users/User/CLionProjects/hello/main.cpp,,13,4,Default task
2021-06-24T20:38:28.014+09:00,User,Action,EditorUp,hello,Editor,C:/Users/User/CLionProjects/hello/main.cpp,,13,4,Default task
2021-06-24T20:38:28.014+09:00,User,KeyEvent,65535:38:0,hello,Editor,C:/Users/User/CLionProjects/hello/main.cpp,,12,4,Default task
2021-06-24T20:38:28.190+09:00,User,Action,EditorRight,hello,Editor,C:/Users/User/CLionProjects/hello/main.cpp,,12,4,Default task
2021-06-24T20:38:28.191+09:00,User,KeyEvent,65535:39:0,hello,Editor,C:/Users/User/CLionProjects/hello/main.cpp,,12,5,Default task
2021-06-24T20:38:28.318+09:00,User,Action,EditorRight,hello,Editor,C:/Users/User/CLionProjects/hello/main.cpp,,12,5,Default task
2021-06-24T20:38:28.319+09:00,User,KeyEvent,65535:39:0,hello,Editor,C:/Users/User/CLionProjects/hello/main.cpp,,12,6,Default task
2021-06-24T20:38:28.438+09:00,User,Action,EditorRight,hello,Editor,C:/Users/User/CLionProjects/hello/main.cpp,,12,6,Default task
2021-06-24T20:38:28.439+09:00,User,KeyEvent,65535:39:0,hello,Editor,C:/Users/User/CLionProjects/hello/main.cpp,,12,7,Default task
2021-06-24T20:38:28.639+09:00,User,KeyEvent,65535:16:1,hello,Editor,C:/Users/User/CLionProjects/hello/main.cpp,,12,7,Default task
2021-06-24T20:38:28.696+09:00,User,Action,EditorRightWithSelection,hello,Editor,C:/Users/User/CLionProjects/hello/main.cpp,,12,7,Default task
2021-06-24T20:38:28.697+09:00,User,KeyEvent,65535:39:1,hello,Editor,C:/Users/User/CLionProjects/hello/main.cpp,,12,8,Default task
2021-06-24T20:38:28.878+09:00,User,Action,EditorDelete,hello,Editor,C:/Users/User/CLionProjects/hello/main.cpp,,12,8,Default task
2021-06-24T20:38:28.880+09:00,User,KeyEvent,127:127:0,hello,Editor,C:/Users/User/CLionProjects/hello/main.cpp,,12,7,Default task
2021-06-24T20:38:29.583+09:00,User,Action,EditorDown,hello,Editor,C:/Users/User/CLionProjects/hello/main.cpp,,12,7,Default task
2021-06-24T20:38:29.583+09:00,User,KeyEvent,65535:40:0,hello,Editor,C:/Users/User/CLionProjects/hello/main.cpp,,13,4,Default task
2021-06-24T20:38:29.958+09:00,User,Action,EditorDown,hello,Editor,C:/Users/User/CLionProjects/hello/main.cpp,,13,4,Default task
2021-06-24T20:38:29.958+09:00,User,KeyEvent,65535:40:0,hello,Editor,C:/Users/User/CLionProjects/hello/main.cpp,,14,7,Default task
2021-06-24T20:38:31.391+09:00,User,Action,EditorUp,hello,Editor,C:/Users/User/CLionProjects/hello/main.cpp,,14,7,Default task
2021-06-24T20:38:31.391+09:00,User,KeyEvent,65535:38:0,hello,Editor,C:/Users/User/CLionProjects/hello/main.cpp,,13,4,Default task
2021-06-24T20:38:31.822+09:00,User,Action,EditorEnter,hello,Editor,C:/Users/User/CLionProjects/hello/main.cpp,,13,4,Default task
2021-06-24T20:38:31.823+09:00,User,KeyEvent,10:10:0,hello,Editor,C:/Users/User/CLionProjects/hello/main.cpp,,14,4,Default task
2021-06-24T20:38:31.990+09:00,User,KeyEvent,118:86:0,hello,Editor,C:/Users/User/CLionProjects/hello/main.cpp,,14,4,Default task
2021-06-24T20:38:32.078+09:00,User,KeyEvent,101:69:0,hello,Editor,C:/Users/User/CLionProjects/hello/main.cpp,,14,5,Default task
2021-06-24T20:38:32.654+09:00,User,KeyEvent,99:67:0,hello,Editor,C:/Users/User/CLionProjects/hello/main.cpp,,14,6,Default task
2021-06-24T20:38:32.917+09:00,User,KeyEvent,111:79:0,hello,Editor,C:/Users/User/CLionProjects/hello/main.cpp,,14,7,Default task
2021-06-24T20:38:33.270+09:00,User,Action,EditorBackSpace,hello,Editor,C:/Users/User/CLionProjects/hello/main.cpp,,14,8,Default task
2021-06-24T20:38:33.277+09:00,User,KeyEvent,8:8:0,hello,Editor,C:/Users/User/CLionProjects/hello/main.cpp,,14,7,Default task
2021-06-24T20:38:33.422+09:00,User,KeyEvent,116:84:0,hello,Editor,C:/Users/User/CLionProjects/hello/main.cpp,,14,7,Default task
2021-06-24T20:38:33.510+09:00,User,KeyEvent,111:79:0,hello,Editor,C:/Users/User/CLionProjects/hello/main.cpp,,14,8,Default task
2021-06-24T20:38:33.622+09:00,User,KeyEvent,114:82:0,hello,Editor,C:/Users/User/CLionProjects/hello/main.cpp,,14,9,Default task
2021-06-24T20:38:34.470+09:00,User,Action,EditorChooseLookupItem,hello,Editor,C:/Users/User/CLionProjects/hello/main.cpp,,14,10,Default task
2021-06-24T20:38:34.482+09:00,User,KeyEvent,10:10:0,hello,Editor,C:/Users/User/CLionProjects/hello/main.cpp,,14,11,Default task
2021-06-24T20:38:35.813+09:00,User,KeyEvent,105:73:0,hello,Editor,C:/Users/User/CLionProjects/hello/main.cpp,,14,11,Default task
2021-06-24T20:38:35.902+09:00,User,KeyEvent,110:78:0,hello,Editor,C:/Users/User/CLionProjects/hello/main.cpp,,14,12,Default task
2021-06-24T20:38:36.044+09:00,User,KeyEvent,116:84:0,hello,Editor,C:/Users/User/CLionProjects/hello/main.cpp,,14,13,Default task
2021-06-24T20:38:36.342+09:00,User,KeyEvent,65535:16:1,hello,Editor,C:/Users/User/CLionProjects/hello/main.cpp,,14,14,Default task
2021-06-24T20:38:36.382+09:00,User,KeyEvent,62:46:1,hello,Editor,C:/Users/User/CLionProjects/hello/main.cpp,,14,14,Default task
2021-06-24T20:38:36.934+09:00,User,Action,EditorBackSpace,hello,Editor,C:/Users/User/CLionProjects/hello/main.cpp,,14,15,Default task
2021-06-24T20:38:36.935+09:00,User,KeyEvent,8:8:0,hello,Editor,C:/Users/User/CLionProjects/hello/main.cpp,,14,14,Default task
2021-06-24T20:38:37.358+09:00,User,Action,EditorRight,hello,Editor,C:/Users/User/CLionProjects/hello/main.cpp,,14,14,Default task
2021-06-24T20:38:37.359+09:00,User,KeyEvent,65535:39:0,hello,Editor,C:/Users/User/CLionProjects/hello/main.cpp,,14,15,Default task
2021-06-24T20:38:38.358+09:00,User,KeyEvent,32:32:0,hello,Editor,C:/Users/User/CLionProjects/hello/main.cpp,,14,15,Default task
2021-06-24T20:38:38.574+09:00,User,KeyEvent,118:86:0,hello,Editor,C:/Users/User/CLionProjects/hello/main.cpp,,14,16,Default task
2021-06-24T20:38:38.718+09:00,User,KeyEvent,65535:16:1,hello,Editor,C:/Users/User/CLionProjects/hello/main.cpp,,14,17,Default task
2021-06-24T20:38:38.799+09:00,User,KeyEvent,40:57:1,hello,Editor,C:/Users/User/CLionProjects/hello/main.cpp,,14,17,Default task
2021-06-24T20:38:38.966+09:00,User,KeyEvent,65535:20:0,hello,Editor,C:/Users/User/CLionProjects/hello/main.cpp,,14,18,Default task
2021-06-24T20:38:39.254+09:00,User,KeyEvent,83:83:0,hello,Editor,C:/Users/User/CLionProjects/hello/main.cpp,,14,18,Default task
2021-06-24T20:38:39.373+09:00,User,KeyEvent,73:73:0,hello,Editor,C:/Users/User/CLionProjects/hello/main.cpp,,14,19,Default task
2021-06-24T20:38:39.430+09:00,User,KeyEvent,90:90:0,hello,Editor,C:/Users/User/CLionProjects/hello/main.cpp,,14,20,Default task
2021-06-24T20:38:39.486+09:00,User,KeyEvent,69:69:0,hello,Editor,C:/Users/User/CLionProjects/hello/main.cpp,,14,21,Default task
2021-06-24T20:38:39.693+09:00,User,KeyEvent,65535:16:1,hello,Editor,C:/Users/User/CLionProjects/hello/main.cpp,,14,22,Default task
2021-06-24T20:38:39.749+09:00,User,KeyEvent,41:48:1,hello,Editor,C:/Users/User/CLionProjects/hello/main.cpp,,14,22,Default task
2021-06-24T20:38:40.341+09:00,User,KeyEvent,59:59:0,hello,Editor,C:/Users/User/CLionProjects/hello/main.cpp,,14,23,Default task
2021-06-24T20:38:40.542+09:00,User,Action,EditorEnter,hello,Editor,C:/Users/User/CLionProjects/hello/main.cpp,,14,24,Default task
2021-06-24T20:38:40.544+09:00,User,KeyEvent,10:10:0,hello,Editor,C:/Users/User/CLionProjects/hello/main.cpp,,15,4,Default task
2021-06-24T20:38:43.605+09:00,User,KeyEvent,86:86:0,hello,Editor,C:/Users/User/CLionProjects/hello/main.cpp,,15,4,Default task
2021-06-24T20:38:44.349+09:00,User,Action,EditorBackSpace,hello,Editor,C:/Users/User/CLionProjects/hello/main.cpp,,15,5,Default task
2021-06-24T20:38:44.355+09:00,User,KeyEvent,8:8:0,hello,Editor,C:/Users/User/CLionProjects/hello/main.cpp,,15,4,Default task
2021-06-24T20:38:44.382+09:00,User,KeyEvent,65535:20:0,hello,Editor,C:/Users/User/CLionProjects/hello/main.cpp,,15,4,Default task
2021-06-24T20:38:44.590+09:00,User,KeyEvent,118:86:0,hello,Editor,C:/Users/User/CLionProjects/hello/main.cpp,,15,4,Default task
2021-06-24T20:38:44.678+09:00,User,KeyEvent,101:69:0,hello,Editor,C:/Users/User/CLionProjects/hello/main.cpp,,15,5,Default task
2021-06-24T20:38:44.878+09:00,User,KeyEvent,99:67:0,hello,Editor,C:/Users/User/CLionProjects/hello/main.cpp,,15,6,Default task
2021-06-24T20:38:45.206+09:00,User,KeyEvent,116:84:0,hello,Editor,C:/Users/User/CLionProjects/hello/main.cpp,,15,7,Default task
2021-06-24T20:38:45.318+09:00,User,KeyEvent,111:79:0,hello,Editor,C:/Users/User/CLionProjects/hello/main.cpp,,15,8,Default task
2021-06-24T20:38:45.445+09:00,User,KeyEvent,114:82:0,hello,Editor,C:/Users/User/CLionProjects/hello/main.cpp,,15,9,Default task
2021-06-24T20:38:46.733+09:00,User,Action,EditorChooseLookupItem,hello,Editor,C:/Users/User/CLionProjects/hello/main.cpp,,15,10,Default task
2021-06-24T20:38:46.745+09:00,User,KeyEvent,10:10:0,hello,Editor,C:/Users/User/CLionProjects/hello/main.cpp,,15,11,Default task
2021-06-24T20:38:47.501+09:00,User,KeyEvent,105:73:0,hello,Editor,C:/Users/User/CLionProjects/hello/main.cpp,,15,11,Default task
2021-06-24T20:38:47.629+09:00,User,KeyEvent,110:78:0,hello,Editor,C:/Users/User/CLionProjects/hello/main.cpp,,15,12,Default task
2021-06-24T20:38:47.677+09:00,User,KeyEvent,116:84:0,hello,Editor,C:/Users/User/CLionProjects/hello/main.cpp,,15,13,Default task
2021-06-24T20:38:47.950+09:00,User,KeyEvent,65535:16:1,hello,Editor,C:/Users/User/CLionProjects/hello/main.cpp,,15,14,Default task
2021-06-24T20:38:48.005+09:00,User,KeyEvent,62:46:1,hello,Editor,C:/Users/User/CLionProjects/hello/main.cpp,,15,14,Default task
2021-06-24T20:38:48.551+09:00,User,Action,EditorBackSpace,hello,Editor,C:/Users/User/CLionProjects/hello/main.cpp,,15,15,Default task
2021-06-24T20:38:48.552+09:00,User,KeyEvent,8:8:0,hello,Editor,C:/Users/User/CLionProjects/hello/main.cpp,,15,14,Default task
2021-06-24T20:38:48.894+09:00,User,Action,EditorRight,hello,Editor,C:/Users/User/CLionProjects/hello/main.cpp,,15,14,Default task
2021-06-24T20:38:48.895+09:00,User,KeyEvent,65535:39:0,hello,Editor,C:/Users/User/CLionProjects/hello/main.cpp,,15,15,Default task
2021-06-24T20:38:50.175+09:00,User,KeyEvent,65535:16:1,hello,Editor,C:/Users/User/CLionProjects/hello/main.cpp,,15,15,Default task
2021-06-24T20:38:50.414+09:00,User,KeyEvent,58:59:1,hello,Editor,C:/Users/User/CLionProjects/hello/main.cpp,,15,15,Default task
2021-06-24T20:38:50.566+09:00,User,KeyEvent,58:59:1,hello,Editor,C:/Users/User/CLionProjects/hello/main.cpp,,15,16,Default task
2021-06-24T20:38:51.045+09:00,User,KeyEvent,105:73:0,hello,Editor,C:/Users/User/CLionProjects/hello/main.cpp,,15,17,Default task
2021-06-24T20:38:51.134+09:00,User,KeyEvent,116:84:0,hello,Editor,C:/Users/User/CLionProjects/hello/main.cpp,,15,18,Default task
2021-06-24T20:38:51.238+09:00,User,KeyEvent,101:69:0,hello,Editor,C:/Users/User/CLionProjects/hello/main.cpp,,15,19,Default task
2021-06-24T20:38:51.325+09:00,User,KeyEvent,114:82:0,hello,Editor,C:/Users/User/CLionProjects/hello/main.cpp,,15,20,Default task
2021-06-24T20:38:51.614+09:00,User,Action,EditorChooseLookupItem,hello,Editor,C:/Users/User/CLionProjects/hello/main.cpp,,15,21,Default task
2021-06-24T20:38:51.625+09:00,User,KeyEvent,10:10:0,hello,Editor,C:/Users/User/CLionProjects/hello/main.cpp,,15,26,Default task
2021-06-24T20:38:52.741+09:00,User,KeyEvent,61:61:0,hello,Editor,C:/Users/User/CLionProjects/hello/main.cpp,,15,26,Default task
2021-06-24T20:38:53.389+09:00,User,Action,EditorBackSpace,hello,Editor,C:/Users/User/CLionProjects/hello/main.cpp,,15,27,Default task
2021-06-24T20:38:53.390+09:00,User,KeyEvent,8:8:0,hello,Editor,C:/Users/User/CLionProjects/hello/main.cpp,,15,26,Default task
2021-06-24T20:38:53.790+09:00,User,KeyEvent,105:73:0,hello,Editor,C:/Users/User/CLionProjects/hello/main.cpp,,15,26,Default task
2021-06-24T20:38:53.887+09:00,User,KeyEvent,116:84:0,hello,Editor,C:/Users/User/CLionProjects/hello/main.cpp,,15,27,Default task
2021-06-24T20:38:53.990+09:00,User,KeyEvent,32:32:0,hello,Editor,C:/Users/User/CLionProjects/hello/main.cpp,,15,28,Default task
2021-06-24T20:38:54.150+09:00,User,KeyEvent,61:61:0,hello,Editor,C:/Users/User/CLionProjects/hello/main.cpp,,15,29,Default task
2021-06-24T20:38:54.293+09:00,User,KeyEvent,32:32:0,hello,Editor,C:/Users/User/CLionProjects/hello/main.cpp,,15,30,Default task
2021-06-24T20:38:54.493+09:00,User,KeyEvent,98:66:0,hello,Editor,C:/Users/User/CLionProjects/hello/main.cpp,,15,31,Default task
2021-06-24T20:38:54.630+09:00,User,KeyEvent,101:69:0,hello,Editor,C:/Users/User/CLionProjects/hello/main.cpp,,15,32,Default task
2021-06-24T20:38:54.838+09:00,User,KeyEvent,103:71:0,hello,Editor,C:/Users/User/CLionProjects/hello/main.cpp,,15,33,Default task
2021-06-24T20:38:54.926+09:00,User,KeyEvent,105:73:0,hello,Editor,C:/Users/User/CLionProjects/hello/main.cpp,,15,34,Default task
2021-06-24T20:38:54.998+09:00,User,KeyEvent,110:78:0,hello,Editor,C:/Users/User/CLionProjects/hello/main.cpp,,15,35,Default task
2021-06-24T20:38:55.454+09:00,User,Action,EditorChooseLookupItem,hello,Editor,C:/Users/User/CLionProjects/hello/main.cpp,,15,36,Default task
2021-06-24T20:38:55.465+09:00,User,KeyEvent,10:10:0,hello,Editor,C:/Users/User/CLionProjects/hello/main.cpp,,15,37,Default task
2021-06-24T20:38:55.862+09:00,User,KeyEvent,118:86:0,hello,Editor,C:/Users/User/CLionProjects/hello/main.cpp,,15,37,Default task
2021-06-24T20:38:57.270+09:00,User,Action,EditorEscape,hello,Editor,C:/Users/User/CLionProjects/hello/main.cpp,,15,38,Default task
2021-06-24T20:38:57.273+09:00,User,KeyEvent,27:27:0,hello,Editor,C:/Users/User/CLionProjects/hello/main.cpp,,15,38,Default task
2021-06-24T20:38:57.447+09:00,User,Action,EditorRight,hello,Editor,C:/Users/User/CLionProjects/hello/main.cpp,,15,38,Default task
2021-06-24T20:38:57.449+09:00,User,KeyEvent,65535:39:0,hello,Editor,C:/Users/User/CLionProjects/hello/main.cpp,,15,39,Default task
2021-06-24T20:38:58.703+09:00,User,KeyEvent,59:59:0,hello,Editor,C:/Users/User/CLionProjects/hello/main.cpp,,15,39,Default task
2021-06-24T20:39:01.614+09:00,User,Action,EditorEnter,hello,Editor,C:/Users/User/CLionProjects/hello/main.cpp,,15,40,Default task
2021-06-24T20:39:01.616+09:00,User,KeyEvent,10:10:0,hello,Editor,C:/Users/User/CLionProjects/hello/main.cpp,,16,4,Default task
2021-06-24T20:39:01.726+09:00,User,Action,EditorEnter,hello,Editor,C:/Users/User/CLionProjects/hello/main.cpp,,16,4,Default task
2021-06-24T20:39:01.728+09:00,User,KeyEvent,10:10:0,hello,Editor,C:/Users/User/CLionProjects/hello/main.cpp,,17,4,Default task
2021-06-24T20:39:02.054+09:00,User,KeyEvent,102:70:0,hello,Editor,C:/Users/User/CLionProjects/hello/main.cpp,,17,4,Default task
2021-06-24T20:39:02.134+09:00,User,KeyEvent,111:79:0,hello,Editor,C:/Users/User/CLionProjects/hello/main.cpp,,17,5,Default task
2021-06-24T20:39:02.268+09:00,User,KeyEvent,114:82:0,hello,Editor,C:/Users/User/CLionProjects/hello/main.cpp,,17,6,Default task
2021-06-24T20:39:02.349+09:00,User,KeyEvent,65535:16:1,hello,Editor,C:/Users/User/CLionProjects/hello/main.cpp,,17,7,Default task
2021-06-24T20:39:02.446+09:00,User,KeyEvent,43:61:1,hello,Editor,C:/Users/User/CLionProjects/hello/main.cpp,,17,7,Default task
2021-06-24T20:39:02.655+09:00,User,KeyEvent,101:69:0,hello,Editor,C:/Users/User/CLionProjects/hello/main.cpp,,17,8,Default task
2021-06-24T20:39:02.757+09:00,User,KeyEvent,97:65:0,hello,Editor,C:/Users/User/CLionProjects/hello/main.cpp,,17,9,Default task
2021-06-24T20:39:03.142+09:00,User,Action,EditorBackSpace,hello,Editor,C:/Users/User/CLionProjects/hello/main.cpp,,17,10,Default task
2021-06-24T20:39:03.145+09:00,User,KeyEvent,8:8:0,hello,Editor,C:/Users/User/CLionProjects/hello/main.cpp,,17,9,Default task
2021-06-24T20:39:03.270+09:00,User,Action,EditorBackSpace,hello,Editor,C:/Users/User/CLionProjects/hello/main.cpp,,17,9,Default task
2021-06-24T20:39:03.282+09:00,User,KeyEvent,8:8:0,hello,Editor,C:/Users/User/CLionProjects/hello/main.cpp,,17,8,Default task
2021-06-24T20:39:03.398+09:00,User,Action,EditorBackSpace,hello,Editor,C:/Users/User/CLionProjects/hello/main.cpp,,17,8,Default task
2021-06-24T20:39:03.399+09:00,User,KeyEvent,8:8:0,hello,Editor,C:/Users/User/CLionProjects/hello/main.cpp,,17,7,Default task
2021-06-24T20:39:03.648+09:00,User,KeyEvent,65535:16:1,hello,Editor,C:/Users/User/CLionProjects/hello/main.cpp,,17,7,Default task
2021-06-24T20:39:03.749+09:00,User,KeyEvent,95:45:1,hello,Editor,C:/Users/User/CLionProjects/hello/main.cpp,,17,7,Default task
2021-06-24T20:39:03.965+09:00,User,KeyEvent,101:69:0,hello,Editor,C:/Users/User/CLionProjects/hello/main.cpp,,17,8,Default task
2021-06-24T20:39:04.069+09:00,User,KeyEvent,97:65:0,hello,Editor,C:/Users/User/CLionProjects/hello/main.cpp,,17,9,Default task
2021-06-24T20:39:04.214+09:00,User,KeyEvent,99:67:0,hello,Editor,C:/Users/User/CLionProjects/hello/main.cpp,,17,10,Default task
2021-06-24T20:39:04.310+09:00,User,KeyEvent,104:72:0,hello,Editor,C:/Users/User/CLionProjects/hello/main.cpp,,17,11,Default task
2021-06-24T20:39:04.598+09:00,User,Action,EditorChooseLookupItem,hello,Editor,C:/Users/User/CLionProjects/hello/main.cpp,,17,12,Default task
2021-06-24T20:39:04.608+09:00,User,KeyEvent,10:10:0,hello,Editor,C:/Users/User/CLionProjects/hello/main.cpp,,17,13,Default task
2021-06-24T20:39:05.815+09:00,User,KeyEvent,118:86:0,hello,Editor,C:/Users/User/CLionProjects/hello/main.cpp,,17,13,Default task
2021-06-24T20:39:05.917+09:00,User,KeyEvent,46:46:0,hello,Editor,C:/Users/User/CLionProjects/hello/main.cpp,,17,14,Default task
2021-06-24T20:39:06.815+09:00,User,Action,EditorChooseLookupItem,hello,Editor,C:/Users/User/CLionProjects/hello/main.cpp,,17,15,Default task
2021-06-24T20:39:06.836+09:00,User,KeyEvent,10:10:0,hello,Editor,C:/Users/User/CLionProjects/hello/main.cpp,,17,22,Default task
2021-06-24T20:39:07.285+09:00,User,KeyEvent,44:44:0,hello,Editor,C:/Users/User/CLionProjects/hello/main.cpp,,17,22,Default task
2021-06-24T20:39:07.406+09:00,User,KeyEvent,32:32:0,hello,Editor,C:/Users/User/CLionProjects/hello/main.cpp,,17,23,Default task
2021-06-24T20:39:07.621+09:00,User,KeyEvent,118:86:0,hello,Editor,C:/Users/User/CLionProjects/hello/main.cpp,,17,24,Default task
2021-06-24T20:39:07.838+09:00,User,KeyEvent,46:46:0,hello,Editor,C:/Users/User/CLionProjects/hello/main.cpp,,17,25,Default task
2021-06-24T20:39:07.998+09:00,User,KeyEvent,101:69:0,hello,Editor,C:/Users/User/CLionProjects/hello/main.cpp,,17,26,Default task
2021-06-24T20:39:08.358+09:00,User,Action,EditorChooseLookupItem,hello,Editor,C:/Users/User/CLionProjects/hello/main.cpp,,17,27,Default task
2021-06-24T20:39:08.378+09:00,User,KeyEvent,10:10:0,hello,Editor,C:/Users/User/CLionProjects/hello/main.cpp,,17,31,Default task
2021-06-24T20:39:09.046+09:00,User,KeyEvent,44:44:0,hello,Editor,C:/Users/User/CLionProjects/hello/main.cpp,,17,31,Default task
2021-06-24T20:39:09.174+09:00,User,KeyEvent,32:32:0,hello,Editor,C:/Users/User/CLionProjects/hello/main.cpp,,17,32,Default task
2021-06-24T20:39:12.063+09:00,User,KeyEvent,91:91:0,hello,Editor,C:/Users/User/CLionProjects/hello/main.cpp,,17,33,Default task
2021-06-24T20:39:13.638+09:00,User,KeyEvent,65535:16:1,hello,Editor,C:/Users/User/CLionProjects/hello/main.cpp,,17,34,Default task
2021-06-24T20:39:13.997+09:00,User,KeyEvent,38:55:1,hello,Editor,C:/Users/User/CLionProjects/hello/main.cpp,,17,34,Default task
2021-06-24T20:39:14.486+09:00,User,KeyEvent,93:93:0,hello,Editor,C:/Users/User/CLionProjects/hello/main.cpp,,17,35,Default task
2021-06-24T20:39:15.848+09:00,User,KeyEvent,65535:16:1,hello,Editor,C:/Users/User/CLionProjects/hello/main.cpp,,17,36,Default task
2021-06-24T20:39:16.358+09:00,User,KeyEvent,65535:16:1,hello,Editor,C:/Users/User/CLionProjects/hello/main.cpp,,17,36,Default task
2021-06-24T20:39:16.389+09:00,User,KeyEvent,65535:16:1,hello,Editor,C:/Users/User/CLionProjects/hello/main.cpp,,17,36,Default task
2021-06-24T20:39:16.421+09:00,User,KeyEvent,65535:16:1,hello,Editor,C:/Users/User/CLionProjects/hello/main.cpp,,17,36,Default task
2021-06-24T20:39:16.459+09:00,User,KeyEvent,65535:16:1,hello,Editor,C:/Users/User/CLionProjects/hello/main.cpp,,17,36,Default task
2021-06-24T20:39:16.482+09:00,User,KeyEvent,65535:16:1,hello,Editor,C:/Users/User/CLionProjects/hello/main.cpp,,17,36,Default task
2021-06-24T20:39:16.513+09:00,User,KeyEvent,65535:16:1,hello,Editor,C:/Users/User/CLionProjects/hello/main.cpp,,17,36,Default task
2021-06-24T20:39:16.558+09:00,User,KeyEvent,65535:16:1,hello,Editor,C:/Users/User/CLionProjects/hello/main.cpp,,17,36,Default task
2021-06-24T20:39:16.587+09:00,User,KeyEvent,65535:16:1,hello,Editor,C:/Users/User/CLionProjects/hello/main.cpp,,17,36,Default task
2021-06-24T20:39:16.617+09:00,User,KeyEvent,65535:16:1,hello,Editor,C:/Users/User/CLionProjects/hello/main.cpp,,17,36,Default task
2021-06-24T20:39:16.648+09:00,User,KeyEvent,65535:16:1,hello,Editor,C:/Users/User/CLionProjects/hello/main.cpp,,17,36,Default task
2021-06-24T20:39:16.680+09:00,User,KeyEvent,65535:16:1,hello,Editor,C:/Users/User/CLionProjects/hello/main.cpp,,17,36,Default task
2021-06-24T20:39:16.711+09:00,User,KeyEvent,65535:16:1,hello,Editor,C:/Users/User/CLionProjects/hello/main.cpp,,17,36,Default task
2021-06-24T20:39:16.755+09:00,User,KeyEvent,65535:16:1,hello,Editor,C:/Users/User/CLionProjects/hello/main.cpp,,17,36,Default task
2021-06-24T20:39:16.784+09:00,User,KeyEvent,65535:16:1,hello,Editor,C:/Users/User/CLionProjects/hello/main.cpp,,17,36,Default task
2021-06-24T20:39:16.818+09:00,User,KeyEvent,65535:16:1,hello,Editor,C:/Users/User/CLionProjects/hello/main.cpp,,17,36,Default task
2021-06-24T20:39:16.848+09:00,User,KeyEvent,65535:16:1,hello,Editor,C:/Users/User/CLionProjects/hello/main.cpp,,17,36,Default task
2021-06-24T20:39:16.879+09:00,User,KeyEvent,65535:16:1,hello,Editor,C:/Users/User/CLionProjects/hello/main.cpp,,17,36,Default task
2021-06-24T20:39:16.909+09:00,User,KeyEvent,65535:16:1,hello,Editor,C:/Users/User/CLionProjects/hello/main.cpp,,17,36,Default task
2021-06-24T20:39:16.955+09:00,User,KeyEvent,65535:16:1,hello,Editor,C:/Users/User/CLionProjects/hello/main.cpp,,17,36,Default task
2021-06-24T20:39:16.986+09:00,User,KeyEvent,65535:16:1,hello,Editor,C:/Users/User/CLionProjects/hello/main.cpp,,17,36,Default task
2021-06-24T20:39:17.015+09:00,User,KeyEvent,65535:16:1,hello,Editor,C:/Users/User/CLionProjects/hello/main.cpp,,17,36,Default task
2021-06-24T20:39:17.046+09:00,User,KeyEvent,65535:16:1,hello,Editor,C:/Users/User/CLionProjects/hello/main.cpp,,17,36,Default task
2021-06-24T20:39:18.303+09:00,User,KeyEvent,65535:16:1,hello,Editor,C:/Users/User/CLionProjects/hello/main.cpp,,17,36,Default task
2021-06-24T20:39:18.805+09:00,User,KeyEvent,65535:16:1,hello,Editor,C:/Users/User/CLionProjects/hello/main.cpp,,17,36,Default task
2021-06-24T20:39:18.850+09:00,User,KeyEvent,65535:16:1,hello,Editor,C:/Users/User/CLionProjects/hello/main.cpp,,17,36,Default task
2021-06-24T20:39:18.882+09:00,User,KeyEvent,65535:16:1,hello,Editor,C:/Users/User/CLionProjects/hello/main.cpp,,17,36,Default task
2021-06-24T20:39:18.913+09:00,User,KeyEvent,65535:16:1,hello,Editor,C:/Users/User/CLionProjects/hello/main.cpp,,17,36,Default task
2021-06-24T20:39:18.943+09:00,User,KeyEvent,65535:16:1,hello,Editor,C:/Users/User/CLionProjects/hello/main.cpp,,17,36,Default task
2021-06-24T20:39:18.974+09:00,User,KeyEvent,65535:16:1,hello,Editor,C:/Users/User/CLionProjects/hello/main.cpp,,17,36,Default task
2021-06-24T20:39:19.004+09:00,User,KeyEvent,65535:16:1,hello,Editor,C:/Users/User/CLionProjects/hello/main.cpp,,17,36,Default task
2021-06-24T20:39:19.054+09:00,User,KeyEvent,65535:16:1,hello,Editor,C:/Users/User/CLionProjects/hello/main.cpp,,17,36,Default task
2021-06-24T20:39:19.080+09:00,User,KeyEvent,65535:16:1,hello,Editor,C:/Users/User/CLionProjects/hello/main.cpp,,17,36,Default task
2021-06-24T20:39:19.111+09:00,User,KeyEvent,65535:16:1,hello,Editor,C:/Users/User/CLionProjects/hello/main.cpp,,17,36,Default task
2021-06-24T20:39:19.141+09:00,User,KeyEvent,65535:16:1,hello,Editor,C:/Users/User/CLionProjects/hello/main.cpp,,17,36,Default task
2021-06-24T20:39:19.171+09:00,User,KeyEvent,65535:16:1,hello,Editor,C:/Users/User/CLionProjects/hello/main.cpp,,17,36,Default task
2021-06-24T20:39:19.202+09:00,User,KeyEvent,65535:16:1,hello,Editor,C:/Users/User/CLionProjects/hello/main.cpp,,17,36,Default task
2021-06-24T20:39:19.233+09:00,User,KeyEvent,65535:16:1,hello,Editor,C:/Users/User/CLionProjects/hello/main.cpp,,17,36,Default task
2021-06-24T20:39:19.278+09:00,User,KeyEvent,65535:16:1,hello,Editor,C:/Users/User/CLionProjects/hello/main.cpp,,17,36,Default task
2021-06-24T20:39:19.309+09:00,User,KeyEvent,65535:16:1,hello,Editor,C:/Users/User/CLionProjects/hello/main.cpp,,17,36,Default task
2021-06-24T20:39:19.341+09:00,User,KeyEvent,65535:16:1,hello,Editor,C:/Users/User/CLionProjects/hello/main.cpp,,17,36,Default task
2021-06-24T20:39:19.369+09:00,User,KeyEvent,65535:16:1,hello,Editor,C:/Users/User/CLionProjects/hello/main.cpp,,17,36,Default task
2021-06-24T20:39:19.400+09:00,User,KeyEvent,65535:16:1,hello,Editor,C:/Users/User/CLionProjects/hello/main.cpp,,17,36,Default task
2021-06-24T20:39:19.432+09:00,User,KeyEvent,65535:16:1,hello,Editor,C:/Users/User/CLionProjects/hello/main.cpp,,17,36,Default task
2021-06-24T20:39:19.478+09:00,User,KeyEvent,65535:16:1,hello,Editor,C:/Users/User/CLionProjects/hello/main.cpp,,17,36,Default task
2021-06-24T20:39:19.508+09:00,User,KeyEvent,65535:16:1,hello,Editor,C:/Users/User/CLionProjects/hello/main.cpp,,17,36,Default task
2021-06-24T20:39:19.538+09:00,User,KeyEvent,65535:16:1,hello,Editor,C:/Users/User/CLionProjects/hello/main.cpp,,17,36,Default task
2021-06-24T20:39:19.568+09:00,User,KeyEvent,65535:16:1,hello,Editor,C:/Users/User/CLionProjects/hello/main.cpp,,17,36,Default task
2021-06-24T20:39:19.598+09:00,User,KeyEvent,65535:16:1,hello,Editor,C:/Users/User/CLionProjects/hello/main.cpp,,17,36,Default task
2021-06-24T20:39:19.633+09:00,User,KeyEvent,65535:16:1,hello,Editor,C:/Users/User/CLionProjects/hello/main.cpp,,17,36,Default task
2021-06-24T20:39:19.662+09:00,User,KeyEvent,65535:16:1,hello,Editor,C:/Users/User/CLionProjects/hello/main.cpp,,17,36,Default task
2021-06-24T20:39:19.709+09:00,User,KeyEvent,65535:16:1,hello,Editor,C:/Users/User/CLionProjects/hello/main.cpp,,17,36,Default task
2021-06-24T20:39:19.739+09:00,User,KeyEvent,65535:16:1,hello,Editor,C:/Users/User/CLionProjects/hello/main.cpp,,17,36,Default task
2021-06-24T20:39:19.769+09:00,User,KeyEvent,65535:16:1,hello,Editor,C:/Users/User/CLionProjects/hello/main.cpp,,17,36,Default task
2021-06-24T20:39:19.774+09:00,User,KeyEvent,40:57:1,hello,Editor,C:/Users/User/CLionProjects/hello/main.cpp,,17,36,Default task
2021-06-24T20:39:19.951+09:00,User,KeyEvent,41:48:1,hello,Editor,C:/Users/User/CLionProjects/hello/main.cpp,,17,37,Default task
2021-06-24T20:39:20.630+09:00,User,Action,EditorEnter,hello,Editor,C:/Users/User/CLionProjects/hello/main.cpp,,17,38,Default task
2021-06-24T20:39:20.657+09:00,User,KeyEvent,10:10:0,hello,Editor,C:/Users/User/CLionProjects/hello/main.cpp,,18,4,Default task
2021-06-24T20:39:20.830+09:00,User,KeyEvent,65535:16:1,hello,Editor,C:/Users/User/CLionProjects/hello/main.cpp,,18,4,Default task
2021-06-24T20:39:21.133+09:00,User,KeyEvent,123:91:1,hello,Editor,C:/Users/User/CLionProjects/hello/main.cpp,,18,4,Default task
2021-06-24T20:39:21.614+09:00,User,Action,EditorEnter,hello,Editor,C:/Users/User/CLionProjects/hello/main.cpp,,18,5,Default task
2021-06-24T20:39:21.644+09:00,User,KeyEvent,10:10:0,hello,Editor,C:/Users/User/CLionProjects/hello/main.cpp,,19,8,Default task
2021-06-24T20:39:23.342+09:00,User,Action,EditorRight,hello,Editor,C:/Users/User/CLionProjects/hello/main.cpp,,19,8,Default task
2021-06-24T20:39:23.347+09:00,User,KeyEvent,65535:39:0,hello,Editor,C:/Users/User/CLionProjects/hello/main.cpp,,20,0,Default task
2021-06-24T20:39:24.158+09:00,User,Action,EditorDown,hello,Editor,C:/Users/User/CLionProjects/hello/main.cpp,,20,0,Default task
2021-06-24T20:39:24.168+09:00,User,KeyEvent,65535:40:0,hello,Editor,C:/Users/User/CLionProjects/hello/main.cpp,,21,0,Default task
2021-06-24T20:39:24.538+09:00,User,Action,EditorLeft,hello,Editor,C:/Users/User/CLionProjects/hello/main.cpp,,21,0,Default task
2021-06-24T20:39:24.539+09:00,User,KeyEvent,65535:37:0,hello,Editor,C:/Users/User/CLionProjects/hello/main.cpp,,20,6,Default task
2021-06-24T20:39:25.366+09:00,User,KeyEvent,59:59:0,hello,Editor,C:/Users/User/CLionProjects/hello/main.cpp,,20,6,Default task
2021-06-24T20:39:25.806+09:00,User,Action,EditorUp,hello,Editor,C:/Users/User/CLionProjects/hello/main.cpp,,20,7,Default task
2021-06-24T20:39:25.806+09:00,User,KeyEvent,65535:38:0,hello,Editor,C:/Users/User/CLionProjects/hello/main.cpp,,19,7,Default task
2021-06-24T20:39:26.175+09:00,User,Action,EditorUp,hello,Editor,C:/Users/User/CLionProjects/hello/main.cpp,,19,7,Default task
2021-06-24T20:39:26.175+09:00,User,KeyEvent,65535:38:0,hello,Editor,C:/Users/User/CLionProjects/hello/main.cpp,,18,5,Default task
2021-06-24T20:39:27.271+09:00,User,Action,EditorDown,hello,Editor,C:/Users/User/CLionProjects/hello/main.cpp,,18,5,Default task
2021-06-24T20:39:27.272+09:00,User,KeyEvent,65535:40:0,hello,Editor,C:/Users/User/CLionProjects/hello/main.cpp,,19,7,Default task
2021-06-24T20:39:27.766+09:00,User,KeyEvent,99:67:0,hello,Editor,C:/Users/User/CLionProjects/hello/main.cpp,,19,7,Default task
2021-06-24T20:39:27.950+09:00,User,KeyEvent,105:73:0,hello,Editor,C:/Users/User/CLionProjects/hello/main.cpp,,19,8,Default task
2021-06-24T20:39:28.029+09:00,User,KeyEvent,110:78:0,hello,Editor,C:/Users/User/CLionProjects/hello/main.cpp,,19,9,Default task
2021-06-24T20:39:28.206+09:00,User,KeyEvent,32:32:0,hello,Editor,C:/Users/User/CLionProjects/hello/main.cpp,,19,10,Default task
2021-06-24T20:39:28.359+09:00,User,KeyEvent,65535:16:1,hello,Editor,C:/Users/User/CLionProjects/hello/main.cpp,,19,11,Default task
2021-06-24T20:39:28.430+09:00,User,KeyEvent,62:46:1,hello,Editor,C:/Users/User/CLionProjects/hello/main.cpp,,19,11,Default task
2021-06-24T20:39:28.574+09:00,User,KeyEvent,62:46:1,hello,Editor,C:/Users/User/CLionProjects/hello/main.cpp,,19,12,Default task
2021-06-24T20:39:29.070+09:00,User,KeyEvent,32:32:0,hello,Editor,C:/Users/User/CLionProjects/hello/main.cpp,,19,13,Default task
2021-06-24T20:39:29.238+09:00,User,KeyEvent,105:73:0,hello,Editor,C:/Users/User/CLionProjects/hello/main.cpp,,19,14,Default task
2021-06-24T20:39:29.317+09:00,User,KeyEvent,110:78:0,hello,Editor,C:/Users/User/CLionProjects/hello/main.cpp,,19,15,Default task
2021-06-24T20:39:29.436+09:00,User,KeyEvent,112:80:0,hello,Editor,C:/Users/User/CLionProjects/hello/main.cpp,,19,16,Default task
2021-06-24T20:39:29.573+09:00,User,KeyEvent,117:85:0,hello,Editor,C:/Users/User/CLionProjects/hello/main.cpp,,19,17,Default task
2021-06-24T20:39:29.686+09:00,User,KeyEvent,116:84:0,hello,Editor,C:/Users/User/CLionProjects/hello/main.cpp,,19,18,Default task
2021-06-24T20:39:29.869+09:00,User,KeyEvent,59:59:0,hello,Editor,C:/Users/User/CLionProjects/hello/main.cpp,,19,19,Default task
2021-06-24T20:39:30.038+09:00,User,Action,EditorEnter,hello,Editor,C:/Users/User/CLionProjects/hello/main.cpp,,19,20,Default task
2021-06-24T20:39:30.041+09:00,User,KeyEvent,10:10:0,hello,Editor,C:/Users/User/CLionProjects/hello/main.cpp,,20,7,Default task
2021-06-24T20:39:31.664+09:00,User,KeyEvent,65535:16:1,hello,Editor,C:/Users/User/CLionProjects/hello/main.cpp,,20,7,Default task
2021-06-24T20:39:31.830+09:00,User,KeyEvent,42:56:1,hello,Editor,C:/Users/User/CLionProjects/hello/main.cpp,,20,7,Default task
2021-06-24T20:39:32.174+09:00,User,KeyEvent,105:73:0,hello,Editor,C:/Users/User/CLionProjects/hello/main.cpp,,20,8,Default task
2021-06-24T20:39:32.326+09:00,User,KeyEvent,116:84:0,hello,Editor,C:/Users/User/CLionProjects/hello/main.cpp,,20,9,Default task
2021-06-24T20:39:32.422+09:00,User,KeyEvent,32:32:0,hello,Editor,C:/Users/User/CLionProjects/hello/main.cpp,,20,10,Default task
2021-06-24T20:39:34.007+09:00,User,KeyEvent,61:61:0,hello,Editor,C:/Users/User/CLionProjects/hello/main.cpp,,20,11,Default task
2021-06-24T20:39:34.246+09:00,User,KeyEvent,32:32:0,hello,Editor,C:/Users/User/CLionProjects/hello/main.cpp,,20,12,Default task
2021-06-24T20:39:34.432+09:00,User,KeyEvent,105:73:0,hello,Editor,C:/Users/User/CLionProjects/hello/main.cpp,,20,13,Default task
2021-06-24T20:39:34.541+09:00,User,KeyEvent,110:78:0,hello,Editor,C:/Users/User/CLionProjects/hello/main.cpp,,20,14,Default task
2021-06-24T20:39:34.630+09:00,User,KeyEvent,112:80:0,hello,Editor,C:/Users/User/CLionProjects/hello/main.cpp,,20,15,Default task
2021-06-24T20:39:34.750+09:00,User,KeyEvent,117:85:0,hello,Editor,C:/Users/User/CLionProjects/hello/main.cpp,,20,16,Default task
2021-06-24T20:39:34.861+09:00,User,KeyEvent,116:84:0,hello,Editor,C:/Users/User/CLionProjects/hello/main.cpp,,20,17,Default task
2021-06-24T20:39:35.158+09:00,User,KeyEvent,59:59:0,hello,Editor,C:/Users/User/CLionProjects/hello/main.cpp,,20,18,Default task
2021-06-24T20:39:35.270+09:00,User,Action,EditorEnter,hello,Editor,C:/Users/User/CLionProjects/hello/main.cpp,,20,19,Default task
2021-06-24T20:39:35.297+09:00,User,KeyEvent,10:10:0,hello,Editor,C:/Users/User/CLionProjects/hello/main.cpp,,21,7,Default task
2021-06-24T20:39:40.942+09:00,User,KeyEvent,105:73:0,hello,Editor,C:/Users/User/CLionProjects/hello/main.cpp,,21,7,Default task
2021-06-24T20:39:41.029+09:00,User,KeyEvent,116:84:0,hello,Editor,C:/Users/User/CLionProjects/hello/main.cpp,,21,8,Default task
2021-06-24T20:39:41.254+09:00,User,KeyEvent,32:32:0,hello,Editor,C:/Users/User/CLionProjects/hello/main.cpp,,21,9,Default task
2021-06-24T20:39:41.637+09:00,User,Action,EditorBackSpace,hello,Editor,C:/Users/User/CLionProjects/hello/main.cpp,,21,10,Default task
2021-06-24T20:39:41.645+09:00,User,KeyEvent,8:8:0,hello,Editor,C:/Users/User/CLionProjects/hello/main.cpp,,21,9,Default task
2021-06-24T20:39:41.952+09:00,User,KeyEvent,65535:16:1,hello,Editor,C:/Users/User/CLionProjects/hello/main.cpp,,21,9,Default task
2021-06-24T20:39:42.159+09:00,User,KeyEvent,43:61:1,hello,Editor,C:/Users/User/CLionProjects/hello/main.cpp,,21,9,Default task
2021-06-24T20:39:42.286+09:00,User,KeyEvent,43:61:1,hello,Editor,C:/Users/User/CLionProjects/hello/main.cpp,,21,10,Default task
2021-06-24T20:39:42.549+09:00,User,KeyEvent,59:59:0,hello,Editor,C:/Users/User/CLionProjects/hello/main.cpp,,21,11,Default task
2021-06-24T20:39:52.141+09:00,User,Action,EditorEnter,hello,Editor,C:/Users/User/CLionProjects/hello/main.cpp,,22,7,Default task
2021-06-24T20:39:52.143+09:00,User,KeyEvent,10:10:0,hello,Editor,C:/Users/User/CLionProjects/hello/main.cpp,,23,4,Default task
2021-06-24T20:39:52.263+09:00,User,Action,EditorEnter,hello,Editor,C:/Users/User/CLionProjects/hello/main.cpp,,23,4,Default task
2021-06-24T20:39:52.265+09:00,User,KeyEvent,10:10:0,hello,Editor,C:/Users/User/CLionProjects/hello/main.cpp,,24,4,Default task
2021-06-24T20:39:53.367+09:00,User,KeyEvent,105:73:0,hello,Editor,C:/Users/User/CLionProjects/hello/main.cpp,,24,4,Default task
2021-06-24T20:39:53.445+09:00,User,KeyEvent,116:84:0,hello,Editor,C:/Users/User/CLionProjects/hello/main.cpp,,24,5,Default task
2021-06-24T20:39:53.574+09:00,User,KeyEvent,32:32:0,hello,Editor,C:/Users/User/CLionProjects/hello/main.cpp,,24,6,Default task
2021-06-24T20:39:53.718+09:00,User,KeyEvent,61:61:0,hello,Editor,C:/Users/User/CLionProjects/hello/main.cpp,,24,7,Default task
2021-06-24T20:39:53.831+09:00,User,KeyEvent,32:32:0,hello,Editor,C:/Users/User/CLionProjects/hello/main.cpp,,24,8,Default task
2021-06-24T20:39:53.967+09:00,User,KeyEvent,114:82:0,hello,Editor,C:/Users/User/CLionProjects/hello/main.cpp,,24,9,Default task
2021-06-24T20:39:54.070+09:00,User,KeyEvent,101:69:0,hello,Editor,C:/Users/User/CLionProjects/hello/main.cpp,,24,10,Default task
2021-06-24T20:39:54.270+09:00,User,KeyEvent,109:77:0,hello,Editor,C:/Users/User/CLionProjects/hello/main.cpp,,24,11,Default task
2021-06-24T20:39:54.334+09:00,User,KeyEvent,111:79:0,hello,Editor,C:/Users/User/CLionProjects/hello/main.cpp,,24,12,Default task
2021-06-24T20:39:54.718+09:00,User,Action,EditorChooseLookupItem,hello,Editor,C:/Users/User/CLionProjects/hello/main.cpp,,24,13,Default task
2021-06-24T20:39:54.732+09:00,User,KeyEvent,10:10:0,hello,Editor,C:/Users/User/CLionProjects/hello/main.cpp,,24,19,Default task
2021-06-24T20:39:56.183+09:00,User,KeyEvent,118:86:0,hello,Editor,C:/Users/User/CLionProjects/hello/main.cpp,,24,19,Default task
2021-06-24T20:39:56.277+09:00,User,KeyEvent,46:46:0,hello,Editor,C:/Users/User/CLionProjects/hello/main.cpp,,24,20,Default task
2021-06-24T20:39:56.910+09:00,User,KeyEvent,98:66:0,hello,Editor,C:/Users/User/CLionProjects/hello/main.cpp,,24,21,Default task
2021-06-24T20:39:57.238+09:00,User,Action,EditorChooseLookupItem,hello,Editor,C:/Users/User/CLionProjects/hello/main.cpp,,24,22,Default task
2021-06-24T20:39:57.259+09:00,User,KeyEvent,10:10:0,hello,Editor,C:/Users/User/CLionProjects/hello/main.cpp,,24,28,Default task
2021-06-24T20:39:57.766+09:00,User,KeyEvent,44:44:0,hello,Editor,C:/Users/User/CLionProjects/hello/main.cpp,,24,28,Default task
2021-06-24T20:39:57.886+09:00,User,KeyEvent,32:32:0,hello,Editor,C:/Users/User/CLionProjects/hello/main.cpp,,24,29,Default task
2021-06-24T20:39:58.071+09:00,User,KeyEvent,118:86:0,hello,Editor,C:/Users/User/CLionProjects/hello/main.cpp,,24,30,Default task
2021-06-24T20:39:58.277+09:00,User,KeyEvent,46:46:0,hello,Editor,C:/Users/User/CLionProjects/hello/main.cpp,,24,31,Default task
2021-06-24T20:39:58.479+09:00,User,KeyEvent,101:69:0,hello,Editor,C:/Users/User/CLionProjects/hello/main.cpp,,24,32,Default task
2021-06-24T20:39:58.966+09:00,User,Action,EditorChooseLookupItem,hello,Editor,C:/Users/User/CLionProjects/hello/main.cpp,,24,33,Default task
2021-06-24T20:39:58.980+09:00,User,KeyEvent,10:10:0,hello,Editor,C:/Users/User/CLionProjects/hello/main.cpp,,24,37,Default task
2021-06-24T20:39:59.727+09:00,User,KeyEvent,44:44:0,hello,Editor,C:/Users/User/CLionProjects/hello/main.cpp,,24,37,Default task
2021-06-24T20:39:59.829+09:00,User,KeyEvent,32:32:0,hello,Editor,C:/Users/User/CLionProjects/hello/main.cpp,,24,38,Default task
2021-06-24T20:40:01.662+09:00,User,KeyEvent,91:91:0,hello,Editor,C:/Users/User/CLionProjects/hello/main.cpp,,24,39,Default task
2021-06-24T20:40:02.078+09:00,User,KeyEvent,65535:16:1,hello,Editor,C:/Users/User/CLionProjects/hello/main.cpp,,24,40,Default task
2021-06-24T20:40:02.334+09:00,User,KeyEvent,38:55:1,hello,Editor,C:/Users/User/CLionProjects/hello/main.cpp,,24,40,Default task
2021-06-24T20:40:02.958+09:00,User,KeyEvent,93:93:0,hello,Editor,C:/Users/User/CLionProjects/hello/main.cpp,,24,41,Default task
2021-06-24T20:40:05.670+09:00,User,KeyEvent,65535:16:1,hello,Editor,C:/Users/User/CLionProjects/hello/main.cpp,,24,42,Default task
2021-06-24T20:40:05.895+09:00,User,KeyEvent,40:57:1,hello,Editor,C:/Users/User/CLionProjects/hello/main.cpp,,24,42,Default task
2021-06-24T20:40:09.679+09:00,User,KeyEvent,105:73:0,hello,Editor,C:/Users/User/CLionProjects/hello/main.cpp,,24,43,Default task
2021-06-24T20:40:09.817+09:00,User,KeyEvent,116:84:0,hello,Editor,C:/Users/User/CLionProjects/hello/main.cpp,,24,44,Default task
2021-06-24T20:40:09.980+09:00,User,KeyEvent,32:32:0,hello,Editor,C:/Users/User/CLionProjects/hello/main.cpp,,24,45,Default task
2021-06-24T20:40:10.430+09:00,User,Action,EditorBackSpace,hello,Editor,C:/Users/User/CLionProjects/hello/main.cpp,,24,46,Default task
2021-06-24T20:40:10.448+09:00,User,KeyEvent,8:8:0,hello,Editor,C:/Users/User/CLionProjects/hello/main.cpp,,24,45,Default task
2021-06-24T20:40:10.566+09:00,User,Action,EditorBackSpace,hello,Editor,C:/Users/User/CLionProjects/hello/main.cpp,,24,45,Default task
2021-06-24T20:40:10.596+09:00,User,KeyEvent,8:8:0,hello,Editor,C:/Users/User/CLionProjects/hello/main.cpp,,24,44,Default task
2021-06-24T20:40:11.734+09:00,User,KeyEvent,110:78:0,hello,Editor,C:/Users/User/CLionProjects/hello/main.cpp,,24,44,Default task
2021-06-24T20:40:11.865+09:00,User,KeyEvent,116:84:0,hello,Editor,C:/Users/User/CLionProjects/hello/main.cpp,,24,45,Default task
2021-06-24T20:40:11.998+09:00,User,KeyEvent,32:32:0,hello,Editor,C:/Users/User/CLionProjects/hello/main.cpp,,24,46,Default task
2021-06-24T20:40:12.143+09:00,User,KeyEvent,110:78:0,hello,Editor,C:/Users/User/CLionProjects/hello/main.cpp,,24,47,Default task
2021-06-24T20:40:12.230+09:00,User,KeyEvent,117:85:0,hello,Editor,C:/Users/User/CLionProjects/hello/main.cpp,,24,48,Default task
2021-06-24T20:40:12.438+09:00,User,KeyEvent,109:77:0,hello,Editor,C:/Users/User/CLionProjects/hello/main.cpp,,24,49,Default task
2021-06-24T20:40:12.710+09:00,User,KeyEvent,65535:16:1,hello,Editor,C:/Users/User/CLionProjects/hello/main.cpp,,24,50,Default task
2021-06-24T20:40:12.795+09:00,User,KeyEvent,41:48:1,hello,Editor,C:/Users/User/CLionProjects/hello/main.cpp,,24,50,Default task
2021-06-24T20:40:13.574+09:00,User,KeyEvent,65535:16:1,hello,Editor,C:/Users/User/CLionProjects/hello/main.cpp,,24,51,Default task
2021-06-24T20:40:13.622+09:00,User,KeyEvent,123:91:1,hello,Editor,C:/Users/User/CLionProjects/hello/main.cpp,,24,51,Default task
2021-06-24T20:40:13.846+09:00,User,Action,EditorEnter,hello,Editor,C:/Users/User/CLionProjects/hello/main.cpp,,24,52,Default task
2021-06-24T20:40:13.895+09:00,User,KeyEvent,10:10:0,hello,Editor,C:/Users/User/CLionProjects/hello/main.cpp,,25,8,Default task
2021-06-24T20:40:15.464+09:00,User,Action,EditorDown,hello,Editor,C:/Users/User/CLionProjects/hello/main.cpp,,25,8,Default task
2021-06-24T20:40:15.465+09:00,User,KeyEvent,65535:40:0,hello,Editor,C:/Users/User/CLionProjects/hello/main.cpp,,26,6,Default task
2021-06-24T20:40:16.079+09:00,User,KeyEvent,59:59:0,hello,Editor,C:/Users/User/CLionProjects/hello/main.cpp,,26,6,Default task
2021-06-24T20:40:16.423+09:00,User,Action,EditorUp,hello,Editor,C:/Users/User/CLionProjects/hello/main.cpp,,26,7,Default task
2021-06-24T20:40:16.425+09:00,User,KeyEvent,65535:38:0,hello,Editor,C:/Users/User/CLionProjects/hello/main.cpp,,25,7,Default task
2021-06-24T20:40:20.287+09:00,User,KeyEvent,114:82:0,hello,Editor,C:/Users/User/CLionProjects/hello/main.cpp,,25,7,Default task
2021-06-24T20:40:20.421+09:00,User,KeyEvent,101:69:0,hello,Editor,C:/Users/User/CLionProjects/hello/main.cpp,,25,8,Default task
2021-06-24T20:40:20.542+09:00,User,KeyEvent,116:84:0,hello,Editor,C:/Users/User/CLionProjects/hello/main.cpp,,25,9,Default task
2021-06-24T20:40:20.686+09:00,User,KeyEvent,117:85:0,hello,Editor,C:/Users/User/CLionProjects/hello/main.cpp,,25,10,Default task
2021-06-24T20:40:20.798+09:00,User,KeyEvent,114:82:0,hello,Editor,C:/Users/User/CLionProjects/hello/main.cpp,,25,11,Default task
2021-06-24T20:40:20.925+09:00,User,KeyEvent,110:78:0,hello,Editor,C:/Users/User/CLionProjects/hello/main.cpp,,25,12,Default task
2021-06-24T20:40:20.992+09:00,User,KeyEvent,32:32:0,hello,Editor,C:/Users/User/CLionProjects/hello/main.cpp,,25,13,Default task
2021-06-24T20:40:21.975+09:00,User,KeyEvent,110:78:0,hello,Editor,C:/Users/User/CLionProjects/hello/main.cpp,,25,14,Default task
2021-06-24T20:40:22.077+09:00,User,KeyEvent,117:85:0,hello,Editor,C:/Users/User/CLionProjects/hello/main.cpp,,25,15,Default task
2021-06-24T20:40:22.302+09:00,User,KeyEvent,109:77:0,hello,Editor,C:/Users/User/CLionProjects/hello/main.cpp,,25,16,Default task
2021-06-24T20:40:22.584+09:00,User,KeyEvent,32:32:0,hello,Editor,C:/Users/User/CLionProjects/hello/main.cpp,,25,17,Default task
2021-06-24T20:40:22.717+09:00,User,KeyEvent,65535:16:1,hello,Editor,C:/Users/User/CLionProjects/hello/main.cpp,,25,18,Default task
2021-06-24T20:40:22.790+09:00,User,KeyEvent,62:46:1,hello,Editor,C:/Users/User/CLionProjects/hello/main.cpp,,25,18,Default task
2021-06-24T20:40:23.150+09:00,User,KeyEvent,61:61:0,hello,Editor,C:/Users/User/CLionProjects/hello/main.cpp,,25,19,Default task
2021-06-24T20:40:23.262+09:00,User,KeyEvent,32:32:0,hello,Editor,C:/Users/User/CLionProjects/hello/main.cpp,,25,20,Default task
2021-06-24T20:40:24.358+09:00,User,KeyEvent,108:76:0,hello,Editor,C:/Users/User/CLionProjects/hello/main.cpp,,25,21,Default task
2021-06-24T20:40:24.727+09:00,User,KeyEvent,105:73:0,hello,Editor,C:/Users/User/CLionProjects/hello/main.cpp,,25,22,Default task
2021-06-24T20:40:24.846+09:00,User,KeyEvent,109:77:0,hello,Editor,C:/Users/User/CLionProjects/hello/main.cpp,,25,23,Default task
2021-06-24T20:40:24.989+09:00,User,KeyEvent,105:73:0,hello,Editor,C:/Users/User/CLionProjects/hello/main.cpp,,25,24,Default task
2021-06-24T20:40:25.150+09:00,User,KeyEvent,116:84:0,hello,Editor,C:/Users/User/CLionProjects/hello/main.cpp,,25,25,Default task
2021-06-24T20:40:25.701+09:00,User,KeyEvent,59:59:0,hello,Editor,C:/Users/User/CLionProjects/hello/main.cpp,,25,26,Default task
2021-06-24T20:40:26.943+09:00,User,Action,EditorDown,hello,Editor,C:/Users/User/CLionProjects/hello/main.cpp,,25,27,Default task
2021-06-24T20:40:26.943+09:00,User,KeyEvent,65535:40:0,hello,Editor,C:/Users/User/CLionProjects/hello/main.cpp,,26,7,Default task
2021-06-24T20:40:36.119+09:00,User,Action,EditorEnter,hello,Editor,C:/Users/User/CLionProjects/hello/main.cpp,,26,7,Default task
2021-06-24T20:40:36.121+09:00,User,KeyEvent,10:10:0,hello,Editor,C:/Users/User/CLionProjects/hello/main.cpp,,27,4,Default task
2021-06-24T20:40:38.102+09:00,User,KeyEvent,118:86:0,hello,Editor,C:/Users/User/CLionProjects/hello/main.cpp,,27,4,Default task
2021-06-24T20:40:38.214+09:00,User,KeyEvent,46:46:0,hello,Editor,C:/Users/User/CLionProjects/hello/main.cpp,,27,5,Default task
2021-06-24T20:40:38.565+09:00,User,KeyEvent,114:82:0,hello,Editor,C:/Users/User/CLionProjects/hello/main.cpp,,27,6,Default task
2021-06-24T20:40:38.629+09:00,User,KeyEvent,101:69:0,hello,Editor,C:/Users/User/CLionProjects/hello/main.cpp,,27,7,Default task
2021-06-24T20:40:38.837+09:00,User,Action,EditorChooseLookupItem,hello,Editor,C:/Users/User/CLionProjects/hello/main.cpp,,27,8,Default task
2021-06-24T20:40:38.849+09:00,User,KeyEvent,10:10:0,hello,Editor,C:/Users/User/CLionProjects/hello/main.cpp,,27,13,Default task
2021-06-24T20:40:41.766+09:00,User,KeyEvent,105:73:0,hello,Editor,C:/Users/User/CLionProjects/hello/main.cpp,,27,13,Default task
2021-06-24T20:40:41.869+09:00,User,KeyEvent,116:84:0,hello,Editor,C:/Users/User/CLionProjects/hello/main.cpp,,27,14,Default task
2021-06-24T20:40:41.999+09:00,User,KeyEvent,32:32:0,hello,Editor,C:/Users/User/CLionProjects/hello/main.cpp,,27,15,Default task
2021-06-24T20:40:42.230+09:00,User,KeyEvent,45:45:0,hello,Editor,C:/Users/User/CLionProjects/hello/main.cpp,,27,16,Default task
2021-06-24T20:40:42.342+09:00,User,KeyEvent,32:32:0,hello,Editor,C:/Users/User/CLionProjects/hello/main.cpp,,27,17,Default task
2021-06-24T20:40:42.621+09:00,User,KeyEvent,118:86:0,hello,Editor,C:/Users/User/CLionProjects/hello/main.cpp,,27,18,Default task
2021-06-24T20:40:42.846+09:00,User,KeyEvent,46:46:0,hello,Editor,C:/Users/User/CLionProjects/hello/main.cpp,,27,19,Default task
2021-06-24T20:40:43.245+09:00,User,KeyEvent,98:66:0,hello,Editor,C:/Users/User/CLionProjects/hello/main.cpp,,27,20,Default task
2021-06-24T20:40:43.645+09:00,User,Action,EditorChooseLookupItem,hello,Editor,C:/Users/User/CLionProjects/hello/main.cpp,,27,21,Default task
2021-06-24T20:40:43.657+09:00,User,KeyEvent,10:10:0,hello,Editor,C:/Users/User/CLionProjects/hello/main.cpp,,27,27,Default task
2021-06-24T20:40:44.886+09:00,User,KeyEvent,65535:16:1,hello,Editor,C:/Users/User/CLionProjects/hello/main.cpp,,27,27,Default task
2021-06-24T20:40:45.270+09:00,User,KeyEvent,41:48:1,hello,Editor,C:/Users/User/CLionProjects/hello/main.cpp,,27,27,Default task
2021-06-24T20:40:45.887+09:00,User,KeyEvent,59:59:0,hello,Editor,C:/Users/User/CLionProjects/hello/main.cpp,,27,28,Default task
2021-06-24T20:40:46.071+09:00,User,Action,EditorEnter,hello,Editor,C:/Users/User/CLionProjects/hello/main.cpp,,27,29,Default task
2021-06-24T20:40:46.073+09:00,User,KeyEvent,10:10:0,hello,Editor,C:/Users/User/CLionProjects/hello/main.cpp,,28,4,Default task
2021-06-24T20:40:48.230+09:00,User,Action,EditorEnter,hello,Editor,C:/Users/User/CLionProjects/hello/main.cpp,,28,4,Default task
2021-06-24T20:40:48.233+09:00,User,KeyEvent,10:10:0,hello,Editor,C:/Users/User/CLionProjects/hello/main.cpp,,29,4,Default task
2021-06-24T20:40:49.006+09:00,User,KeyEvent,102:70:0,hello,Editor,C:/Users/User/CLionProjects/hello/main.cpp,,29,4,Default task
2021-06-24T20:40:49.101+09:00,User,KeyEvent,111:79:0,hello,Editor,C:/Users/User/CLionProjects/hello/main.cpp,,29,5,Default task
2021-06-24T20:40:49.221+09:00,User,KeyEvent,114:82:0,hello,Editor,C:/Users/User/CLionProjects/hello/main.cpp,,29,6,Default task
2021-06-24T20:40:49.317+09:00,User,KeyEvent,65535:16:1,hello,Editor,C:/Users/User/CLionProjects/hello/main.cpp,,29,7,Default task
2021-06-24T20:40:49.799+09:00,User,KeyEvent,65535:16:1,hello,Editor,C:/Users/User/CLionProjects/hello/main.cpp,,29,7,Default task
2021-06-24T20:40:50.430+09:00,User,KeyEvent,65535:16:1,hello,Editor,C:/Users/User/CLionProjects/hello/main.cpp,,29,7,Default task
2021-06-24T20:40:50.582+09:00,User,KeyEvent,95:45:1,hello,Editor,C:/Users/User/CLionProjects/hello/main.cpp,,29,7,Default task
2021-06-24T20:40:50.749+09:00,User,KeyEvent,101:69:0,hello,Editor,C:/Users/User/CLionProjects/hello/main.cpp,,29,8,Default task
2021-06-24T20:40:50.822+09:00,User,KeyEvent,97:65:0,hello,Editor,C:/Users/User/CLionProjects/hello/main.cpp,,29,9,Default task
2021-06-24T20:40:51.086+09:00,User,KeyEvent,99:67:0,hello,Editor,C:/Users/User/CLionProjects/hello/main.cpp,,29,10,Default task
2021-06-24T20:40:51.158+09:00,User,KeyEvent,104:72:0,hello,Editor,C:/Users/User/CLionProjects/hello/main.cpp,,29,11,Default task
2021-06-24T20:40:51.470+09:00,User,Action,EditorChooseLookupItem,hello,Editor,C:/Users/User/CLionProjects/hello/main.cpp,,29,12,Default task
2021-06-24T20:40:51.490+09:00,User,KeyEvent,10:10:0,hello,Editor,C:/Users/User/CLionProjects/hello/main.cpp,,29,13,Default task
2021-06-24T20:40:53.959+09:00,User,KeyEvent,118:86:0,hello,Editor,C:/Users/User/CLionProjects/hello/main.cpp,,29,13,Default task
2021-06-24T20:40:54.149+09:00,User,KeyEvent,46:46:0,hello,Editor,C:/Users/User/CLionProjects/hello/main.cpp,,29,14,Default task
2021-06-24T20:40:54.352+09:00,User,KeyEvent,98:66:0,hello,Editor,C:/Users/User/CLionProjects/hello/main.cpp,,29,15,Default task
2021-06-24T20:40:54.550+09:00,User,KeyEvent,101:69:0,hello,Editor,C:/Users/User/CLionProjects/hello/main.cpp,,29,16,Default task
2021-06-24T20:41:29.743+09:00,User,Action,EditorBackSpace,hello,Editor,C:/Users/User/CLionProjects/hello/main.cpp,,29,17,Default task
2021-06-24T20:41:29.762+09:00,User,KeyEvent,8:8:0,hello,Editor,C:/Users/User/CLionProjects/hello/main.cpp,,29,16,Default task
2021-06-24T20:41:29.885+09:00,User,Action,EditorBackSpace,hello,Editor,C:/Users/User/CLionProjects/hello/main.cpp,,29,16,Default task
2021-06-24T20:41:29.891+09:00,User,KeyEvent,8:8:0,hello,Editor,C:/Users/User/CLionProjects/hello/main.cpp,,29,15,Default task
2021-06-24T20:41:29.998+09:00,User,Action,EditorBackSpace,hello,Editor,C:/Users/User/CLionProjects/hello/main.cpp,,29,15,Default task
2021-06-24T20:41:30.014+09:00,User,KeyEvent,8:8:0,hello,Editor,C:/Users/User/CLionProjects/hello/main.cpp,,29,14,Default task
2021-06-24T20:41:32.925+09:00,User,KeyEvent,46:46:0,hello,Editor,C:/Users/User/CLionProjects/hello/main.cpp,,29,14,Default task
2021-06-24T20:41:33.058+09:00,User,KeyEvent,98:66:0,hello,Editor,C:/Users/User/CLionProjects/hello/main.cpp,,29,15,Default task
2021-06-24T20:41:33.213+09:00,User,KeyEvent,101:69:0,hello,Editor,C:/Users/User/CLionProjects/hello/main.cpp,,29,16,Default task
2021-06-24T20:41:33.478+09:00,User,Action,EditorChooseLookupItem,hello,Editor,C:/Users/User/CLionProjects/hello/main.cpp,,29,17,Default task
2021-06-24T20:41:33.505+09:00,User,KeyEvent,10:10:0,hello,Editor,C:/Users/User/CLionProjects/hello/main.cpp,,29,22,Default task
2021-06-24T20:41:33.909+09:00,User,KeyEvent,44:44:0,hello,Editor,C:/Users/User/CLionProjects/hello/main.cpp,,29,22,Default task
2021-06-24T20:41:34.053+09:00,User,KeyEvent,32:32:0,hello,Editor,C:/Users/User/CLionProjects/hello/main.cpp,,29,23,Default task
2021-06-24T20:41:34.566+09:00,User,KeyEvent,118:86:0,hello,Editor,C:/Users/User/CLionProjects/hello/main.cpp,,29,24,Default task
2021-06-24T20:41:34.704+09:00,User,KeyEvent,46:46:0,hello,Editor,C:/Users/User/CLionProjects/hello/main.cpp,,29,25,Default task
2021-06-24T20:41:34.912+09:00,User,KeyEvent,101:69:0,hello,Editor,C:/Users/User/CLionProjects/hello/main.cpp,,29,26,Default task
2021-06-24T20:41:35.021+09:00,User,KeyEvent,110:78:0,hello,Editor,C:/Users/User/CLionProjects/hello/main.cpp,,29,27,Default task
2021-06-24T20:41:35.342+09:00,User,Action,EditorChooseLookupItem,hello,Editor,C:/Users/User/CLionProjects/hello/main.cpp,,29,28,Default task
2021-06-24T20:41:35.355+09:00,User,KeyEvent,10:10:0,hello,Editor,C:/Users/User/CLionProjects/hello/main.cpp,,29,31,Default task
2021-06-24T20:41:36.098+09:00,User,KeyEvent,44:44:0,hello,Editor,C:/Users/User/CLionProjects/hello/main.cpp,,29,31,Default task
2021-06-24T20:41:36.222+09:00,User,KeyEvent,32:32:0,hello,Editor,C:/Users/User/CLionProjects/hello/main.cpp,,29,32,Default task
2021-06-24T20:41:39.030+09:00,User,KeyEvent,91:91:0,hello,Editor,C:/Users/User/CLionProjects/hello/main.cpp,,29,33,Default task
2021-06-24T20:41:39.814+09:00,User,KeyEvent,65535:16:1,hello,Editor,C:/Users/User/CLionProjects/hello/main.cpp,,29,34,Default task
2021-06-24T20:41:40.134+09:00,User,KeyEvent,38:55:1,hello,Editor,C:/Users/User/CLionProjects/hello/main.cpp,,29,34,Default task
2021-06-24T20:41:40.646+09:00,User,KeyEvent,93:93:0,hello,Editor,C:/Users/User/CLionProjects/hello/main.cpp,,29,35,Default task
2021-06-24T20:41:40.892+09:00,User,KeyEvent,65535:16:1,hello,Editor,C:/Users/User/CLionProjects/hello/main.cpp,,29,36,Default task
2021-06-24T20:41:41.174+09:00,User,KeyEvent,40:57:1,hello,Editor,C:/Users/User/CLionProjects/hello/main.cpp,,29,36,Default task
2021-06-24T20:41:44.374+09:00,User,Action,EditorBackSpace,hello,Editor,C:/Users/User/CLionProjects/hello/main.cpp,,29,37,Default task
2021-06-24T20:41:44.375+09:00,User,KeyEvent,8:8:0,hello,Editor,C:/Users/User/CLionProjects/hello/main.cpp,,29,36,Default task
2021-06-24T20:41:44.502+09:00,User,Action,EditorBackSpace,hello,Editor,C:/Users/User/CLionProjects/hello/main.cpp,,29,36,Default task
2021-06-24T20:41:44.512+09:00,User,KeyEvent,8:8:0,hello,Editor,C:/Users/User/CLionProjects/hello/main.cpp,,29,35,Default task
2021-06-24T20:41:44.718+09:00,User,Action,EditorBackSpace,hello,Editor,C:/Users/User/CLionProjects/hello/main.cpp,,29,35,Default task
2021-06-24T20:41:44.720+09:00,User,KeyEvent,8:8:0,hello,Editor,C:/Users/User/CLionProjects/hello/main.cpp,,29,34,Default task
2021-06-24T20:41:45.375+09:00,User,KeyEvent,93:93:0,hello,Editor,C:/Users/User/CLionProjects/hello/main.cpp,,29,34,Default task
2021-06-24T20:41:45.502+09:00,User,KeyEvent,32:32:0,hello,Editor,C:/Users/User/CLionProjects/hello/main.cpp,,29,35,Default task
2021-06-24T20:41:45.981+09:00,User,Action,EditorBackSpace,hello,Editor,C:/Users/User/CLionProjects/hello/main.cpp,,29,36,Default task
2021-06-24T20:41:45.982+09:00,User,KeyEvent,8:8:0,hello,Editor,C:/Users/User/CLionProjects/hello/main.cpp,,29,35,Default task
2021-06-24T20:41:46.181+09:00,User,KeyEvent,65535:16:1,hello,Editor,C:/Users/User/CLionProjects/hello/main.cpp,,29,35,Default task
2021-06-24T20:41:46.278+09:00,User,KeyEvent,40:57:1,hello,Editor,C:/Users/User/CLionProjects/hello/main.cpp,,29,35,Default task
2021-06-24T20:41:46.646+09:00,User,KeyEvent,105:73:0,hello,Editor,C:/Users/User/CLionProjects/hello/main.cpp,,29,36,Default task
2021-06-24T20:41:46.775+09:00,User,KeyEvent,110:78:0,hello,Editor,C:/Users/User/CLionProjects/hello/main.cpp,,29,37,Default task
2021-06-24T20:41:46.870+09:00,User,KeyEvent,116:84:0,hello,Editor,C:/Users/User/CLionProjects/hello/main.cpp,,29,38,Default task
2021-06-24T20:41:46.975+09:00,User,KeyEvent,32:32:0,hello,Editor,C:/Users/User/CLionProjects/hello/main.cpp,,29,39,Default task
2021-06-24T20:41:47.063+09:00,User,KeyEvent,110:78:0,hello,Editor,C:/Users/User/CLionProjects/hello/main.cpp,,29,40,Default task
2021-06-24T20:41:47.133+09:00,User,KeyEvent,117:85:0,hello,Editor,C:/Users/User/CLionProjects/hello/main.cpp,,29,41,Default task
2021-06-24T20:41:47.309+09:00,User,KeyEvent,109:77:0,hello,Editor,C:/Users/User/CLionProjects/hello/main.cpp,,29,42,Default task
2021-06-24T20:41:47.567+09:00,User,KeyEvent,65535:16:1,hello,Editor,C:/Users/User/CLionProjects/hello/main.cpp,,29,43,Default task
2021-06-24T20:41:47.669+09:00,User,KeyEvent,41:48:1,hello,Editor,C:/Users/User/CLionProjects/hello/main.cpp,,29,43,Default task
2021-06-24T20:41:48.352+09:00,User,KeyEvent,65535:16:1,hello,Editor,C:/Users/User/CLionProjects/hello/main.cpp,,29,44,Default task
2021-06-24T20:41:48.487+09:00,User,KeyEvent,123:91:1,hello,Editor,C:/Users/User/CLionProjects/hello/main.cpp,,29,44,Default task
2021-06-24T20:41:48.655+09:00,User,Action,EditorEnter,hello,Editor,C:/Users/User/CLionProjects/hello/main.cpp,,29,45,Default task
2021-06-24T20:41:48.658+09:00,User,KeyEvent,10:10:0,hello,Editor,C:/Users/User/CLionProjects/hello/main.cpp,,30,8,Default task
2021-06-24T20:41:49.447+09:00,User,Action,EditorDown,hello,Editor,C:/Users/User/CLionProjects/hello/main.cpp,,30,8,Default task
2021-06-24T20:41:49.449+09:00,User,KeyEvent,65535:40:0,hello,Editor,C:/Users/User/CLionProjects/hello/main.cpp,,31,6,Default task
2021-06-24T20:41:49.982+09:00,User,KeyEvent,59:59:0,hello,Editor,C:/Users/User/CLionProjects/hello/main.cpp,,31,6,Default task
2021-06-24T20:41:50.287+09:00,User,Action,EditorUp,hello,Editor,C:/Users/User/CLionProjects/hello/main.cpp,,31,7,Default task
2021-06-24T20:41:50.288+09:00,User,KeyEvent,65535:38:0,hello,Editor,C:/Users/User/CLionProjects/hello/main.cpp,,30,7,Default task
2021-06-24T20:41:50.781+09:00,User,KeyEvent,99:67:0,hello,Editor,C:/Users/User/CLionProjects/hello/main.cpp,,30,7,Default task
2021-06-24T20:41:50.870+09:00,User,KeyEvent,111:79:0,hello,Editor,C:/Users/User/CLionProjects/hello/main.cpp,,30,8,Default task
2021-06-24T20:41:51.056+09:00,User,KeyEvent,117:85:0,hello,Editor,C:/Users/User/CLionProjects/hello/main.cpp,,30,9,Default task
2021-06-24T20:41:51.165+09:00,User,KeyEvent,116:84:0,hello,Editor,C:/Users/User/CLionProjects/hello/main.cpp,,30,10,Default task
2021-06-24T20:41:51.326+09:00,User,KeyEvent,65535:16:1,hello,Editor,C:/Users/User/CLionProjects/hello/main.cpp,,30,11,Default task
2021-06-24T20:41:51.397+09:00,User,KeyEvent,60:44:1,hello,Editor,C:/Users/User/CLionProjects/hello/main.cpp,,30,11,Default task
2021-06-24T20:41:51.533+09:00,User,KeyEvent,60:44:1,hello,Editor,C:/Users/User/CLionProjects/hello/main.cpp,,30,12,Default task
2021-06-24T20:41:51.694+09:00,User,KeyEvent,32:32:0,hello,Editor,C:/Users/User/CLionProjects/hello/main.cpp,,30,13,Default task
2021-06-24T20:41:52.942+09:00,User,KeyEvent,118:86:0,hello,Editor,C:/Users/User/CLionProjects/hello/main.cpp,,30,14,Default task
2021-06-24T20:41:53.005+09:00,User,KeyEvent,46:46:0,hello,Editor,C:/Users/User/CLionProjects/hello/main.cpp,,30,15,Default task
2021-06-24T20:41:53.822+09:00,User,Action,EditorBackSpace,hello,Editor,C:/Users/User/CLionProjects/hello/main.cpp,,30,16,Default task
2021-06-24T20:41:53.840+09:00,User,KeyEvent,8:8:0,hello,Editor,C:/Users/User/CLionProjects/hello/main.cpp,,30,15,Default task
2021-06-24T20:41:54.871+09:00,User,Action,EditorBackSpace,hello,Editor,C:/Users/User/CLionProjects/hello/main.cpp,,30,15,Default task
2021-06-24T20:41:54.872+09:00,User,KeyEvent,8:8:0,hello,Editor,C:/Users/User/CLionProjects/hello/main.cpp,,30,14,Default task
2021-06-24T20:41:55.213+09:00,User,KeyEvent,110:78:0,hello,Editor,C:/Users/User/CLionProjects/hello/main.cpp,,30,14,Default task
2021-06-24T20:41:55.302+09:00,User,KeyEvent,117:85:0,hello,Editor,C:/Users/User/CLionProjects/hello/main.cpp,,30,15,Default task
2021-06-24T20:41:55.477+09:00,User,KeyEvent,109:77:0,hello,Editor,C:/Users/User/CLionProjects/hello/main.cpp,,30,16,Default task
2021-06-24T20:41:55.629+09:00,User,KeyEvent,32:32:0,hello,Editor,C:/Users/User/CLionProjects/hello/main.cpp,,30,17,Default task
2021-06-24T20:41:55.727+09:00,User,KeyEvent,65535:16:1,hello,Editor,C:/Users/User/CLionProjects/hello/main.cpp,,30,18,Default task
2021-06-24T20:41:55.797+09:00,User,KeyEvent,60:44:1,hello,Editor,C:/Users/User/CLionProjects/hello/main.cpp,,30,18,Default task
2021-06-24T20:41:55.959+09:00,User,KeyEvent,60:44:1,hello,Editor,C:/Users/User/CLionProjects/hello/main.cpp,,30,19,Default task
2021-06-24T20:41:56.550+09:00,User,KeyEvent,32:32:0,hello,Editor,C:/Users/User/CLionProjects/hello/main.cpp,,30,20,Default task
2021-06-24T20:41:56.925+09:00,User,KeyEvent,65535:16:1,hello,Editor,C:/Users/User/CLionProjects/hello/main.cpp,,30,21,Default task
2021-06-24T20:41:57.005+09:00,User,KeyEvent,34:222:1,hello,Editor,C:/Users/User/CLionProjects/hello/main.cpp,,30,21,Default task
2021-06-24T20:41:57.167+09:00,User,KeyEvent,32:32:0,hello,Editor,C:/Users/User/CLionProjects/hello/main.cpp,,30,22,Default task
2021-06-24T20:41:57.389+09:00,User,KeyEvent,65535:16:1,hello,Editor,C:/Users/User/CLionProjects/hello/main.cpp,,30,23,Default task
2021-06-24T20:41:57.430+09:00,User,KeyEvent,34:222:1,hello,Editor,C:/Users/User/CLionProjects/hello/main.cpp,,30,23,Default task
2021-06-24T20:41:57.893+09:00,User,KeyEvent,59:59:0,hello,Editor,C:/Users/User/CLionProjects/hello/main.cpp,,30,24,Default task
2021-06-24T20:42:00.854+09:00,User,Action,EditorEnter,hello,Editor,C:/Users/User/CLionProjects/hello/main.cpp,,31,7,Default task
2021-06-24T20:42:00.857+09:00,User,KeyEvent,10:10:0,hello,Editor,C:/Users/User/CLionProjects/hello/main.cpp,,32,4,Default task
2021-06-24T20:42:01.238+09:00,User,KeyEvent,65535:17:2,hello,Editor,C:/Users/User/CLionProjects/hello/main.cpp,,32,4,Default task
2021-06-24T20:42:01.389+09:00,User,Action,SaveAll,hello,Editor,C:/Users/User/CLionProjects/hello/main.cpp,,32,4,Default task
2021-06-24T20:42:01.402+09:00,User,KeyEvent,19:83:2,hello,Editor,C:/Users/User/CLionProjects/hello/main.cpp,,32,4,Default task
2021-06-24T20:42:02.388+09:00,User,Action,Run,hello,Editor,C:/Users/User/CLionProjects/hello/main.cpp,,32,4,Default task
2021-06-24T20:43:06.957+09:00,User,Action,EditorLeft,hello,Editor,C:/Users/User/CLionProjects/hello/main.cpp,,17,38,Default task
2021-06-24T20:43:06.958+09:00,User,KeyEvent,65535:37:0,hello,Editor,C:/Users/User/CLionProjects/hello/main.cpp,,17,37,Default task
2021-06-24T20:43:07.567+09:00,User,KeyEvent,105:73:0,hello,Editor,C:/Users/User/CLionProjects/hello/main.cpp,,17,37,Default task
2021-06-24T20:43:07.669+09:00,User,KeyEvent,110:78:0,hello,Editor,C:/Users/User/CLionProjects/hello/main.cpp,,17,38,Default task
2021-06-24T20:43:07.733+09:00,User,KeyEvent,116:84:0,hello,Editor,C:/Users/User/CLionProjects/hello/main.cpp,,17,39,Default task
2021-06-24T20:43:07.888+09:00,User,KeyEvent,32:32:0,hello,Editor,C:/Users/User/CLionProjects/hello/main.cpp,,17,40,Default task
2021-06-24T20:43:07.933+09:00,User,KeyEvent,110:78:0,hello,Editor,C:/Users/User/CLionProjects/hello/main.cpp,,17,41,Default task
2021-06-24T20:43:08.030+09:00,User,KeyEvent,117:85:0,hello,Editor,C:/Users/User/CLionProjects/hello/main.cpp,,17,42,Default task
2021-06-24T20:43:08.198+09:00,User,KeyEvent,109:77:0,hello,Editor,C:/Users/User/CLionProjects/hello/main.cpp,,17,43,Default task
2021-06-24T20:43:08.455+09:00,User,KeyEvent,65535:16:1,hello,Editor,C:/Users/User/CLionProjects/hello/main.cpp,,17,44,Default task
2021-06-24T20:43:08.533+09:00,User,KeyEvent,41:48:1,hello,Editor,C:/Users/User/CLionProjects/hello/main.cpp,,17,44,Default task
2021-06-24T20:43:09.214+09:00,User,KeyEvent,65535:17:2,hello,Editor,C:/Users/User/CLionProjects/hello/main.cpp,,17,45,Default task
2021-06-24T20:43:09.326+09:00,User,Action,SaveAll,hello,Editor,C:/Users/User/CLionProjects/hello/main.cpp,,17,45,Default task
2021-06-24T20:43:09.337+09:00,User,KeyEvent,19:83:2,hello,Editor,C:/Users/User/CLionProjects/hello/main.cpp,,17,45,Default task
2021-06-24T20:43:10.389+09:00,User,Action,Run,hello,Editor,C:/Users/User/CLionProjects/hello/main.cpp,,17,45,Default task
2021-06-24T20:43:21.607+09:00,User,KeyEvent,65535:17:2,hello,Editor,C:/Users/User/CLionProjects/hello/main.cpp,,17,45,Default task
2021-06-24T20:43:21.728+09:00,User,KeyEvent,22:86:2,hello,Editor,C:/Users/User/CLionProjects/hello/main.cpp,,17,45,Default task
2021-06-24T20:43:22.239+09:00,User,KeyEvent,10:10:0,hello,Editor,C:/Users/User/CLionProjects/hello/main.cpp,,17,45,Default task
2021-06-24T20:43:26.535+09:00,User,KeyEvent,65535:17:2,hello,Editor,C:/Users/User/CLionProjects/hello/main.cpp,,0,0,Default task
2021-06-24T20:43:26.849+09:00,User,Action,EditorCopy,hello,Editor,C:/Users/User/CLionProjects/hello/main.cpp,,0,0,Default task
2021-06-24T20:43:26.860+09:00,User,KeyEvent,3:67:2,hello,Editor,C:/Users/User/CLionProjects/hello/main.cpp,,0,0,Default task
