2021-06-22T19:32:56.266+09:00,User,Action,Roll Tracking Log,,,,,-1,-1,
2021-06-22T19:34:18.020+09:00,User,Action,CPP.CreateCMakeProject,warmup1,Editor,C:/Users/User/CLionProjects/warmup1/main.cpp,,7,0,Default task
2021-06-22T19:34:26.035+09:00,User,Action,EditorBackSpace,warmup1,Editor,C:/Users/User/CLionProjects/warmup1/main.cpp,,7,0,Default task
2021-06-22T19:34:26.047+09:00,User,KeyEvent,8:8:0,warmup1,Editor,C:/Users/User/CLionProjects/warmup1/main.cpp,,7,0,Default task
2021-06-22T19:34:26.177+09:00,User,Action,EditorBackSpace,warmup1,Editor,C:/Users/User/CLionProjects/warmup1/main.cpp,,7,0,Default task
2021-06-22T19:34:26.179+09:00,User,KeyEvent,8:8:0,warmup1,Editor,C:/Users/User/CLionProjects/warmup1/main.cpp,,7,0,Default task
2021-06-22T19:34:26.282+09:00,User,Action,EditorBackSpace,warmup1,Editor,C:/Users/User/CLionProjects/warmup1/main.cpp,,7,0,Default task
2021-06-22T19:34:26.285+09:00,User,KeyEvent,8:8:0,warmup1,Editor,C:/Users/User/CLionProjects/warmup1/main.cpp,,7,0,Default task
2021-06-22T19:34:26.443+09:00,User,Action,EditorBackSpace,warmup1,Editor,C:/Users/User/CLionProjects/warmup1/main.cpp,,7,0,Default task
2021-06-22T19:34:26.447+09:00,User,KeyEvent,8:8:0,warmup1,Editor,C:/Users/User/CLionProjects/warmup1/main.cpp,,7,0,Default task
2021-06-22T19:34:26.523+09:00,User,Action,EditorBackSpace,warmup1,Editor,C:/Users/User/CLionProjects/warmup1/main.cpp,,7,0,Default task
2021-06-22T19:34:26.527+09:00,User,KeyEvent,8:8:0,warmup1,Editor,C:/Users/User/CLionProjects/warmup1/main.cpp,,7,0,Default task
2021-06-22T19:34:26.707+09:00,User,Action,EditorBackSpace,warmup1,Editor,C:/Users/User/CLionProjects/warmup1/main.cpp,,7,0,Default task
2021-06-22T19:34:26.712+09:00,User,KeyEvent,8:8:0,warmup1,Editor,C:/Users/User/CLionProjects/warmup1/main.cpp,,7,0,Default task
2021-06-22T19:34:26.931+09:00,User,Action,EditorBackSpace,warmup1,Editor,C:/Users/User/CLionProjects/warmup1/main.cpp,,7,0,Default task
2021-06-22T19:34:26.937+09:00,User,KeyEvent,8:8:0,warmup1,Editor,C:/Users/User/CLionProjects/warmup1/main.cpp,,7,0,Default task
2021-06-22T19:34:27.075+09:00,User,Action,EditorBackSpace,warmup1,Editor,C:/Users/User/CLionProjects/warmup1/main.cpp,,7,0,Default task
2021-06-22T19:34:27.080+09:00,User,KeyEvent,8:8:0,warmup1,Editor,C:/Users/User/CLionProjects/warmup1/main.cpp,,7,0,Default task
2021-06-22T19:34:27.443+09:00,User,KeyEvent,119:87:0,warmup1,Editor,C:/Users/User/CLionProjects/warmup1/main.cpp,,7,0,Default task
2021-06-22T19:34:27.601+09:00,User,KeyEvent,97:65:0,warmup1,Editor,C:/Users/User/CLionProjects/warmup1/main.cpp,,7,0,Default task
2021-06-22T19:34:27.851+09:00,User,KeyEvent,114:82:0,warmup1,Editor,C:/Users/User/CLionProjects/warmup1/main.cpp,,7,0,Default task
2021-06-22T19:34:28.083+09:00,User,KeyEvent,109:77:0,warmup1,Editor,C:/Users/User/CLionProjects/warmup1/main.cpp,,7,0,Default task
2021-06-22T19:34:28.322+09:00,User,KeyEvent,117:85:0,warmup1,Editor,C:/Users/User/CLionProjects/warmup1/main.cpp,,7,0,Default task
2021-06-22T19:34:28.586+09:00,User,KeyEvent,112:80:0,warmup1,Editor,C:/Users/User/CLionProjects/warmup1/main.cpp,,7,0,Default task
2021-06-22T19:34:28.843+09:00,User,KeyEvent,50:50:0,warmup1,Editor,C:/Users/User/CLionProjects/warmup1/main.cpp,,7,0,Default task
2021-06-22T19:34:32.728+09:00,User,KeyEvent,10:10:0,warmup2,Editor,C:/Users/User/CLionProjects/warmup2/main.cpp,,0,0,Default task
2021-06-22T19:34:40.473+09:00,User,KeyEvent,117:85:0,warmup2,Editor,C:/Users/User/CLionProjects/warmup2/main.cpp,,1,0,Default task
2021-06-22T19:34:40.825+09:00,User,KeyEvent,115:83:0,warmup2,Editor,C:/Users/User/CLionProjects/warmup2/main.cpp,,1,1,Default task
2021-06-22T19:34:41.026+09:00,User,KeyEvent,105:73:0,warmup2,Editor,C:/Users/User/CLionProjects/warmup2/main.cpp,,1,2,Default task
2021-06-22T19:34:41.107+09:00,User,KeyEvent,110:78:0,warmup2,Editor,C:/Users/User/CLionProjects/warmup2/main.cpp,,1,3,Default task
2021-06-22T19:34:41.213+09:00,User,KeyEvent,103:71:0,warmup2,Editor,C:/Users/User/CLionProjects/warmup2/main.cpp,,1,4,Default task
2021-06-22T19:34:41.306+09:00,User,KeyEvent,32:32:0,warmup2,Editor,C:/Users/User/CLionProjects/warmup2/main.cpp,,1,5,Default task
2021-06-22T19:34:41.507+09:00,User,KeyEvent,110:78:0,warmup2,Editor,C:/Users/User/CLionProjects/warmup2/main.cpp,,1,6,Default task
2021-06-22T19:34:41.594+09:00,User,KeyEvent,97:65:0,warmup2,Editor,C:/Users/User/CLionProjects/warmup2/main.cpp,,1,7,Default task
2021-06-22T19:34:41.805+09:00,User,KeyEvent,109:77:0,warmup2,Editor,C:/Users/User/CLionProjects/warmup2/main.cpp,,1,8,Default task
2021-06-22T19:34:42.546+09:00,User,KeyEvent,101:69:0,warmup2,Editor,C:/Users/User/CLionProjects/warmup2/main.cpp,,1,9,Default task
2021-06-22T19:34:42.809+09:00,User,Action,EditorChooseLookupItem,warmup2,Editor,C:/Users/User/CLionProjects/warmup2/main.cpp,,1,10,Default task
2021-06-22T19:34:42.839+09:00,User,KeyEvent,10:10:0,warmup2,Editor,C:/Users/User/CLionProjects/warmup2/main.cpp,,1,16,Default task
2021-06-22T19:34:43.122+09:00,User,KeyEvent,32:32:0,warmup2,Editor,C:/Users/User/CLionProjects/warmup2/main.cpp,,1,16,Default task
2021-06-22T19:34:43.289+09:00,User,KeyEvent,115:83:0,warmup2,Editor,C:/Users/User/CLionProjects/warmup2/main.cpp,,1,17,Default task
2021-06-22T19:34:43.386+09:00,User,KeyEvent,116:84:0,warmup2,Editor,C:/Users/User/CLionProjects/warmup2/main.cpp,,1,18,Default task
2021-06-22T19:34:43.490+09:00,User,KeyEvent,100:68:0,warmup2,Editor,C:/Users/User/CLionProjects/warmup2/main.cpp,,1,19,Default task
2021-06-22T19:34:43.802+09:00,User,Action,EditorBackSpace,warmup2,Editor,C:/Users/User/CLionProjects/warmup2/main.cpp,,1,20,Default task
2021-06-22T19:34:43.806+09:00,User,KeyEvent,8:8:0,warmup2,Editor,C:/Users/User/CLionProjects/warmup2/main.cpp,,1,19,Default task
2021-06-22T19:34:43.961+09:00,User,Action,EditorBackSpace,warmup2,Editor,C:/Users/User/CLionProjects/warmup2/main.cpp,,1,19,Default task
2021-06-22T19:34:43.965+09:00,User,KeyEvent,8:8:0,warmup2,Editor,C:/Users/User/CLionProjects/warmup2/main.cpp,,1,18,Default task
2021-06-22T19:34:44.234+09:00,User,Action,EditorBackSpace,warmup2,Editor,C:/Users/User/CLionProjects/warmup2/main.cpp,,1,18,Default task
2021-06-22T19:34:44.239+09:00,User,KeyEvent,8:8:0,warmup2,Editor,C:/Users/User/CLionProjects/warmup2/main.cpp,,1,17,Default task
2021-06-22T19:34:44.409+09:00,User,Action,EditorBackSpace,warmup2,Editor,C:/Users/User/CLionProjects/warmup2/main.cpp,,1,17,Default task
2021-06-22T19:34:44.420+09:00,User,KeyEvent,8:8:0,warmup2,Editor,C:/Users/User/CLionProjects/warmup2/main.cpp,,1,16,Default task
2021-06-22T19:34:44.618+09:00,User,Action,EditorBackSpace,warmup2,Editor,C:/Users/User/CLionProjects/warmup2/main.cpp,,1,16,Default task
2021-06-22T19:34:44.621+09:00,User,KeyEvent,8:8:0,warmup2,Editor,C:/Users/User/CLionProjects/warmup2/main.cpp,,1,15,Default task
2021-06-22T19:34:45.011+09:00,User,KeyEvent,32:32:0,warmup2,Editor,C:/Users/User/CLionProjects/warmup2/main.cpp,,1,15,Default task
2021-06-22T19:34:45.218+09:00,User,KeyEvent,115:83:0,warmup2,Editor,C:/Users/User/CLionProjects/warmup2/main.cpp,,1,16,Default task
2021-06-22T19:34:45.307+09:00,User,KeyEvent,116:84:0,warmup2,Editor,C:/Users/User/CLionProjects/warmup2/main.cpp,,1,17,Default task
2021-06-22T19:34:45.386+09:00,User,KeyEvent,100:68:0,warmup2,Editor,C:/Users/User/CLionProjects/warmup2/main.cpp,,1,18,Default task
2021-06-22T19:34:45.499+09:00,User,KeyEvent,59:59:0,warmup2,Editor,C:/Users/User/CLionProjects/warmup2/main.cpp,,1,19,Default task
2021-06-22T19:34:45.651+09:00,User,Action,EditorEnter,warmup2,Editor,C:/Users/User/CLionProjects/warmup2/main.cpp,,1,20,Default task
2021-06-22T19:34:45.656+09:00,User,KeyEvent,10:10:0,warmup2,Editor,C:/Users/User/CLionProjects/warmup2/main.cpp,,2,0,Default task
2021-06-22T19:34:50.044+09:00,User,KeyEvent,65535:16:1,warmup2,Editor,C:/Users/User/CLionProjects/warmup2/main.cpp,,5,4,Default task
2021-06-22T19:34:50.194+09:00,User,Action,EditorUpWithSelection,warmup2,Editor,C:/Users/User/CLionProjects/warmup2/main.cpp,,5,4,Default task
2021-06-22T19:34:50.198+09:00,User,KeyEvent,65535:38:1,warmup2,Editor,C:/Users/User/CLionProjects/warmup2/main.cpp,,4,4,Default task
2021-06-22T19:34:51.182+09:00,User,Action,EditorDelete,warmup2,Editor,C:/Users/User/CLionProjects/warmup2/main.cpp,,4,4,Default task
2021-06-22T19:34:51.195+09:00,User,KeyEvent,127:127:0,warmup2,Editor,C:/Users/User/CLionProjects/warmup2/main.cpp,,4,4,Default task
2021-06-22T19:34:51.858+09:00,User,Action,EditorEnter,warmup2,Editor,C:/Users/User/CLionProjects/warmup2/main.cpp,,4,4,Default task
2021-06-22T19:34:51.867+09:00,User,KeyEvent,10:10:0,warmup2,Editor,C:/Users/User/CLionProjects/warmup2/main.cpp,,5,4,Default task
2021-06-22T19:34:52.195+09:00,User,Action,EditorUp,warmup2,Editor,C:/Users/User/CLionProjects/warmup2/main.cpp,,5,4,Default task
2021-06-22T19:34:52.197+09:00,User,KeyEvent,65535:38:0,warmup2,Editor,C:/Users/User/CLionProjects/warmup2/main.cpp,,4,4,Default task
2021-06-22T19:34:55.706+09:00,User,KeyEvent,99:67:0,warmup2,Editor,C:/Users/User/CLionProjects/warmup2/main.cpp,,4,4,Default task
2021-06-22T19:34:55.781+09:00,User,KeyEvent,111:79:0,warmup2,Editor,C:/Users/User/CLionProjects/warmup2/main.cpp,,4,5,Default task
2021-06-22T19:34:56.015+09:00,User,KeyEvent,117:85:0,warmup2,Editor,C:/Users/User/CLionProjects/warmup2/main.cpp,,4,6,Default task
2021-06-22T19:34:56.161+09:00,User,KeyEvent,116:84:0,warmup2,Editor,C:/Users/User/CLionProjects/warmup2/main.cpp,,4,7,Default task
2021-06-22T19:34:56.370+09:00,User,KeyEvent,65535:16:1,warmup2,Editor,C:/Users/User/CLionProjects/warmup2/main.cpp,,4,8,Default task
2021-06-22T19:34:56.451+09:00,User,KeyEvent,60:44:1,warmup2,Editor,C:/Users/User/CLionProjects/warmup2/main.cpp,,4,8,Default task
2021-06-22T19:34:56.577+09:00,User,KeyEvent,60:44:1,warmup2,Editor,C:/Users/User/CLionProjects/warmup2/main.cpp,,4,9,Default task
2021-06-22T19:34:57.280+09:00,User,KeyEvent,65535:16:1,warmup2,Editor,C:/Users/User/CLionProjects/warmup2/main.cpp,,4,10,Default task
2021-06-22T19:34:57.537+09:00,User,KeyEvent,34:222:1,warmup2,Editor,C:/Users/User/CLionProjects/warmup2/main.cpp,,4,10,Default task
2021-06-22T19:35:01.376+09:00,User,KeyEvent,32:32:0,warmup2,Editor,C:/Users/User/CLionProjects/warmup2/main.cpp,,4,15,Default task
2021-06-22T19:35:03.473+09:00,User,KeyEvent,65535:16:1,warmup2,Editor,C:/Users/User/CLionProjects/warmup2/main.cpp,,4,19,Default task
2021-06-22T19:35:03.614+09:00,User,KeyEvent,34:222:1,warmup2,Editor,C:/Users/User/CLionProjects/warmup2/main.cpp,,4,20,Default task
2021-06-22T19:35:04.203+09:00,User,KeyEvent,65535:16:1,warmup2,Editor,C:/Users/User/CLionProjects/warmup2/main.cpp,,4,21,Default task
2021-06-22T19:35:04.634+09:00,User,KeyEvent,60:44:1,warmup2,Editor,C:/Users/User/CLionProjects/warmup2/main.cpp,,4,21,Default task
2021-06-22T19:35:04.761+09:00,User,KeyEvent,60:44:1,warmup2,Editor,C:/Users/User/CLionProjects/warmup2/main.cpp,,4,22,Default task
2021-06-22T19:35:05.154+09:00,User,KeyEvent,101:69:0,warmup2,Editor,C:/Users/User/CLionProjects/warmup2/main.cpp,,4,23,Default task
2021-06-22T19:35:05.323+09:00,User,KeyEvent,110:78:0,warmup2,Editor,C:/Users/User/CLionProjects/warmup2/main.cpp,,4,24,Default task
2021-06-22T19:35:05.417+09:00,User,KeyEvent,100:68:0,warmup2,Editor,C:/Users/User/CLionProjects/warmup2/main.cpp,,4,25,Default task
2021-06-22T19:35:05.537+09:00,User,KeyEvent,108:76:0,warmup2,Editor,C:/Users/User/CLionProjects/warmup2/main.cpp,,4,26,Default task
2021-06-22T19:35:05.729+09:00,User,KeyEvent,59:59:0,warmup2,Editor,C:/Users/User/CLionProjects/warmup2/main.cpp,,4,27,Default task
2021-06-22T19:35:06.146+09:00,User,KeyEvent,65535:16:1,warmup2,Editor,C:/Users/User/CLionProjects/warmup2/main.cpp,,4,28,Default task
2021-06-22T19:35:06.226+09:00,User,Action,EditorUpWithSelection,warmup2,Editor,C:/Users/User/CLionProjects/warmup2/main.cpp,,4,28,Default task
2021-06-22T19:35:06.228+09:00,User,KeyEvent,65535:38:1,warmup2,Editor,C:/Users/User/CLionProjects/warmup2/main.cpp,,3,12,Default task
2021-06-22T19:35:06.458+09:00,User,Action,EditorRightWithSelection,warmup2,Editor,C:/Users/User/CLionProjects/warmup2/main.cpp,,3,12,Default task
2021-06-22T19:35:06.459+09:00,User,KeyEvent,65535:39:1,warmup2,Editor,C:/Users/User/CLionProjects/warmup2/main.cpp,,4,0,Default task
2021-06-22T19:35:06.810+09:00,User,KeyEvent,65535:17:2,warmup2,Editor,C:/Users/User/CLionProjects/warmup2/main.cpp,,4,0,Default task
2021-06-22T19:35:06.911+09:00,User,Action,EditorCopy,warmup2,Editor,C:/Users/User/CLionProjects/warmup2/main.cpp,,4,0,Default task
2021-06-22T19:35:07.014+09:00,User,KeyEvent,3:67:2,warmup2,Editor,C:/Users/User/CLionProjects/warmup2/main.cpp,,4,0,Default task
2021-06-22T19:35:07.190+09:00,User,Action,EditorRight,warmup2,Editor,C:/Users/User/CLionProjects/warmup2/main.cpp,,4,0,Default task
2021-06-22T19:35:07.194+09:00,User,KeyEvent,65535:39:0,warmup2,Editor,C:/Users/User/CLionProjects/warmup2/main.cpp,,4,28,Default task
2021-06-22T19:35:07.555+09:00,User,Action,EditorEnter,warmup2,Editor,C:/Users/User/CLionProjects/warmup2/main.cpp,,4,28,Default task
2021-06-22T19:35:07.561+09:00,User,KeyEvent,10:10:0,warmup2,Editor,C:/Users/User/CLionProjects/warmup2/main.cpp,,5,4,Default task
2021-06-22T19:35:07.658+09:00,User,KeyEvent,65535:17:2,warmup2,Editor,C:/Users/User/CLionProjects/warmup2/main.cpp,,5,4,Default task
2021-06-22T19:35:07.744+09:00,User,Action,EditorPaste,warmup2,Editor,C:/Users/User/CLionProjects/warmup2/main.cpp,,5,4,Default task
2021-06-22T19:35:07.772+09:00,User,KeyEvent,22:86:2,warmup2,Editor,C:/Users/User/CLionProjects/warmup2/main.cpp,,5,28,Default task
2021-06-22T19:35:11.674+09:00,User,KeyEvent,65535:17:2,warmup2,Editor,C:/Users/User/CLionProjects/warmup2/main.cpp,,5,28,Default task
2021-06-22T19:35:11.970+09:00,User,Action,SaveAll,warmup2,Editor,C:/Users/User/CLionProjects/warmup2/main.cpp,,5,28,Default task
2021-06-22T19:35:11.982+09:00,User,KeyEvent,19:83:2,warmup2,Editor,C:/Users/User/CLionProjects/warmup2/main.cpp,,5,28,Default task
2021-06-22T19:35:16.012+09:00,User,KeyEvent,65535:17:2,warmup2,Editor,C:/Users/User/CLionProjects/warmup2/main.cpp,,0,0,Default task
2021-06-22T19:35:16.212+09:00,User,Action,EditorCopy,warmup2,Editor,C:/Users/User/CLionProjects/warmup2/main.cpp,,0,0,Default task
2021-06-22T19:35:16.216+09:00,User,KeyEvent,3:67:2,warmup2,Editor,C:/Users/User/CLionProjects/warmup2/main.cpp,,0,0,Default task
2021-06-22T19:35:49.946+09:00,User,KeyEvent,65535:17:2,warmup2,Editor,C:/Users/User/CLionProjects/warmup2/main.cpp,,8,0,Default task
2021-06-22T19:35:50.178+09:00,User,Action,SaveAll,warmup2,Editor,C:/Users/User/CLionProjects/warmup2/main.cpp,,8,0,Default task
2021-06-22T19:35:50.178+09:00,User,KeyEvent,19:83:2,warmup2,Editor,C:/Users/User/CLionProjects/warmup2/main.cpp,,8,0,Default task
2021-06-22T19:35:51.839+09:00,User,Action,Build,warmup2,Editor,C:/Users/User/CLionProjects/warmup2/main.cpp,,8,0,Default task
2021-06-22T19:35:56.648+09:00,User,Action,Run,warmup2,Editor,C:/Users/User/CLionProjects/warmup2/main.cpp,,8,0,Default task
2021-06-22T19:52:05.643+09:00,User,Action,EditorDown,warmup2,Editor,C:/Users/User/CLionProjects/warmup2/main.cpp,,3,12,Default task
2021-06-22T19:52:05.687+09:00,User,KeyEvent,65535:40:0,warmup2,Editor,C:/Users/User/CLionProjects/warmup2/main.cpp,,4,12,Default task
2021-06-22T19:52:05.692+09:00,User,Action,EditorLeft,warmup2,Editor,C:/Users/User/CLionProjects/warmup2/main.cpp,,4,12,Default task
2021-06-22T19:52:05.694+09:00,User,KeyEvent,65535:37:0,warmup2,Editor,C:/Users/User/CLionProjects/warmup2/main.cpp,,4,11,Default task
2021-06-22T19:52:05.907+09:00,User,Action,EditorDown,warmup2,Editor,C:/Users/User/CLionProjects/warmup2/main.cpp,,4,11,Default task
2021-06-22T19:52:05.912+09:00,User,KeyEvent,65535:40:0,warmup2,Editor,C:/Users/User/CLionProjects/warmup2/main.cpp,,5,11,Default task
2021-06-22T19:52:06.010+09:00,User,Action,EditorLeft,warmup2,Editor,C:/Users/User/CLionProjects/warmup2/main.cpp,,5,11,Default task
2021-06-22T19:52:06.011+09:00,User,KeyEvent,65535:37:0,warmup2,Editor,C:/Users/User/CLionProjects/warmup2/main.cpp,,5,10,Default task
2021-06-22T19:52:06.185+09:00,User,Action,EditorDown,warmup2,Editor,C:/Users/User/CLionProjects/warmup2/main.cpp,,5,10,Default task
2021-06-22T19:52:06.186+09:00,User,KeyEvent,65535:40:0,warmup2,Editor,C:/Users/User/CLionProjects/warmup2/main.cpp,,6,10,Default task
2021-06-22T19:52:06.249+09:00,User,Action,EditorLeft,warmup2,Editor,C:/Users/User/CLionProjects/warmup2/main.cpp,,6,10,Default task
2021-06-22T19:52:06.251+09:00,User,KeyEvent,65535:37:0,warmup2,Editor,C:/Users/User/CLionProjects/warmup2/main.cpp,,6,9,Default task
2021-06-22T19:52:06.393+09:00,User,Action,EditorLeft,warmup2,Editor,C:/Users/User/CLionProjects/warmup2/main.cpp,,6,9,Default task
2021-06-22T19:52:06.395+09:00,User,KeyEvent,65535:37:0,warmup2,Editor,C:/Users/User/CLionProjects/warmup2/main.cpp,,6,8,Default task
2021-06-22T19:52:06.553+09:00,User,Action,EditorLeft,warmup2,Editor,C:/Users/User/CLionProjects/warmup2/main.cpp,,6,8,Default task
2021-06-22T19:52:06.554+09:00,User,KeyEvent,65535:37:0,warmup2,Editor,C:/Users/User/CLionProjects/warmup2/main.cpp,,6,7,Default task
2021-06-22T19:52:06.705+09:00,User,Action,EditorLeft,warmup2,Editor,C:/Users/User/CLionProjects/warmup2/main.cpp,,6,7,Default task
2021-06-22T19:52:06.707+09:00,User,KeyEvent,65535:37:0,warmup2,Editor,C:/Users/User/CLionProjects/warmup2/main.cpp,,6,6,Default task
2021-06-22T19:52:06.835+09:00,User,Action,EditorLeft,warmup2,Editor,C:/Users/User/CLionProjects/warmup2/main.cpp,,6,6,Default task
2021-06-22T19:52:06.840+09:00,User,KeyEvent,65535:37:0,warmup2,Editor,C:/Users/User/CLionProjects/warmup2/main.cpp,,6,5,Default task
2021-06-22T19:52:07.146+09:00,User,Action,EditorLeft,warmup2,Editor,C:/Users/User/CLionProjects/warmup2/main.cpp,,6,5,Default task
2021-06-22T19:52:07.147+09:00,User,KeyEvent,65535:37:0,warmup2,Editor,C:/Users/User/CLionProjects/warmup2/main.cpp,,6,4,Default task
2021-06-22T19:52:07.331+09:00,User,KeyEvent,65535:16:1,warmup2,Editor,C:/Users/User/CLionProjects/warmup2/main.cpp,,6,4,Default task
2021-06-22T19:52:07.395+09:00,User,Action,EditorUpWithSelection,warmup2,Editor,C:/Users/User/CLionProjects/warmup2/main.cpp,,6,4,Default task
2021-06-22T19:52:07.397+09:00,User,KeyEvent,65535:38:1,warmup2,Editor,C:/Users/User/CLionProjects/warmup2/main.cpp,,5,4,Default task
2021-06-22T19:52:07.544+09:00,User,Action,EditorUpWithSelection,warmup2,Editor,C:/Users/User/CLionProjects/warmup2/main.cpp,,5,4,Default task
2021-06-22T19:52:07.547+09:00,User,KeyEvent,65535:38:1,warmup2,Editor,C:/Users/User/CLionProjects/warmup2/main.cpp,,4,4,Default task
2021-06-22T19:52:07.979+09:00,User,Action,EditorDelete,warmup2,Editor,C:/Users/User/CLionProjects/warmup2/main.cpp,,4,4,Default task
2021-06-22T19:52:08.014+09:00,User,KeyEvent,127:127:0,warmup2,Editor,C:/Users/User/CLionProjects/warmup2/main.cpp,,4,4,Default task
2021-06-22T19:52:08.785+09:00,User,Action,EditorEnter,warmup2,Editor,C:/Users/User/CLionProjects/warmup2/main.cpp,,4,4,Default task
2021-06-22T19:52:08.937+09:00,User,KeyEvent,10:10:0,warmup2,Editor,C:/Users/User/CLionProjects/warmup2/main.cpp,,5,4,Default task
2021-06-22T19:52:33.146+09:00,User,KeyEvent,99:67:0,warmup2,Editor,C:/Users/User/CLionProjects/warmup2/main.cpp,,4,4,Default task
2021-06-22T19:52:33.804+09:00,User,KeyEvent,111:79:0,warmup2,Editor,C:/Users/User/CLionProjects/warmup2/main.cpp,,4,5,Default task
2021-06-22T19:52:34.009+09:00,User,KeyEvent,117:85:0,warmup2,Editor,C:/Users/User/CLionProjects/warmup2/main.cpp,,4,6,Default task
2021-06-22T19:52:34.113+09:00,User,KeyEvent,116:84:0,warmup2,Editor,C:/Users/User/CLionProjects/warmup2/main.cpp,,4,7,Default task
2021-06-22T19:52:34.394+09:00,User,KeyEvent,32:32:0,warmup2,Editor,C:/Users/User/CLionProjects/warmup2/main.cpp,,4,8,Default task
2021-06-22T19:52:34.561+09:00,User,KeyEvent,65535:16:1,warmup2,Editor,C:/Users/User/CLionProjects/warmup2/main.cpp,,4,9,Default task
2021-06-22T19:52:34.674+09:00,User,KeyEvent,60:44:1,warmup2,Editor,C:/Users/User/CLionProjects/warmup2/main.cpp,,4,9,Default task
2021-06-22T19:52:34.833+09:00,User,KeyEvent,60:44:1,warmup2,Editor,C:/Users/User/CLionProjects/warmup2/main.cpp,,4,10,Default task
2021-06-22T19:52:35.314+09:00,User,KeyEvent,65535:16:1,warmup2,Editor,C:/Users/User/CLionProjects/warmup2/main.cpp,,4,11,Default task
2021-06-22T19:52:35.554+09:00,User,KeyEvent,34:222:1,warmup2,Editor,C:/Users/User/CLionProjects/warmup2/main.cpp,,4,11,Default task
2021-06-22T19:52:38.018+09:00,User,KeyEvent,32:32:0,warmup2,Editor,C:/Users/User/CLionProjects/warmup2/main.cpp,,4,16,Default task
2021-06-22T19:52:39.849+09:00,User,KeyEvent,65535:16:1,warmup2,Editor,C:/Users/User/CLionProjects/warmup2/main.cpp,,4,20,Default task
2021-06-22T19:52:39.999+09:00,User,KeyEvent,34:222:1,warmup2,Editor,C:/Users/User/CLionProjects/warmup2/main.cpp,,4,21,Default task
2021-06-22T19:52:40.987+09:00,User,KeyEvent,65535:16:1,warmup2,Editor,C:/Users/User/CLionProjects/warmup2/main.cpp,,4,22,Default task
2021-06-22T19:52:41.090+09:00,User,KeyEvent,60:44:1,warmup2,Editor,C:/Users/User/CLionProjects/warmup2/main.cpp,,4,22,Default task
2021-06-22T19:52:41.268+09:00,User,KeyEvent,60:44:1,warmup2,Editor,C:/Users/User/CLionProjects/warmup2/main.cpp,,4,23,Default task
2021-06-22T19:52:41.578+09:00,User,KeyEvent,101:69:0,warmup2,Editor,C:/Users/User/CLionProjects/warmup2/main.cpp,,4,24,Default task
2021-06-22T19:52:41.664+09:00,User,KeyEvent,110:78:0,warmup2,Editor,C:/Users/User/CLionProjects/warmup2/main.cpp,,4,25,Default task
2021-06-22T19:52:41.761+09:00,User,KeyEvent,100:68:0,warmup2,Editor,C:/Users/User/CLionProjects/warmup2/main.cpp,,4,26,Default task
2021-06-22T19:52:41.842+09:00,User,KeyEvent,108:76:0,warmup2,Editor,C:/Users/User/CLionProjects/warmup2/main.cpp,,4,27,Default task
2021-06-22T19:52:42.825+09:00,User,KeyEvent,108:76:0,warmup2,Editor,C:/Users/User/CLionProjects/warmup2/main.cpp,,4,28,Default task
2021-06-22T19:52:43.249+09:00,User,Action,EditorEnter,warmup2,Editor,C:/Users/User/CLionProjects/warmup2/main.cpp,,4,29,Default task
2021-06-22T19:52:43.267+09:00,User,KeyEvent,10:10:0,warmup2,Editor,C:/Users/User/CLionProjects/warmup2/main.cpp,,5,4,Default task
2021-06-22T19:52:44.008+09:00,User,Action,EditorBackSpace,warmup2,Editor,C:/Users/User/CLionProjects/warmup2/main.cpp,,5,4,Default task
2021-06-22T19:52:44.024+09:00,User,KeyEvent,8:8:0,warmup2,Editor,C:/Users/User/CLionProjects/warmup2/main.cpp,,4,29,Default task
2021-06-22T19:52:44.145+09:00,User,Action,EditorBackSpace,warmup2,Editor,C:/Users/User/CLionProjects/warmup2/main.cpp,,4,29,Default task
2021-06-22T19:52:44.155+09:00,User,KeyEvent,8:8:0,warmup2,Editor,C:/Users/User/CLionProjects/warmup2/main.cpp,,4,28,Default task
2021-06-22T19:52:45.169+09:00,User,KeyEvent,59:59:0,warmup2,Editor,C:/Users/User/CLionProjects/warmup2/main.cpp,,4,28,Default task
2021-06-22T19:52:45.338+09:00,User,Action,EditorEnter,warmup2,Editor,C:/Users/User/CLionProjects/warmup2/main.cpp,,4,29,Default task
2021-06-22T19:52:45.345+09:00,User,KeyEvent,10:10:0,warmup2,Editor,C:/Users/User/CLionProjects/warmup2/main.cpp,,5,4,Default task
2021-06-22T19:52:45.753+09:00,User,KeyEvent,99:67:0,warmup2,Editor,C:/Users/User/CLionProjects/warmup2/main.cpp,,5,4,Default task
2021-06-22T19:52:45.817+09:00,User,KeyEvent,111:79:0,warmup2,Editor,C:/Users/User/CLionProjects/warmup2/main.cpp,,5,5,Default task
2021-06-22T19:52:46.024+09:00,User,KeyEvent,117:85:0,warmup2,Editor,C:/Users/User/CLionProjects/warmup2/main.cpp,,5,6,Default task
2021-06-22T19:52:46.129+09:00,User,KeyEvent,116:84:0,warmup2,Editor,C:/Users/User/CLionProjects/warmup2/main.cpp,,5,7,Default task
2021-06-22T19:52:46.361+09:00,User,KeyEvent,32:32:0,warmup2,Editor,C:/Users/User/CLionProjects/warmup2/main.cpp,,5,8,Default task
2021-06-22T19:52:46.571+09:00,User,KeyEvent,65535:16:1,warmup2,Editor,C:/Users/User/CLionProjects/warmup2/main.cpp,,5,9,Default task
2021-06-22T19:52:46.594+09:00,User,KeyEvent,60:44:1,warmup2,Editor,C:/Users/User/CLionProjects/warmup2/main.cpp,,5,9,Default task
2021-06-22T19:52:46.768+09:00,User,KeyEvent,60:44:1,warmup2,Editor,C:/Users/User/CLionProjects/warmup2/main.cpp,,5,10,Default task
2021-06-22T19:52:46.890+09:00,User,KeyEvent,32:32:0,warmup2,Editor,C:/Users/User/CLionProjects/warmup2/main.cpp,,5,11,Default task
2021-06-22T19:52:47.352+09:00,User,Action,EditorBackSpace,warmup2,Editor,C:/Users/User/CLionProjects/warmup2/main.cpp,,5,12,Default task
2021-06-22T19:52:47.364+09:00,User,KeyEvent,8:8:0,warmup2,Editor,C:/Users/User/CLionProjects/warmup2/main.cpp,,5,11,Default task
2021-06-22T19:52:47.634+09:00,User,KeyEvent,65535:16:1,warmup2,Editor,C:/Users/User/CLionProjects/warmup2/main.cpp,,5,11,Default task
2021-06-22T19:52:47.685+09:00,User,KeyEvent,34:222:1,warmup2,Editor,C:/Users/User/CLionProjects/warmup2/main.cpp,,5,11,Default task
2021-06-22T19:52:49.280+09:00,User,KeyEvent,32:32:0,warmup2,Editor,C:/Users/User/CLionProjects/warmup2/main.cpp,,5,16,Default task
2021-06-22T19:52:50.529+09:00,User,KeyEvent,65535:16:1,warmup2,Editor,C:/Users/User/CLionProjects/warmup2/main.cpp,,5,20,Default task
2021-06-22T19:52:50.612+09:00,User,KeyEvent,34:222:1,warmup2,Editor,C:/Users/User/CLionProjects/warmup2/main.cpp,,5,21,Default task
2021-06-22T19:52:50.913+09:00,User,KeyEvent,65535:16:1,warmup2,Editor,C:/Users/User/CLionProjects/warmup2/main.cpp,,5,22,Default task
2021-06-22T19:52:50.985+09:00,User,KeyEvent,60:44:1,warmup2,Editor,C:/Users/User/CLionProjects/warmup2/main.cpp,,5,22,Default task
2021-06-22T19:52:51.145+09:00,User,KeyEvent,60:44:1,warmup2,Editor,C:/Users/User/CLionProjects/warmup2/main.cpp,,5,23,Default task
2021-06-22T19:52:51.553+09:00,User,KeyEvent,101:69:0,warmup2,Editor,C:/Users/User/CLionProjects/warmup2/main.cpp,,5,24,Default task
2021-06-22T19:52:51.657+09:00,User,KeyEvent,110:78:0,warmup2,Editor,C:/Users/User/CLionProjects/warmup2/main.cpp,,5,25,Default task
2021-06-22T19:52:51.728+09:00,User,KeyEvent,100:68:0,warmup2,Editor,C:/Users/User/CLionProjects/warmup2/main.cpp,,5,26,Default task
2021-06-22T19:52:51.850+09:00,User,KeyEvent,108:76:0,warmup2,Editor,C:/Users/User/CLionProjects/warmup2/main.cpp,,5,27,Default task
2021-06-22T19:52:52.009+09:00,User,KeyEvent,59:59:0,warmup2,Editor,C:/Users/User/CLionProjects/warmup2/main.cpp,,5,28,Default task
2021-06-22T19:52:53.042+09:00,User,Action,EditorEnter,warmup2,Editor,C:/Users/User/CLionProjects/warmup2/main.cpp,,5,29,Default task
2021-06-22T19:52:53.046+09:00,User,KeyEvent,10:10:0,warmup2,Editor,C:/Users/User/CLionProjects/warmup2/main.cpp,,6,4,Default task
2021-06-22T19:52:54.609+09:00,User,KeyEvent,65535:17:2,warmup2,Editor,C:/Users/User/CLionProjects/warmup2/main.cpp,,6,4,Default task
2021-06-22T19:52:54.860+09:00,User,Action,SaveAll,warmup2,Editor,C:/Users/User/CLionProjects/warmup2/main.cpp,,6,4,Default task
2021-06-22T19:52:54.869+09:00,User,KeyEvent,19:83:2,warmup2,Editor,C:/Users/User/CLionProjects/warmup2/main.cpp,,6,4,Default task
2021-06-22T19:52:56.397+09:00,User,Action,Run,warmup2,Editor,C:/Users/User/CLionProjects/warmup2/main.cpp,,6,4,Default task
2021-06-22T19:53:34.901+09:00,User,Action,Roll Tracking Log,,,,,-1,-1,
