2021-06-23T20:03:09.077+09:00,User,Action,Clear Tracking Log,,,,,-1,-1,
2021-06-23T20:03:11.842+09:00,User,KeyEvent,65535:16:1,hello,Editor,C:/Users/User/CLionProjects/hello/main.cpp,,1,0,Default task
2021-06-23T20:03:11.937+09:00,User,KeyEvent,35:51:1,hello,Editor,C:/Users/User/CLionProjects/hello/main.cpp,,1,0,Default task
2021-06-23T20:03:12.169+09:00,User,KeyEvent,105:73:0,hello,Editor,C:/Users/User/CLionProjects/hello/main.cpp,,1,1,Default task
2021-06-23T20:03:12.264+09:00,User,KeyEvent,110:78:0,hello,Editor,C:/Users/User/CLionProjects/hello/main.cpp,,1,2,Default task
2021-06-23T20:03:12.451+09:00,User,KeyEvent,99:67:0,hello,Editor,C:/Users/User/CLionProjects/hello/main.cpp,,1,3,Default task
2021-06-23T20:03:12.626+09:00,User,KeyEvent,108:76:0,hello,Editor,C:/Users/User/CLionProjects/hello/main.cpp,,1,4,Default task
2021-06-23T20:03:12.873+09:00,User,KeyEvent,117:85:0,hello,Editor,C:/Users/User/CLionProjects/hello/main.cpp,,1,5,Default task
2021-06-23T20:03:12.969+09:00,User,KeyEvent,100:68:0,hello,Editor,C:/Users/User/CLionProjects/hello/main.cpp,,1,6,Default task
2021-06-23T20:03:13.122+09:00,User,KeyEvent,101:69:0,hello,Editor,C:/Users/User/CLionProjects/hello/main.cpp,,1,7,Default task
2021-06-23T20:03:13.226+09:00,User,KeyEvent,32:32:0,hello,Editor,C:/Users/User/CLionProjects/hello/main.cpp,,1,8,Default task
2021-06-23T20:03:13.345+09:00,User,KeyEvent,65535:16:1,hello,Editor,C:/Users/User/CLionProjects/hello/main.cpp,,1,9,Default task
2021-06-23T20:03:13.441+09:00,User,KeyEvent,60:44:1,hello,Editor,C:/Users/User/CLionProjects/hello/main.cpp,,1,9,Default task
2021-06-23T20:03:13.714+09:00,User,KeyEvent,118:86:0,hello,Editor,C:/Users/User/CLionProjects/hello/main.cpp,,1,10,Default task
2021-06-23T20:03:13.816+09:00,User,KeyEvent,101:69:0,hello,Editor,C:/Users/User/CLionProjects/hello/main.cpp,,1,11,Default task
2021-06-23T20:03:14.008+09:00,User,KeyEvent,99:67:0,hello,Editor,C:/Users/User/CLionProjects/hello/main.cpp,,1,12,Default task
2021-06-23T20:03:14.192+09:00,User,KeyEvent,116:84:0,hello,Editor,C:/Users/User/CLionProjects/hello/main.cpp,,1,13,Default task
2021-06-23T20:03:14.290+09:00,User,KeyEvent,111:79:0,hello,Editor,C:/Users/User/CLionProjects/hello/main.cpp,,1,14,Default task
2021-06-23T20:03:14.384+09:00,User,KeyEvent,114:82:0,hello,Editor,C:/Users/User/CLionProjects/hello/main.cpp,,1,15,Default task
2021-06-23T20:03:14.681+09:00,User,KeyEvent,65535:16:1,hello,Editor,C:/Users/User/CLionProjects/hello/main.cpp,,1,16,Default task
2021-06-23T20:03:14.752+09:00,User,KeyEvent,62:46:1,hello,Editor,C:/Users/User/CLionProjects/hello/main.cpp,,1,16,Default task
2021-06-23T20:03:14.921+09:00,User,Action,EditorEnter,hello,Editor,C:/Users/User/CLionProjects/hello/main.cpp,,1,17,Default task
2021-06-23T20:03:14.923+09:00,User,KeyEvent,10:10:0,hello,Editor,C:/Users/User/CLionProjects/hello/main.cpp,,2,0,Default task
2021-06-23T20:03:15.433+09:00,User,KeyEvent,65535:16:1,hello,Editor,C:/Users/User/CLionProjects/hello/main.cpp,,2,0,Default task
2021-06-23T20:03:15.513+09:00,User,KeyEvent,35:51:1,hello,Editor,C:/Users/User/CLionProjects/hello/main.cpp,,2,0,Default task
2021-06-23T20:03:15.704+09:00,User,KeyEvent,105:73:0,hello,Editor,C:/Users/User/CLionProjects/hello/main.cpp,,2,1,Default task
2021-06-23T20:03:15.824+09:00,User,KeyEvent,110:78:0,hello,Editor,C:/Users/User/CLionProjects/hello/main.cpp,,2,2,Default task
2021-06-23T20:03:15.920+09:00,User,KeyEvent,99:67:0,hello,Editor,C:/Users/User/CLionProjects/hello/main.cpp,,2,3,Default task
2021-06-23T20:03:16.025+09:00,User,KeyEvent,108:76:0,hello,Editor,C:/Users/User/CLionProjects/hello/main.cpp,,2,4,Default task
2021-06-23T20:03:16.168+09:00,User,KeyEvent,117:85:0,hello,Editor,C:/Users/User/CLionProjects/hello/main.cpp,,2,5,Default task
2021-06-23T20:03:16.249+09:00,User,KeyEvent,100:68:0,hello,Editor,C:/Users/User/CLionProjects/hello/main.cpp,,2,6,Default task
2021-06-23T20:03:16.385+09:00,User,KeyEvent,101:69:0,hello,Editor,C:/Users/User/CLionProjects/hello/main.cpp,,2,7,Default task
2021-06-23T20:03:16.497+09:00,User,KeyEvent,32:32:0,hello,Editor,C:/Users/User/CLionProjects/hello/main.cpp,,2,8,Default task
2021-06-23T20:03:16.560+09:00,User,KeyEvent,65535:16:1,hello,Editor,C:/Users/User/CLionProjects/hello/main.cpp,,2,9,Default task
2021-06-23T20:03:16.616+09:00,User,KeyEvent,60:44:1,hello,Editor,C:/Users/User/CLionProjects/hello/main.cpp,,2,9,Default task
2021-06-23T20:03:16.778+09:00,User,KeyEvent,97:65:0,hello,Editor,C:/Users/User/CLionProjects/hello/main.cpp,,2,10,Default task
2021-06-23T20:03:16.857+09:00,User,KeyEvent,108:76:0,hello,Editor,C:/Users/User/CLionProjects/hello/main.cpp,,2,11,Default task
2021-06-23T20:03:16.968+09:00,User,KeyEvent,103:71:0,hello,Editor,C:/Users/User/CLionProjects/hello/main.cpp,,2,12,Default task
2021-06-23T20:03:17.064+09:00,User,KeyEvent,111:79:0,hello,Editor,C:/Users/User/CLionProjects/hello/main.cpp,,2,13,Default task
2021-06-23T20:03:17.489+09:00,User,Action,EditorChooseLookupItem,hello,Editor,C:/Users/User/CLionProjects/hello/main.cpp,,2,14,Default task
2021-06-23T20:03:17.551+09:00,User,KeyEvent,10:10:0,hello,Editor,C:/Users/User/CLionProjects/hello/main.cpp,,2,20,Default task
2021-06-23T20:03:18.201+09:00,User,Action,EditorEnter,hello,Editor,C:/Users/User/CLionProjects/hello/main.cpp,,2,20,Default task
2021-06-23T20:03:18.310+09:00,User,KeyEvent,10:10:0,hello,Editor,C:/Users/User/CLionProjects/hello/main.cpp,,3,0,Default task
2021-06-23T20:03:19.096+09:00,User,Action,EditorDown,hello,Editor,C:/Users/User/CLionProjects/hello/main.cpp,,3,0,Default task
2021-06-23T20:03:19.097+09:00,User,KeyEvent,65535:40:0,hello,Editor,C:/Users/User/CLionProjects/hello/main.cpp,,4,0,Default task
2021-06-23T20:03:19.226+09:00,User,Action,EditorDown,hello,Editor,C:/Users/User/CLionProjects/hello/main.cpp,,4,0,Default task
2021-06-23T20:03:19.227+09:00,User,KeyEvent,65535:40:0,hello,Editor,C:/Users/User/CLionProjects/hello/main.cpp,,5,0,Default task
2021-06-23T20:03:19.362+09:00,User,Action,EditorDown,hello,Editor,C:/Users/User/CLionProjects/hello/main.cpp,,5,0,Default task
2021-06-23T20:03:19.363+09:00,User,KeyEvent,65535:40:0,hello,Editor,C:/Users/User/CLionProjects/hello/main.cpp,,6,0,Default task
2021-06-23T20:03:19.482+09:00,User,Action,EditorDown,hello,Editor,C:/Users/User/CLionProjects/hello/main.cpp,,6,0,Default task
2021-06-23T20:03:19.484+09:00,User,KeyEvent,65535:40:0,hello,Editor,C:/Users/User/CLionProjects/hello/main.cpp,,7,0,Default task
2021-06-23T20:03:20.129+09:00,User,Action,EditorBackSpace,hello,Editor,C:/Users/User/CLionProjects/hello/main.cpp,,7,0,Default task
2021-06-23T20:03:20.132+09:00,User,KeyEvent,8:8:0,hello,Editor,C:/Users/User/CLionProjects/hello/main.cpp,,6,12,Default task
2021-06-23T20:03:20.306+09:00,User,Action,EditorEnter,hello,Editor,C:/Users/User/CLionProjects/hello/main.cpp,,6,12,Default task
2021-06-23T20:03:20.309+09:00,User,KeyEvent,10:10:0,hello,Editor,C:/Users/User/CLionProjects/hello/main.cpp,,7,4,Default task
2021-06-23T20:03:22.041+09:00,User,KeyEvent,105:73:0,hello,Editor,C:/Users/User/CLionProjects/hello/main.cpp,,7,4,Default task
2021-06-23T20:03:22.168+09:00,User,KeyEvent,110:78:0,hello,Editor,C:/Users/User/CLionProjects/hello/main.cpp,,7,5,Default task
2021-06-23T20:03:22.205+09:00,User,KeyEvent,116:84:0,hello,Editor,C:/Users/User/CLionProjects/hello/main.cpp,,7,6,Default task
2021-06-23T20:03:22.240+09:00,User,KeyEvent,116:84:0,hello,Editor,C:/Users/User/CLionProjects/hello/main.cpp,,7,7,Default task
2021-06-23T20:03:22.376+09:00,User,KeyEvent,32:32:0,hello,Editor,C:/Users/User/CLionProjects/hello/main.cpp,,7,8,Default task
2021-06-23T20:03:22.992+09:00,User,Action,EditorBackSpace,hello,Editor,C:/Users/User/CLionProjects/hello/main.cpp,,7,9,Default task
2021-06-23T20:03:22.994+09:00,User,KeyEvent,8:8:0,hello,Editor,C:/Users/User/CLionProjects/hello/main.cpp,,7,8,Default task
2021-06-23T20:03:23.112+09:00,User,Action,EditorBackSpace,hello,Editor,C:/Users/User/CLionProjects/hello/main.cpp,,7,8,Default task
2021-06-23T20:03:23.123+09:00,User,KeyEvent,8:8:0,hello,Editor,C:/Users/User/CLionProjects/hello/main.cpp,,7,7,Default task
2021-06-23T20:03:23.569+09:00,User,KeyEvent,32:32:0,hello,Editor,C:/Users/User/CLionProjects/hello/main.cpp,,7,7,Default task
2021-06-23T20:03:23.696+09:00,User,KeyEvent,110:78:0,hello,Editor,C:/Users/User/CLionProjects/hello/main.cpp,,7,8,Default task
2021-06-23T20:03:23.752+09:00,User,KeyEvent,117:85:0,hello,Editor,C:/Users/User/CLionProjects/hello/main.cpp,,7,9,Default task
2021-06-23T20:03:23.921+09:00,User,KeyEvent,109:77:0,hello,Editor,C:/Users/User/CLionProjects/hello/main.cpp,,7,10,Default task
2021-06-23T20:03:24.025+09:00,User,KeyEvent,49:49:0,hello,Editor,C:/Users/User/CLionProjects/hello/main.cpp,,7,11,Default task
2021-06-23T20:03:24.152+09:00,User,KeyEvent,44:44:0,hello,Editor,C:/Users/User/CLionProjects/hello/main.cpp,,7,12,Default task
2021-06-23T20:03:24.249+09:00,User,KeyEvent,32:32:0,hello,Editor,C:/Users/User/CLionProjects/hello/main.cpp,,7,13,Default task
2021-06-23T20:03:24.545+09:00,User,KeyEvent,110:78:0,hello,Editor,C:/Users/User/CLionProjects/hello/main.cpp,,7,14,Default task
2021-06-23T20:03:24.616+09:00,User,KeyEvent,117:85:0,hello,Editor,C:/Users/User/CLionProjects/hello/main.cpp,,7,15,Default task
2021-06-23T20:03:24.793+09:00,User,KeyEvent,109:77:0,hello,Editor,C:/Users/User/CLionProjects/hello/main.cpp,,7,16,Default task
2021-06-23T20:03:24.969+09:00,User,KeyEvent,50:50:0,hello,Editor,C:/Users/User/CLionProjects/hello/main.cpp,,7,17,Default task
2021-06-23T20:03:25.130+09:00,User,KeyEvent,44:44:0,hello,Editor,C:/Users/User/CLionProjects/hello/main.cpp,,7,18,Default task
2021-06-23T20:03:25.258+09:00,User,KeyEvent,32:32:0,hello,Editor,C:/Users/User/CLionProjects/hello/main.cpp,,7,19,Default task
2021-06-23T20:03:25.400+09:00,User,KeyEvent,110:78:0,hello,Editor,C:/Users/User/CLionProjects/hello/main.cpp,,7,20,Default task
2021-06-23T20:03:25.466+09:00,User,KeyEvent,117:85:0,hello,Editor,C:/Users/User/CLionProjects/hello/main.cpp,,7,21,Default task
2021-06-23T20:03:25.632+09:00,User,KeyEvent,109:77:0,hello,Editor,C:/Users/User/CLionProjects/hello/main.cpp,,7,22,Default task
2021-06-23T20:03:25.857+09:00,User,KeyEvent,51:51:0,hello,Editor,C:/Users/User/CLionProjects/hello/main.cpp,,7,23,Default task
2021-06-23T20:03:26.561+09:00,User,KeyEvent,44:44:0,hello,Editor,C:/Users/User/CLionProjects/hello/main.cpp,,7,24,Default task
2021-06-23T20:03:26.689+09:00,User,KeyEvent,32:32:0,hello,Editor,C:/Users/User/CLionProjects/hello/main.cpp,,7,25,Default task
2021-06-23T20:03:26.858+09:00,User,KeyEvent,114:82:0,hello,Editor,C:/Users/User/CLionProjects/hello/main.cpp,,7,26,Default task
2021-06-23T20:03:26.929+09:00,User,KeyEvent,101:69:0,hello,Editor,C:/Users/User/CLionProjects/hello/main.cpp,,7,27,Default task
2021-06-23T20:03:27.032+09:00,User,KeyEvent,115:83:0,hello,Editor,C:/Users/User/CLionProjects/hello/main.cpp,,7,28,Default task
2021-06-23T20:03:27.097+09:00,User,KeyEvent,117:85:0,hello,Editor,C:/Users/User/CLionProjects/hello/main.cpp,,7,29,Default task
2021-06-23T20:03:27.281+09:00,User,KeyEvent,108:76:0,hello,Editor,C:/Users/User/CLionProjects/hello/main.cpp,,7,30,Default task
2021-06-23T20:03:27.354+09:00,User,KeyEvent,116:84:0,hello,Editor,C:/Users/User/CLionProjects/hello/main.cpp,,7,31,Default task
2021-06-23T20:03:27.513+09:00,User,KeyEvent,59:59:0,hello,Editor,C:/Users/User/CLionProjects/hello/main.cpp,,7,32,Default task
2021-06-23T20:03:27.721+09:00,User,Action,EditorEnter,hello,Editor,C:/Users/User/CLionProjects/hello/main.cpp,,7,33,Default task
2021-06-23T20:03:27.724+09:00,User,KeyEvent,10:10:0,hello,Editor,C:/Users/User/CLionProjects/hello/main.cpp,,8,4,Default task
2021-06-23T20:03:28.897+09:00,User,KeyEvent,105:73:0,hello,Editor,C:/Users/User/CLionProjects/hello/main.cpp,,8,4,Default task
2021-06-23T20:03:28.960+09:00,User,KeyEvent,110:78:0,hello,Editor,C:/Users/User/CLionProjects/hello/main.cpp,,8,5,Default task
2021-06-23T20:03:29.129+09:00,User,KeyEvent,116:84:0,hello,Editor,C:/Users/User/CLionProjects/hello/main.cpp,,8,6,Default task
2021-06-23T20:03:29.274+09:00,User,KeyEvent,32:32:0,hello,Editor,C:/Users/User/CLionProjects/hello/main.cpp,,8,7,Default task
2021-06-23T20:03:30.513+09:00,User,Action,EditorBackSpace,hello,Editor,C:/Users/User/CLionProjects/hello/main.cpp,,8,8,Default task
2021-06-23T20:03:30.516+09:00,User,KeyEvent,8:8:0,hello,Editor,C:/Users/User/CLionProjects/hello/main.cpp,,8,7,Default task
2021-06-23T20:03:30.659+09:00,User,Action,EditorBackSpace,hello,Editor,C:/Users/User/CLionProjects/hello/main.cpp,,8,7,Default task
2021-06-23T20:03:30.662+09:00,User,KeyEvent,8:8:0,hello,Editor,C:/Users/User/CLionProjects/hello/main.cpp,,8,6,Default task
2021-06-23T20:03:30.752+09:00,User,Action,EditorBackSpace,hello,Editor,C:/Users/User/CLionProjects/hello/main.cpp,,8,6,Default task
2021-06-23T20:03:30.759+09:00,User,KeyEvent,8:8:0,hello,Editor,C:/Users/User/CLionProjects/hello/main.cpp,,8,5,Default task
2021-06-23T20:03:31.137+09:00,User,Action,EditorBackSpace,hello,Editor,C:/Users/User/CLionProjects/hello/main.cpp,,8,5,Default task
2021-06-23T20:03:31.153+09:00,User,KeyEvent,8:8:0,hello,Editor,C:/Users/User/CLionProjects/hello/main.cpp,,8,4,Default task
2021-06-23T20:03:31.417+09:00,User,Action,EditorEnter,hello,Editor,C:/Users/User/CLionProjects/hello/main.cpp,,8,4,Default task
2021-06-23T20:03:31.420+09:00,User,KeyEvent,10:10:0,hello,Editor,C:/Users/User/CLionProjects/hello/main.cpp,,9,4,Default task
2021-06-23T20:03:31.665+09:00,User,KeyEvent,115:83:0,hello,Editor,C:/Users/User/CLionProjects/hello/main.cpp,,9,4,Default task
2021-06-23T20:03:31.737+09:00,User,KeyEvent,116:84:0,hello,Editor,C:/Users/User/CLionProjects/hello/main.cpp,,9,5,Default task
2021-06-23T20:03:31.901+09:00,User,KeyEvent,100:68:0,hello,Editor,C:/Users/User/CLionProjects/hello/main.cpp,,9,6,Default task
2021-06-23T20:03:32.256+09:00,User,KeyEvent,65535:16:1,hello,Editor,C:/Users/User/CLionProjects/hello/main.cpp,,9,7,Default task
2021-06-23T20:03:32.408+09:00,User,KeyEvent,58:59:1,hello,Editor,C:/Users/User/CLionProjects/hello/main.cpp,,9,7,Default task
2021-06-23T20:03:32.569+09:00,User,KeyEvent,58:59:1,hello,Editor,C:/Users/User/CLionProjects/hello/main.cpp,,9,8,Default task
2021-06-23T20:03:33.009+09:00,User,KeyEvent,118:86:0,hello,Editor,C:/Users/User/CLionProjects/hello/main.cpp,,9,9,Default task
2021-06-23T20:03:33.176+09:00,User,KeyEvent,101:69:0,hello,Editor,C:/Users/User/CLionProjects/hello/main.cpp,,9,10,Default task
2021-06-23T20:03:33.392+09:00,User,KeyEvent,99:67:0,hello,Editor,C:/Users/User/CLionProjects/hello/main.cpp,,9,11,Default task
2021-06-23T20:03:33.744+09:00,User,Action,EditorChooseLookupItem,hello,Editor,C:/Users/User/CLionProjects/hello/main.cpp,,9,12,Default task
2021-06-23T20:03:33.755+09:00,User,KeyEvent,10:10:0,hello,Editor,C:/Users/User/CLionProjects/hello/main.cpp,,9,16,Default task
2021-06-23T20:03:34.617+09:00,User,KeyEvent,105:73:0,hello,Editor,C:/Users/User/CLionProjects/hello/main.cpp,,9,16,Default task
2021-06-23T20:03:34.688+09:00,User,KeyEvent,110:78:0,hello,Editor,C:/Users/User/CLionProjects/hello/main.cpp,,9,17,Default task
2021-06-23T20:03:34.769+09:00,User,KeyEvent,116:84:0,hello,Editor,C:/Users/User/CLionProjects/hello/main.cpp,,9,18,Default task
2021-06-23T20:03:35.034+09:00,User,KeyEvent,65535:16:1,hello,Editor,C:/Users/User/CLionProjects/hello/main.cpp,,9,19,Default task
2021-06-23T20:03:35.169+09:00,User,KeyEvent,62:46:1,hello,Editor,C:/Users/User/CLionProjects/hello/main.cpp,,9,19,Default task
2021-06-23T20:03:35.450+09:00,User,KeyEvent,32:32:0,hello,Editor,C:/Users/User/CLionProjects/hello/main.cpp,,9,20,Default task
2021-06-23T20:03:35.745+09:00,User,Action,EditorBackSpace,hello,Editor,C:/Users/User/CLionProjects/hello/main.cpp,,9,21,Default task
2021-06-23T20:03:35.748+09:00,User,KeyEvent,8:8:0,hello,Editor,C:/Users/User/CLionProjects/hello/main.cpp,,9,20,Default task
2021-06-23T20:03:35.914+09:00,User,Action,EditorBackSpace,hello,Editor,C:/Users/User/CLionProjects/hello/main.cpp,,9,20,Default task
2021-06-23T20:03:35.917+09:00,User,KeyEvent,8:8:0,hello,Editor,C:/Users/User/CLionProjects/hello/main.cpp,,9,19,Default task
2021-06-23T20:03:36.417+09:00,User,Action,EditorRight,hello,Editor,C:/Users/User/CLionProjects/hello/main.cpp,,9,19,Default task
2021-06-23T20:03:36.417+09:00,User,KeyEvent,65535:39:0,hello,Editor,C:/Users/User/CLionProjects/hello/main.cpp,,9,20,Default task
2021-06-23T20:03:36.602+09:00,User,KeyEvent,32:32:0,hello,Editor,C:/Users/User/CLionProjects/hello/main.cpp,,9,20,Default task
2021-06-23T20:03:36.657+09:00,User,KeyEvent,118:86:0,hello,Editor,C:/Users/User/CLionProjects/hello/main.cpp,,9,21,Default task
2021-06-23T20:03:37.474+09:00,User,KeyEvent,65535:16:1,hello,Editor,C:/Users/User/CLionProjects/hello/main.cpp,,9,22,Default task
2021-06-23T20:03:37.889+09:00,User,KeyEvent,40:57:1,hello,Editor,C:/Users/User/CLionProjects/hello/main.cpp,,9,22,Default task
2021-06-23T20:03:38.097+09:00,User,KeyEvent,49:49:0,hello,Editor,C:/Users/User/CLionProjects/hello/main.cpp,,9,23,Default task
2021-06-23T20:03:38.186+09:00,User,KeyEvent,48:48:0,hello,Editor,C:/Users/User/CLionProjects/hello/main.cpp,,9,24,Default task
2021-06-23T20:03:38.426+09:00,User,KeyEvent,65535:16:1,hello,Editor,C:/Users/User/CLionProjects/hello/main.cpp,,9,25,Default task
2021-06-23T20:03:38.489+09:00,User,KeyEvent,41:48:1,hello,Editor,C:/Users/User/CLionProjects/hello/main.cpp,,9,25,Default task
2021-06-23T20:03:38.968+09:00,User,KeyEvent,59:59:0,hello,Editor,C:/Users/User/CLionProjects/hello/main.cpp,,9,26,Default task
2021-06-23T20:03:39.169+09:00,User,Action,EditorEnter,hello,Editor,C:/Users/User/CLionProjects/hello/main.cpp,,9,27,Default task
2021-06-23T20:03:39.171+09:00,User,KeyEvent,10:10:0,hello,Editor,C:/Users/User/CLionProjects/hello/main.cpp,,10,4,Default task
2021-06-23T20:03:39.506+09:00,User,Action,EditorEnter,hello,Editor,C:/Users/User/CLionProjects/hello/main.cpp,,10,4,Default task
2021-06-23T20:03:39.530+09:00,User,KeyEvent,10:10:0,hello,Editor,C:/Users/User/CLionProjects/hello/main.cpp,,11,4,Default task
2021-06-23T20:03:39.648+09:00,User,KeyEvent,99:67:0,hello,Editor,C:/Users/User/CLionProjects/hello/main.cpp,,11,4,Default task
2021-06-23T20:03:39.704+09:00,User,KeyEvent,105:73:0,hello,Editor,C:/Users/User/CLionProjects/hello/main.cpp,,11,5,Default task
2021-06-23T20:03:39.832+09:00,User,KeyEvent,116:84:0,hello,Editor,C:/Users/User/CLionProjects/hello/main.cpp,,11,6,Default task
2021-06-23T20:03:40.201+09:00,User,Action,EditorBackSpace,hello,Editor,C:/Users/User/CLionProjects/hello/main.cpp,,11,7,Default task
2021-06-23T20:03:40.208+09:00,User,KeyEvent,8:8:0,hello,Editor,C:/Users/User/CLionProjects/hello/main.cpp,,11,6,Default task
2021-06-23T20:03:40.481+09:00,User,KeyEvent,110:78:0,hello,Editor,C:/Users/User/CLionProjects/hello/main.cpp,,11,6,Default task
2021-06-23T20:03:40.729+09:00,User,KeyEvent,65535:16:1,hello,Editor,C:/Users/User/CLionProjects/hello/main.cpp,,11,7,Default task
2021-06-23T20:03:40.864+09:00,User,KeyEvent,62:46:1,hello,Editor,C:/Users/User/CLionProjects/hello/main.cpp,,11,7,Default task
2021-06-23T20:03:41.393+09:00,User,KeyEvent,65535:16:1,hello,Editor,C:/Users/User/CLionProjects/hello/main.cpp,,11,8,Default task
2021-06-23T20:03:41.464+09:00,User,KeyEvent,62:46:1,hello,Editor,C:/Users/User/CLionProjects/hello/main.cpp,,11,8,Default task
2021-06-23T20:03:41.824+09:00,User,KeyEvent,110:78:0,hello,Editor,C:/Users/User/CLionProjects/hello/main.cpp,,11,9,Default task
2021-06-23T20:03:41.904+09:00,User,KeyEvent,117:85:0,hello,Editor,C:/Users/User/CLionProjects/hello/main.cpp,,11,10,Default task
2021-06-23T20:03:42.080+09:00,User,KeyEvent,109:77:0,hello,Editor,C:/Users/User/CLionProjects/hello/main.cpp,,11,11,Default task
2021-06-23T20:03:42.185+09:00,User,KeyEvent,49:49:0,hello,Editor,C:/Users/User/CLionProjects/hello/main.cpp,,11,12,Default task
2021-06-23T20:03:42.296+09:00,User,KeyEvent,59:59:0,hello,Editor,C:/Users/User/CLionProjects/hello/main.cpp,,11,13,Default task
2021-06-23T20:03:42.465+09:00,User,Action,EditorEnter,hello,Editor,C:/Users/User/CLionProjects/hello/main.cpp,,11,14,Default task
2021-06-23T20:03:42.466+09:00,User,KeyEvent,10:10:0,hello,Editor,C:/Users/User/CLionProjects/hello/main.cpp,,12,4,Default task
2021-06-23T20:03:43.202+09:00,User,KeyEvent,99:67:0,hello,Editor,C:/Users/User/CLionProjects/hello/main.cpp,,12,4,Default task
2021-06-23T20:03:43.304+09:00,User,KeyEvent,105:73:0,hello,Editor,C:/Users/User/CLionProjects/hello/main.cpp,,12,5,Default task
2021-06-23T20:03:43.368+09:00,User,KeyEvent,110:78:0,hello,Editor,C:/Users/User/CLionProjects/hello/main.cpp,,12,6,Default task
2021-06-23T20:03:43.819+09:00,User,KeyEvent,65535:16:1,hello,Editor,C:/Users/User/CLionProjects/hello/main.cpp,,12,7,Default task
2021-06-23T20:03:43.905+09:00,User,KeyEvent,62:46:1,hello,Editor,C:/Users/User/CLionProjects/hello/main.cpp,,12,7,Default task
2021-06-23T20:03:44.009+09:00,User,KeyEvent,62:46:1,hello,Editor,C:/Users/User/CLionProjects/hello/main.cpp,,12,8,Default task
2021-06-23T20:03:44.273+09:00,User,KeyEvent,110:78:0,hello,Editor,C:/Users/User/CLionProjects/hello/main.cpp,,12,9,Default task
2021-06-23T20:03:44.322+09:00,User,KeyEvent,117:85:0,hello,Editor,C:/Users/User/CLionProjects/hello/main.cpp,,12,10,Default task
2021-06-23T20:03:44.476+09:00,User,KeyEvent,109:77:0,hello,Editor,C:/Users/User/CLionProjects/hello/main.cpp,,12,11,Default task
2021-06-23T20:03:44.568+09:00,User,KeyEvent,50:50:0,hello,Editor,C:/Users/User/CLionProjects/hello/main.cpp,,12,12,Default task
2021-06-23T20:03:44.712+09:00,User,KeyEvent,59:59:0,hello,Editor,C:/Users/User/CLionProjects/hello/main.cpp,,12,13,Default task
2021-06-23T20:03:44.865+09:00,User,Action,EditorEnter,hello,Editor,C:/Users/User/CLionProjects/hello/main.cpp,,12,14,Default task
2021-06-23T20:03:44.868+09:00,User,KeyEvent,10:10:0,hello,Editor,C:/Users/User/CLionProjects/hello/main.cpp,,13,4,Default task
2021-06-23T20:03:45.241+09:00,User,KeyEvent,99:67:0,hello,Editor,C:/Users/User/CLionProjects/hello/main.cpp,,13,4,Default task
2021-06-23T20:03:45.328+09:00,User,KeyEvent,105:73:0,hello,Editor,C:/Users/User/CLionProjects/hello/main.cpp,,13,5,Default task
2021-06-23T20:03:45.408+09:00,User,KeyEvent,110:78:0,hello,Editor,C:/Users/User/CLionProjects/hello/main.cpp,,13,6,Default task
2021-06-23T20:03:45.698+09:00,User,KeyEvent,65535:16:1,hello,Editor,C:/Users/User/CLionProjects/hello/main.cpp,,13,7,Default task
2021-06-23T20:03:45.818+09:00,User,KeyEvent,62:46:1,hello,Editor,C:/Users/User/CLionProjects/hello/main.cpp,,13,7,Default task
2021-06-23T20:03:45.977+09:00,User,KeyEvent,62:46:1,hello,Editor,C:/Users/User/CLionProjects/hello/main.cpp,,13,8,Default task
2021-06-23T20:03:46.185+09:00,User,KeyEvent,110:78:0,hello,Editor,C:/Users/User/CLionProjects/hello/main.cpp,,13,9,Default task
2021-06-23T20:03:46.240+09:00,User,KeyEvent,117:85:0,hello,Editor,C:/Users/User/CLionProjects/hello/main.cpp,,13,10,Default task
2021-06-23T20:03:46.433+09:00,User,KeyEvent,109:77:0,hello,Editor,C:/Users/User/CLionProjects/hello/main.cpp,,13,11,Default task
2021-06-23T20:03:46.536+09:00,User,KeyEvent,51:51:0,hello,Editor,C:/Users/User/CLionProjects/hello/main.cpp,,13,12,Default task
2021-06-23T20:03:47.441+09:00,User,KeyEvent,59:59:0,hello,Editor,C:/Users/User/CLionProjects/hello/main.cpp,,13,13,Default task
2021-06-23T20:03:47.625+09:00,User,Action,EditorEnter,hello,Editor,C:/Users/User/CLionProjects/hello/main.cpp,,13,14,Default task
2021-06-23T20:03:47.628+09:00,User,KeyEvent,10:10:0,hello,Editor,C:/Users/User/CLionProjects/hello/main.cpp,,14,4,Default task
2021-06-23T20:03:48.032+09:00,User,Action,EditorEnter,hello,Editor,C:/Users/User/CLionProjects/hello/main.cpp,,14,4,Default task
2021-06-23T20:03:48.047+09:00,User,KeyEvent,10:10:0,hello,Editor,C:/Users/User/CLionProjects/hello/main.cpp,,15,4,Default task
2021-06-23T20:03:48.169+09:00,User,KeyEvent,114:82:0,hello,Editor,C:/Users/User/CLionProjects/hello/main.cpp,,15,4,Default task
2021-06-23T20:03:48.218+09:00,User,KeyEvent,101:69:0,hello,Editor,C:/Users/User/CLionProjects/hello/main.cpp,,15,5,Default task
2021-06-23T20:03:48.472+09:00,User,KeyEvent,115:83:0,hello,Editor,C:/Users/User/CLionProjects/hello/main.cpp,,15,6,Default task
2021-06-23T20:03:48.568+09:00,User,KeyEvent,117:85:0,hello,Editor,C:/Users/User/CLionProjects/hello/main.cpp,,15,7,Default task
2021-06-23T20:03:48.768+09:00,User,KeyEvent,108:76:0,hello,Editor,C:/Users/User/CLionProjects/hello/main.cpp,,15,8,Default task
2021-06-23T20:03:48.904+09:00,User,KeyEvent,116:84:0,hello,Editor,C:/Users/User/CLionProjects/hello/main.cpp,,15,9,Default task
2021-06-23T20:03:50.082+09:00,User,KeyEvent,32:32:0,hello,Editor,C:/Users/User/CLionProjects/hello/main.cpp,,15,10,Default task
2021-06-23T20:03:50.281+09:00,User,KeyEvent,61:61:0,hello,Editor,C:/Users/User/CLionProjects/hello/main.cpp,,15,11,Default task
2021-06-23T20:03:50.387+09:00,User,KeyEvent,32:32:0,hello,Editor,C:/Users/User/CLionProjects/hello/main.cpp,,15,12,Default task
2021-06-23T20:03:50.585+09:00,User,KeyEvent,110:78:0,hello,Editor,C:/Users/User/CLionProjects/hello/main.cpp,,15,13,Default task
2021-06-23T20:03:50.624+09:00,User,KeyEvent,117:85:0,hello,Editor,C:/Users/User/CLionProjects/hello/main.cpp,,15,14,Default task
2021-06-23T20:03:51.120+09:00,User,KeyEvent,49:49:0,hello,Editor,C:/Users/User/CLionProjects/hello/main.cpp,,15,15,Default task
2021-06-23T20:03:51.442+09:00,User,Action,EditorBackSpace,hello,Editor,C:/Users/User/CLionProjects/hello/main.cpp,,15,16,Default task
2021-06-23T20:03:51.455+09:00,User,KeyEvent,8:8:0,hello,Editor,C:/Users/User/CLionProjects/hello/main.cpp,,15,15,Default task
2021-06-23T20:03:51.616+09:00,User,KeyEvent,109:77:0,hello,Editor,C:/Users/User/CLionProjects/hello/main.cpp,,15,15,Default task
2021-06-23T20:03:51.697+09:00,User,KeyEvent,49:49:0,hello,Editor,C:/Users/User/CLionProjects/hello/main.cpp,,15,16,Default task
2021-06-23T20:03:52.441+09:00,User,KeyEvent,65535:16:1,hello,Editor,C:/Users/User/CLionProjects/hello/main.cpp,,15,17,Default task
2021-06-23T20:03:52.593+09:00,User,KeyEvent,42:56:1,hello,Editor,C:/Users/User/CLionProjects/hello/main.cpp,,15,17,Default task
2021-06-23T20:03:53.049+09:00,User,KeyEvent,110:78:0,hello,Editor,C:/Users/User/CLionProjects/hello/main.cpp,,15,18,Default task
2021-06-23T20:03:53.105+09:00,User,KeyEvent,117:85:0,hello,Editor,C:/Users/User/CLionProjects/hello/main.cpp,,15,19,Default task
2021-06-23T20:03:53.304+09:00,User,KeyEvent,109:77:0,hello,Editor,C:/Users/User/CLionProjects/hello/main.cpp,,15,20,Default task
2021-06-23T20:03:53.432+09:00,User,KeyEvent,50:50:0,hello,Editor,C:/Users/User/CLionProjects/hello/main.cpp,,15,21,Default task
2021-06-23T20:03:53.672+09:00,User,KeyEvent,65535:16:1,hello,Editor,C:/Users/User/CLionProjects/hello/main.cpp,,15,22,Default task
2021-06-23T20:03:54.183+09:00,User,KeyEvent,65535:16:1,hello,Editor,C:/Users/User/CLionProjects/hello/main.cpp,,15,22,Default task
2021-06-23T20:03:54.215+09:00,User,KeyEvent,65535:16:1,hello,Editor,C:/Users/User/CLionProjects/hello/main.cpp,,15,22,Default task
2021-06-23T20:03:54.242+09:00,User,KeyEvent,65535:16:1,hello,Editor,C:/Users/User/CLionProjects/hello/main.cpp,,15,22,Default task
2021-06-23T20:03:54.274+09:00,User,KeyEvent,65535:16:1,hello,Editor,C:/Users/User/CLionProjects/hello/main.cpp,,15,22,Default task
2021-06-23T20:03:54.319+09:00,User,KeyEvent,65535:16:1,hello,Editor,C:/Users/User/CLionProjects/hello/main.cpp,,15,22,Default task
2021-06-23T20:03:54.350+09:00,User,KeyEvent,65535:16:1,hello,Editor,C:/Users/User/CLionProjects/hello/main.cpp,,15,22,Default task
2021-06-23T20:03:54.382+09:00,User,KeyEvent,65535:16:1,hello,Editor,C:/Users/User/CLionProjects/hello/main.cpp,,15,22,Default task
2021-06-23T20:03:54.410+09:00,User,KeyEvent,42:56:1,hello,Editor,C:/Users/User/CLionProjects/hello/main.cpp,,15,22,Default task
2021-06-23T20:03:55.106+09:00,User,KeyEvent,110:78:0,hello,Editor,C:/Users/User/CLionProjects/hello/main.cpp,,15,23,Default task
2021-06-23T20:03:55.145+09:00,User,KeyEvent,117:85:0,hello,Editor,C:/Users/User/CLionProjects/hello/main.cpp,,15,24,Default task
2021-06-23T20:03:55.321+09:00,User,KeyEvent,109:77:0,hello,Editor,C:/Users/User/CLionProjects/hello/main.cpp,,15,25,Default task
2021-06-23T20:03:55.489+09:00,User,KeyEvent,51:51:0,hello,Editor,C:/Users/User/CLionProjects/hello/main.cpp,,15,26,Default task
2021-06-23T20:03:55.904+09:00,User,KeyEvent,59:59:0,hello,Editor,C:/Users/User/CLionProjects/hello/main.cpp,,15,27,Default task
2021-06-23T20:03:56.106+09:00,User,Action,EditorEnter,hello,Editor,C:/Users/User/CLionProjects/hello/main.cpp,,15,28,Default task
2021-06-23T20:03:56.109+09:00,User,KeyEvent,10:10:0,hello,Editor,C:/Users/User/CLionProjects/hello/main.cpp,,16,4,Default task
2021-06-23T20:03:57.985+09:00,User,Action,EditorUp,hello,Editor,C:/Users/User/CLionProjects/hello/main.cpp,,16,4,Default task
2021-06-23T20:03:57.987+09:00,User,KeyEvent,65535:38:0,hello,Editor,C:/Users/User/CLionProjects/hello/main.cpp,,15,4,Default task
2021-06-23T20:03:58.162+09:00,User,Action,EditorUp,hello,Editor,C:/Users/User/CLionProjects/hello/main.cpp,,15,4,Default task
2021-06-23T20:03:58.163+09:00,User,KeyEvent,65535:38:0,hello,Editor,C:/Users/User/CLionProjects/hello/main.cpp,,14,4,Default task
2021-06-23T20:03:58.297+09:00,User,Action,EditorUp,hello,Editor,C:/Users/User/CLionProjects/hello/main.cpp,,14,4,Default task
2021-06-23T20:03:58.298+09:00,User,KeyEvent,65535:38:0,hello,Editor,C:/Users/User/CLionProjects/hello/main.cpp,,13,4,Default task
2021-06-23T20:03:58.424+09:00,User,Action,EditorUp,hello,Editor,C:/Users/User/CLionProjects/hello/main.cpp,,13,4,Default task
2021-06-23T20:03:58.424+09:00,User,KeyEvent,65535:38:0,hello,Editor,C:/Users/User/CLionProjects/hello/main.cpp,,12,4,Default task
2021-06-23T20:03:58.553+09:00,User,Action,EditorUp,hello,Editor,C:/Users/User/CLionProjects/hello/main.cpp,,12,4,Default task
2021-06-23T20:03:58.555+09:00,User,KeyEvent,65535:38:0,hello,Editor,C:/Users/User/CLionProjects/hello/main.cpp,,11,4,Default task
2021-06-23T20:03:58.682+09:00,User,Action,EditorUp,hello,Editor,C:/Users/User/CLionProjects/hello/main.cpp,,11,4,Default task
2021-06-23T20:03:58.683+09:00,User,KeyEvent,65535:38:0,hello,Editor,C:/Users/User/CLionProjects/hello/main.cpp,,10,4,Default task
2021-06-23T20:03:58.834+09:00,User,Action,EditorUp,hello,Editor,C:/Users/User/CLionProjects/hello/main.cpp,,10,4,Default task
2021-06-23T20:03:58.835+09:00,User,KeyEvent,65535:38:0,hello,Editor,C:/Users/User/CLionProjects/hello/main.cpp,,9,4,Default task
2021-06-23T20:03:58.986+09:00,User,Action,EditorUp,hello,Editor,C:/Users/User/CLionProjects/hello/main.cpp,,9,4,Default task
2021-06-23T20:03:58.987+09:00,User,KeyEvent,65535:38:0,hello,Editor,C:/Users/User/CLionProjects/hello/main.cpp,,8,4,Default task
2021-06-23T20:03:59.920+09:00,User,Action,EditorEnter,hello,Editor,C:/Users/User/CLionProjects/hello/main.cpp,,8,4,Default task
2021-06-23T20:03:59.922+09:00,User,KeyEvent,10:10:0,hello,Editor,C:/Users/User/CLionProjects/hello/main.cpp,,9,4,Default task
2021-06-23T20:04:00.098+09:00,User,Action,EditorUp,hello,Editor,C:/Users/User/CLionProjects/hello/main.cpp,,9,4,Default task
2021-06-23T20:04:00.099+09:00,User,KeyEvent,65535:38:0,hello,Editor,C:/Users/User/CLionProjects/hello/main.cpp,,8,4,Default task
2021-06-23T20:04:00.689+09:00,User,KeyEvent,105:73:0,hello,Editor,C:/Users/User/CLionProjects/hello/main.cpp,,8,4,Default task
2021-06-23T20:04:00.752+09:00,User,KeyEvent,110:78:0,hello,Editor,C:/Users/User/CLionProjects/hello/main.cpp,,8,5,Default task
2021-06-23T20:04:00.824+09:00,User,KeyEvent,116:84:0,hello,Editor,C:/Users/User/CLionProjects/hello/main.cpp,,8,6,Default task
2021-06-23T20:04:00.968+09:00,User,KeyEvent,32:32:0,hello,Editor,C:/Users/User/CLionProjects/hello/main.cpp,,8,7,Default task
2021-06-23T20:04:01.160+09:00,User,KeyEvent,105:73:0,hello,Editor,C:/Users/User/CLionProjects/hello/main.cpp,,8,8,Default task
2021-06-23T20:04:01.321+09:00,User,KeyEvent,110:78:0,hello,Editor,C:/Users/User/CLionProjects/hello/main.cpp,,8,9,Default task
2021-06-23T20:04:01.482+09:00,User,KeyEvent,100:68:0,hello,Editor,C:/Users/User/CLionProjects/hello/main.cpp,,8,10,Default task
2021-06-23T20:04:01.626+09:00,User,KeyEvent,101:69:0,hello,Editor,C:/Users/User/CLionProjects/hello/main.cpp,,8,11,Default task
2021-06-23T20:04:01.785+09:00,User,KeyEvent,120:88:0,hello,Editor,C:/Users/User/CLionProjects/hello/main.cpp,,8,12,Default task
2021-06-23T20:04:02.193+09:00,User,KeyEvent,32:32:0,hello,Editor,C:/Users/User/CLionProjects/hello/main.cpp,,8,13,Default task
2021-06-23T20:04:02.329+09:00,User,KeyEvent,61:61:0,hello,Editor,C:/Users/User/CLionProjects/hello/main.cpp,,8,14,Default task
2021-06-23T20:04:02.409+09:00,User,KeyEvent,32:32:0,hello,Editor,C:/Users/User/CLionProjects/hello/main.cpp,,8,15,Default task
2021-06-23T20:04:02.536+09:00,User,KeyEvent,48:48:0,hello,Editor,C:/Users/User/CLionProjects/hello/main.cpp,,8,16,Default task
2021-06-23T20:04:03.112+09:00,User,KeyEvent,59:59:0,hello,Editor,C:/Users/User/CLionProjects/hello/main.cpp,,8,17,Default task
2021-06-23T20:04:03.881+09:00,User,Action,EditorDown,hello,Editor,C:/Users/User/CLionProjects/hello/main.cpp,,8,18,Default task
2021-06-23T20:04:03.882+09:00,User,KeyEvent,65535:40:0,hello,Editor,C:/Users/User/CLionProjects/hello/main.cpp,,9,4,Default task
2021-06-23T20:04:03.969+09:00,User,Action,EditorDown,hello,Editor,C:/Users/User/CLionProjects/hello/main.cpp,,9,4,Default task
2021-06-23T20:04:03.969+09:00,User,KeyEvent,65535:40:0,hello,Editor,C:/Users/User/CLionProjects/hello/main.cpp,,10,18,Default task
2021-06-23T20:04:04.098+09:00,User,Action,EditorDown,hello,Editor,C:/Users/User/CLionProjects/hello/main.cpp,,10,18,Default task
2021-06-23T20:04:04.100+09:00,User,KeyEvent,65535:40:0,hello,Editor,C:/Users/User/CLionProjects/hello/main.cpp,,11,4,Default task
2021-06-23T20:04:04.226+09:00,User,Action,EditorDown,hello,Editor,C:/Users/User/CLionProjects/hello/main.cpp,,11,4,Default task
2021-06-23T20:04:04.227+09:00,User,KeyEvent,65535:40:0,hello,Editor,C:/Users/User/CLionProjects/hello/main.cpp,,12,14,Default task
2021-06-23T20:04:04.362+09:00,User,Action,EditorDown,hello,Editor,C:/Users/User/CLionProjects/hello/main.cpp,,12,14,Default task
2021-06-23T20:04:04.363+09:00,User,KeyEvent,65535:40:0,hello,Editor,C:/Users/User/CLionProjects/hello/main.cpp,,13,14,Default task
2021-06-23T20:04:04.496+09:00,User,Action,EditorDown,hello,Editor,C:/Users/User/CLionProjects/hello/main.cpp,,13,14,Default task
2021-06-23T20:04:04.497+09:00,User,KeyEvent,65535:40:0,hello,Editor,C:/Users/User/CLionProjects/hello/main.cpp,,14,14,Default task
2021-06-23T20:04:04.649+09:00,User,Action,EditorDown,hello,Editor,C:/Users/User/CLionProjects/hello/main.cpp,,14,14,Default task
2021-06-23T20:04:04.651+09:00,User,KeyEvent,65535:40:0,hello,Editor,C:/Users/User/CLionProjects/hello/main.cpp,,15,4,Default task
2021-06-23T20:04:04.809+09:00,User,Action,EditorDown,hello,Editor,C:/Users/User/CLionProjects/hello/main.cpp,,15,4,Default task
2021-06-23T20:04:04.809+09:00,User,KeyEvent,65535:40:0,hello,Editor,C:/Users/User/CLionProjects/hello/main.cpp,,16,18,Default task
2021-06-23T20:04:04.970+09:00,User,Action,EditorDown,hello,Editor,C:/Users/User/CLionProjects/hello/main.cpp,,16,18,Default task
2021-06-23T20:04:04.972+09:00,User,KeyEvent,65535:40:0,hello,Editor,C:/Users/User/CLionProjects/hello/main.cpp,,17,4,Default task
2021-06-23T20:04:05.880+09:00,User,KeyEvent,119:87:0,hello,Editor,C:/Users/User/CLionProjects/hello/main.cpp,,17,4,Default task
2021-06-23T20:04:05.920+09:00,User,KeyEvent,104:72:0,hello,Editor,C:/Users/User/CLionProjects/hello/main.cpp,,17,5,Default task
2021-06-23T20:04:05.985+09:00,User,KeyEvent,105:73:0,hello,Editor,C:/Users/User/CLionProjects/hello/main.cpp,,17,6,Default task
2021-06-23T20:04:06.312+09:00,User,KeyEvent,108:76:0,hello,Editor,C:/Users/User/CLionProjects/hello/main.cpp,,17,7,Default task
2021-06-23T20:04:06.432+09:00,User,KeyEvent,101:69:0,hello,Editor,C:/Users/User/CLionProjects/hello/main.cpp,,17,8,Default task
2021-06-23T20:04:06.584+09:00,User,KeyEvent,65535:16:1,hello,Editor,C:/Users/User/CLionProjects/hello/main.cpp,,17,9,Default task
2021-06-23T20:04:06.657+09:00,User,KeyEvent,40:57:1,hello,Editor,C:/Users/User/CLionProjects/hello/main.cpp,,17,9,Default task
2021-06-23T20:04:06.921+09:00,User,KeyEvent,114:82:0,hello,Editor,C:/Users/User/CLionProjects/hello/main.cpp,,17,10,Default task
2021-06-23T20:04:07.028+09:00,User,KeyEvent,101:69:0,hello,Editor,C:/Users/User/CLionProjects/hello/main.cpp,,17,11,Default task
2021-06-23T20:04:07.120+09:00,User,KeyEvent,115:83:0,hello,Editor,C:/Users/User/CLionProjects/hello/main.cpp,,17,12,Default task
2021-06-23T20:04:07.184+09:00,User,KeyEvent,117:85:0,hello,Editor,C:/Users/User/CLionProjects/hello/main.cpp,,17,13,Default task
2021-06-23T20:04:07.377+09:00,User,KeyEvent,108:76:0,hello,Editor,C:/Users/User/CLionProjects/hello/main.cpp,,17,14,Default task
2021-06-23T20:04:07.480+09:00,User,KeyEvent,116:84:0,hello,Editor,C:/Users/User/CLionProjects/hello/main.cpp,,17,15,Default task
2021-06-23T20:04:07.739+09:00,User,KeyEvent,49:49:0,hello,Editor,C:/Users/User/CLionProjects/hello/main.cpp,,17,16,Default task
2021-06-23T20:04:08.073+09:00,User,Action,EditorBackSpace,hello,Editor,C:/Users/User/CLionProjects/hello/main.cpp,,17,17,Default task
2021-06-23T20:04:08.075+09:00,User,KeyEvent,8:8:0,hello,Editor,C:/Users/User/CLionProjects/hello/main.cpp,,17,16,Default task
2021-06-23T20:04:08.425+09:00,User,KeyEvent,65535:16:1,hello,Editor,C:/Users/User/CLionProjects/hello/main.cpp,,17,16,Default task
2021-06-23T20:04:08.506+09:00,User,KeyEvent,32:32:1,hello,Editor,C:/Users/User/CLionProjects/hello/main.cpp,,17,16,Default task
2021-06-23T20:04:08.984+09:00,User,KeyEvent,65535:16:1,hello,Editor,C:/Users/User/CLionProjects/hello/main.cpp,,17,17,Default task
2021-06-23T20:04:09.080+09:00,User,KeyEvent,33:49:1,hello,Editor,C:/Users/User/CLionProjects/hello/main.cpp,,17,17,Default task
2021-06-23T20:04:10.009+09:00,User,KeyEvent,61:61:0,hello,Editor,C:/Users/User/CLionProjects/hello/main.cpp,,17,18,Default task
2021-06-23T20:04:10.210+09:00,User,KeyEvent,48:48:0,hello,Editor,C:/Users/User/CLionProjects/hello/main.cpp,,17,19,Default task
2021-06-23T20:04:10.538+09:00,User,KeyEvent,65535:16:1,hello,Editor,C:/Users/User/CLionProjects/hello/main.cpp,,17,20,Default task
2021-06-23T20:04:10.688+09:00,User,KeyEvent,41:48:1,hello,Editor,C:/Users/User/CLionProjects/hello/main.cpp,,17,20,Default task
2021-06-23T20:04:11.265+09:00,User,Action,EditorEnter,hello,Editor,C:/Users/User/CLionProjects/hello/main.cpp,,17,21,Default task
2021-06-23T20:04:11.269+09:00,User,KeyEvent,10:10:0,hello,Editor,C:/Users/User/CLionProjects/hello/main.cpp,,18,8,Default task
2021-06-23T20:04:11.688+09:00,User,KeyEvent,65535:16:1,hello,Editor,C:/Users/User/CLionProjects/hello/main.cpp,,18,8,Default task
2021-06-23T20:04:11.881+09:00,User,KeyEvent,123:91:1,hello,Editor,C:/Users/User/CLionProjects/hello/main.cpp,,18,8,Default task
2021-06-23T20:04:12.065+09:00,User,Action,EditorEnter,hello,Editor,C:/Users/User/CLionProjects/hello/main.cpp,,18,5,Default task
2021-06-23T20:04:12.070+09:00,User,KeyEvent,10:10:0,hello,Editor,C:/Users/User/CLionProjects/hello/main.cpp,,19,8,Default task
2021-06-23T20:04:12.609+09:00,User,KeyEvent,105:73:0,hello,Editor,C:/Users/User/CLionProjects/hello/main.cpp,,19,8,Default task
2021-06-23T20:04:12.705+09:00,User,KeyEvent,110:78:0,hello,Editor,C:/Users/User/CLionProjects/hello/main.cpp,,19,9,Default task
2021-06-23T20:04:12.800+09:00,User,KeyEvent,100:68:0,hello,Editor,C:/Users/User/CLionProjects/hello/main.cpp,,19,10,Default task
2021-06-23T20:04:12.920+09:00,User,KeyEvent,101:69:0,hello,Editor,C:/Users/User/CLionProjects/hello/main.cpp,,19,11,Default task
2021-06-23T20:04:13.112+09:00,User,KeyEvent,120:88:0,hello,Editor,C:/Users/User/CLionProjects/hello/main.cpp,,19,12,Default task
2021-06-23T20:04:13.273+09:00,User,KeyEvent,32:32:0,hello,Editor,C:/Users/User/CLionProjects/hello/main.cpp,,19,13,Default task
2021-06-23T20:04:13.384+09:00,User,KeyEvent,61:61:0,hello,Editor,C:/Users/User/CLionProjects/hello/main.cpp,,19,14,Default task
2021-06-23T20:04:13.476+09:00,User,KeyEvent,32:32:0,hello,Editor,C:/Users/User/CLionProjects/hello/main.cpp,,19,15,Default task
2021-06-23T20:04:13.785+09:00,User,KeyEvent,114:82:0,hello,Editor,C:/Users/User/CLionProjects/hello/main.cpp,,19,16,Default task
2021-06-23T20:04:13.852+09:00,User,KeyEvent,101:69:0,hello,Editor,C:/Users/User/CLionProjects/hello/main.cpp,,19,17,Default task
2021-06-23T20:04:13.968+09:00,User,KeyEvent,115:83:0,hello,Editor,C:/Users/User/CLionProjects/hello/main.cpp,,19,18,Default task
2021-06-23T20:04:14.016+09:00,User,KeyEvent,117:85:0,hello,Editor,C:/Users/User/CLionProjects/hello/main.cpp,,19,19,Default task
2021-06-23T20:04:14.177+09:00,User,KeyEvent,108:76:0,hello,Editor,C:/Users/User/CLionProjects/hello/main.cpp,,19,20,Default task
2021-06-23T20:04:14.320+09:00,User,KeyEvent,116:84:0,hello,Editor,C:/Users/User/CLionProjects/hello/main.cpp,,19,21,Default task
2021-06-23T20:04:17.011+09:00,User,KeyEvent,32:32:0,hello,Editor,C:/Users/User/CLionProjects/hello/main.cpp,,19,22,Default task
2021-06-23T20:04:17.202+09:00,User,KeyEvent,65535:16:1,hello,Editor,C:/Users/User/CLionProjects/hello/main.cpp,,19,23,Default task
2021-06-23T20:04:17.296+09:00,User,KeyEvent,37:53:1,hello,Editor,C:/Users/User/CLionProjects/hello/main.cpp,,19,23,Default task
2021-06-23T20:04:18.377+09:00,User,KeyEvent,49:49:0,hello,Editor,C:/Users/User/CLionProjects/hello/main.cpp,,19,24,Default task
2021-06-23T20:04:18.456+09:00,User,KeyEvent,48:48:0,hello,Editor,C:/Users/User/CLionProjects/hello/main.cpp,,19,25,Default task
2021-06-23T20:04:19.217+09:00,User,KeyEvent,59:59:0,hello,Editor,C:/Users/User/CLionProjects/hello/main.cpp,,19,26,Default task
2021-06-23T20:04:19.425+09:00,User,Action,EditorEnter,hello,Editor,C:/Users/User/CLionProjects/hello/main.cpp,,19,27,Default task
2021-06-23T20:04:19.426+09:00,User,KeyEvent,10:10:0,hello,Editor,C:/Users/User/CLionProjects/hello/main.cpp,,20,8,Default task
2021-06-23T20:04:19.873+09:00,User,KeyEvent,118:86:0,hello,Editor,C:/Users/User/CLionProjects/hello/main.cpp,,20,8,Default task
2021-06-23T20:04:20.072+09:00,User,KeyEvent,91:91:0,hello,Editor,C:/Users/User/CLionProjects/hello/main.cpp,,20,9,Default task
2021-06-23T20:04:20.411+09:00,User,KeyEvent,105:73:0,hello,Editor,C:/Users/User/CLionProjects/hello/main.cpp,,20,10,Default task
2021-06-23T20:04:20.512+09:00,User,KeyEvent,110:78:0,hello,Editor,C:/Users/User/CLionProjects/hello/main.cpp,,20,11,Default task
2021-06-23T20:04:20.615+09:00,User,KeyEvent,100:68:0,hello,Editor,C:/Users/User/CLionProjects/hello/main.cpp,,20,12,Default task
2021-06-23T20:04:20.760+09:00,User,KeyEvent,101:69:0,hello,Editor,C:/Users/User/CLionProjects/hello/main.cpp,,20,13,Default task
2021-06-23T20:04:20.922+09:00,User,KeyEvent,120:88:0,hello,Editor,C:/Users/User/CLionProjects/hello/main.cpp,,20,14,Default task
2021-06-23T20:04:21.280+09:00,User,KeyEvent,93:93:0,hello,Editor,C:/Users/User/CLionProjects/hello/main.cpp,,20,15,Default task
2021-06-23T20:04:21.466+09:00,User,KeyEvent,32:32:0,hello,Editor,C:/Users/User/CLionProjects/hello/main.cpp,,20,16,Default task
2021-06-23T20:04:21.746+09:00,User,KeyEvent,61:61:0,hello,Editor,C:/Users/User/CLionProjects/hello/main.cpp,,20,17,Default task
2021-06-23T20:04:21.810+09:00,User,KeyEvent,32:32:0,hello,Editor,C:/Users/User/CLionProjects/hello/main.cpp,,20,18,Default task
2021-06-23T20:04:22.009+09:00,User,KeyEvent,118:86:0,hello,Editor,C:/Users/User/CLionProjects/hello/main.cpp,,20,19,Default task
2021-06-23T20:04:22.681+09:00,User,KeyEvent,91:91:0,hello,Editor,C:/Users/User/CLionProjects/hello/main.cpp,,20,20,Default task
2021-06-23T20:04:22.985+09:00,User,KeyEvent,105:73:0,hello,Editor,C:/Users/User/CLionProjects/hello/main.cpp,,20,21,Default task
2021-06-23T20:04:23.088+09:00,User,KeyEvent,110:78:0,hello,Editor,C:/Users/User/CLionProjects/hello/main.cpp,,20,22,Default task
2021-06-23T20:04:23.194+09:00,User,KeyEvent,100:68:0,hello,Editor,C:/Users/User/CLionProjects/hello/main.cpp,,20,23,Default task
2021-06-23T20:04:23.320+09:00,User,KeyEvent,101:69:0,hello,Editor,C:/Users/User/CLionProjects/hello/main.cpp,,20,24,Default task
2021-06-23T20:04:23.465+09:00,User,KeyEvent,120:88:0,hello,Editor,C:/Users/User/CLionProjects/hello/main.cpp,,20,25,Default task
2021-06-23T20:04:23.800+09:00,User,KeyEvent,93:93:0,hello,Editor,C:/Users/User/CLionProjects/hello/main.cpp,,20,26,Default task
2021-06-23T20:04:23.945+09:00,User,KeyEvent,32:32:0,hello,Editor,C:/Users/User/CLionProjects/hello/main.cpp,,20,27,Default task
2021-06-23T20:04:24.160+09:00,User,KeyEvent,65535:16:1,hello,Editor,C:/Users/User/CLionProjects/hello/main.cpp,,20,28,Default task
2021-06-23T20:04:24.258+09:00,User,KeyEvent,43:61:1,hello,Editor,C:/Users/User/CLionProjects/hello/main.cpp,,20,28,Default task
2021-06-23T20:04:24.465+09:00,User,KeyEvent,49:49:0,hello,Editor,C:/Users/User/CLionProjects/hello/main.cpp,,20,29,Default task
2021-06-23T20:04:25.250+09:00,User,KeyEvent,59:59:0,hello,Editor,C:/Users/User/CLionProjects/hello/main.cpp,,20,30,Default task
2021-06-23T20:04:25.433+09:00,User,Action,EditorEnter,hello,Editor,C:/Users/User/CLionProjects/hello/main.cpp,,20,31,Default task
2021-06-23T20:04:25.436+09:00,User,KeyEvent,10:10:0,hello,Editor,C:/Users/User/CLionProjects/hello/main.cpp,,21,8,Default task
2021-06-23T20:04:25.697+09:00,User,KeyEvent,114:82:0,hello,Editor,C:/Users/User/CLionProjects/hello/main.cpp,,21,8,Default task
2021-06-23T20:04:25.751+09:00,User,KeyEvent,101:69:0,hello,Editor,C:/Users/User/CLionProjects/hello/main.cpp,,21,9,Default task
2021-06-23T20:04:25.872+09:00,User,KeyEvent,115:83:0,hello,Editor,C:/Users/User/CLionProjects/hello/main.cpp,,21,10,Default task
2021-06-23T20:04:25.903+09:00,User,KeyEvent,117:85:0,hello,Editor,C:/Users/User/CLionProjects/hello/main.cpp,,21,11,Default task
2021-06-23T20:04:26.080+09:00,User,KeyEvent,108:76:0,hello,Editor,C:/Users/User/CLionProjects/hello/main.cpp,,21,12,Default task
2021-06-23T20:04:26.168+09:00,User,KeyEvent,116:84:0,hello,Editor,C:/Users/User/CLionProjects/hello/main.cpp,,21,13,Default task
2021-06-23T20:04:26.321+09:00,User,KeyEvent,32:32:0,hello,Editor,C:/Users/User/CLionProjects/hello/main.cpp,,21,14,Default task
2021-06-23T20:04:27.266+09:00,User,KeyEvent,61:61:0,hello,Editor,C:/Users/User/CLionProjects/hello/main.cpp,,21,15,Default task
2021-06-23T20:04:27.417+09:00,User,KeyEvent,114:82:0,hello,Editor,C:/Users/User/CLionProjects/hello/main.cpp,,21,16,Default task
2021-06-23T20:04:27.548+09:00,User,KeyEvent,101:69:0,hello,Editor,C:/Users/User/CLionProjects/hello/main.cpp,,21,17,Default task
2021-06-23T20:04:27.985+09:00,User,KeyEvent,115:83:0,hello,Editor,C:/Users/User/CLionProjects/hello/main.cpp,,21,18,Default task
2021-06-23T20:04:28.073+09:00,User,KeyEvent,117:85:0,hello,Editor,C:/Users/User/CLionProjects/hello/main.cpp,,21,19,Default task
2021-06-23T20:04:28.240+09:00,User,KeyEvent,108:76:0,hello,Editor,C:/Users/User/CLionProjects/hello/main.cpp,,21,20,Default task
2021-06-23T20:04:28.352+09:00,User,KeyEvent,116:84:0,hello,Editor,C:/Users/User/CLionProjects/hello/main.cpp,,21,21,Default task
2021-06-23T20:04:28.689+09:00,User,KeyEvent,32:32:0,hello,Editor,C:/Users/User/CLionProjects/hello/main.cpp,,21,22,Default task
2021-06-23T20:04:28.904+09:00,User,KeyEvent,47:47:0,hello,Editor,C:/Users/User/CLionProjects/hello/main.cpp,,21,23,Default task
2021-06-23T20:04:28.993+09:00,User,KeyEvent,49:49:0,hello,Editor,C:/Users/User/CLionProjects/hello/main.cpp,,21,24,Default task
2021-06-23T20:04:29.152+09:00,User,KeyEvent,48:48:0,hello,Editor,C:/Users/User/CLionProjects/hello/main.cpp,,21,25,Default task
2021-06-23T20:04:29.448+09:00,User,KeyEvent,59:59:0,hello,Editor,C:/Users/User/CLionProjects/hello/main.cpp,,21,26,Default task
2021-06-23T20:04:30.505+09:00,User,Action,EditorDown,hello,Editor,C:/Users/User/CLionProjects/hello/main.cpp,,21,27,Default task
2021-06-23T20:04:30.506+09:00,User,KeyEvent,65535:40:0,hello,Editor,C:/Users/User/CLionProjects/hello/main.cpp,,22,5,Default task
2021-06-23T20:04:30.944+09:00,User,Action,EditorEnter,hello,Editor,C:/Users/User/CLionProjects/hello/main.cpp,,22,5,Default task
2021-06-23T20:04:30.947+09:00,User,KeyEvent,10:10:0,hello,Editor,C:/Users/User/CLionProjects/hello/main.cpp,,23,4,Default task
2021-06-23T20:04:31.105+09:00,User,Action,EditorEnter,hello,Editor,C:/Users/User/CLionProjects/hello/main.cpp,,23,4,Default task
2021-06-23T20:04:31.106+09:00,User,KeyEvent,10:10:0,hello,Editor,C:/Users/User/CLionProjects/hello/main.cpp,,24,4,Default task
2021-06-23T20:04:31.265+09:00,User,KeyEvent,102:70:0,hello,Editor,C:/Users/User/CLionProjects/hello/main.cpp,,24,4,Default task
2021-06-23T20:04:31.328+09:00,User,KeyEvent,111:79:0,hello,Editor,C:/Users/User/CLionProjects/hello/main.cpp,,24,5,Default task
2021-06-23T20:04:31.488+09:00,User,KeyEvent,114:82:0,hello,Editor,C:/Users/User/CLionProjects/hello/main.cpp,,24,6,Default task
2021-06-23T20:04:31.624+09:00,User,KeyEvent,65535:16:1,hello,Editor,C:/Users/User/CLionProjects/hello/main.cpp,,24,7,Default task
2021-06-23T20:04:31.761+09:00,User,KeyEvent,40:57:1,hello,Editor,C:/Users/User/CLionProjects/hello/main.cpp,,24,7,Default task
2021-06-23T20:04:32.200+09:00,User,KeyEvent,105:73:0,hello,Editor,C:/Users/User/CLionProjects/hello/main.cpp,,24,8,Default task
2021-06-23T20:04:32.280+09:00,User,KeyEvent,110:78:0,hello,Editor,C:/Users/User/CLionProjects/hello/main.cpp,,24,9,Default task
2021-06-23T20:04:32.389+09:00,User,KeyEvent,116:84:0,hello,Editor,C:/Users/User/CLionProjects/hello/main.cpp,,24,10,Default task
2021-06-23T20:04:32.472+09:00,User,KeyEvent,32:32:0,hello,Editor,C:/Users/User/CLionProjects/hello/main.cpp,,24,11,Default task
2021-06-23T20:04:32.593+09:00,User,KeyEvent,105:73:0,hello,Editor,C:/Users/User/CLionProjects/hello/main.cpp,,24,12,Default task
2021-06-23T20:04:32.712+09:00,User,KeyEvent,32:32:0,hello,Editor,C:/Users/User/CLionProjects/hello/main.cpp,,24,13,Default task
2021-06-23T20:04:32.849+09:00,User,KeyEvent,61:61:0,hello,Editor,C:/Users/User/CLionProjects/hello/main.cpp,,24,14,Default task
2021-06-23T20:04:33.097+09:00,User,KeyEvent,48:48:0,hello,Editor,C:/Users/User/CLionProjects/hello/main.cpp,,24,15,Default task
2021-06-23T20:04:33.552+09:00,User,KeyEvent,59:59:0,hello,Editor,C:/Users/User/CLionProjects/hello/main.cpp,,24,16,Default task
2021-06-23T20:04:33.665+09:00,User,KeyEvent,32:32:0,hello,Editor,C:/Users/User/CLionProjects/hello/main.cpp,,24,17,Default task
2021-06-23T20:04:33.808+09:00,User,KeyEvent,105:73:0,hello,Editor,C:/Users/User/CLionProjects/hello/main.cpp,,24,18,Default task
2021-06-23T20:04:34.114+09:00,User,KeyEvent,65535:16:1,hello,Editor,C:/Users/User/CLionProjects/hello/main.cpp,,24,19,Default task
2021-06-23T20:04:34.178+09:00,User,KeyEvent,60:44:1,hello,Editor,C:/Users/User/CLionProjects/hello/main.cpp,,24,19,Default task
2021-06-23T20:04:34.410+09:00,User,KeyEvent,49:49:0,hello,Editor,C:/Users/User/CLionProjects/hello/main.cpp,,24,20,Default task
2021-06-23T20:04:34.537+09:00,User,KeyEvent,48:48:0,hello,Editor,C:/Users/User/CLionProjects/hello/main.cpp,,24,21,Default task
2021-06-23T20:04:35.473+09:00,User,KeyEvent,59:59:0,hello,Editor,C:/Users/User/CLionProjects/hello/main.cpp,,24,22,Default task
2021-06-23T20:04:35.650+09:00,User,KeyEvent,32:32:0,hello,Editor,C:/Users/User/CLionProjects/hello/main.cpp,,24,23,Default task
2021-06-23T20:04:35.913+09:00,User,KeyEvent,105:73:0,hello,Editor,C:/Users/User/CLionProjects/hello/main.cpp,,24,24,Default task
2021-06-23T20:04:36.170+09:00,User,KeyEvent,65535:16:1,hello,Editor,C:/Users/User/CLionProjects/hello/main.cpp,,24,25,Default task
2021-06-23T20:04:36.320+09:00,User,KeyEvent,43:61:1,hello,Editor,C:/Users/User/CLionProjects/hello/main.cpp,,24,25,Default task
2021-06-23T20:04:36.442+09:00,User,KeyEvent,43:61:1,hello,Editor,C:/Users/User/CLionProjects/hello/main.cpp,,24,26,Default task
2021-06-23T20:04:36.713+09:00,User,KeyEvent,41:48:1,hello,Editor,C:/Users/User/CLionProjects/hello/main.cpp,,24,27,Default task
2021-06-23T20:04:37.314+09:00,User,Action,EditorEnter,hello,Editor,C:/Users/User/CLionProjects/hello/main.cpp,,24,28,Default task
2021-06-23T20:04:37.317+09:00,User,KeyEvent,10:10:0,hello,Editor,C:/Users/User/CLionProjects/hello/main.cpp,,25,8,Default task
2021-06-23T20:04:37.521+09:00,User,KeyEvent,65535:16:1,hello,Editor,C:/Users/User/CLionProjects/hello/main.cpp,,25,8,Default task
2021-06-23T20:04:37.634+09:00,User,KeyEvent,123:91:1,hello,Editor,C:/Users/User/CLionProjects/hello/main.cpp,,25,8,Default task
2021-06-23T20:04:37.801+09:00,User,KeyEvent,92:92:0,hello,Editor,C:/Users/User/CLionProjects/hello/main.cpp,,25,5,Default task
2021-06-23T20:04:37.808+09:00,User,Action,EditorEnter,hello,Editor,C:/Users/User/CLionProjects/hello/main.cpp,,25,6,Default task
2021-06-23T20:04:37.812+09:00,User,KeyEvent,10:10:0,hello,Editor,C:/Users/User/CLionProjects/hello/main.cpp,,26,4,Default task
2021-06-23T20:04:38.384+09:00,User,Action,EditorBackSpace,hello,Editor,C:/Users/User/CLionProjects/hello/main.cpp,,26,4,Default task
2021-06-23T20:04:38.386+09:00,User,KeyEvent,8:8:0,hello,Editor,C:/Users/User/CLionProjects/hello/main.cpp,,25,6,Default task
2021-06-23T20:04:38.561+09:00,User,Action,EditorBackSpace,hello,Editor,C:/Users/User/CLionProjects/hello/main.cpp,,25,6,Default task
2021-06-23T20:04:38.563+09:00,User,KeyEvent,8:8:0,hello,Editor,C:/Users/User/CLionProjects/hello/main.cpp,,25,5,Default task
2021-06-23T20:04:39.153+09:00,User,Action,EditorEnter,hello,Editor,C:/Users/User/CLionProjects/hello/main.cpp,,25,5,Default task
2021-06-23T20:04:39.155+09:00,User,KeyEvent,10:10:0,hello,Editor,C:/Users/User/CLionProjects/hello/main.cpp,,26,8,Default task
2021-06-23T20:04:40.065+09:00,User,KeyEvent,99:67:0,hello,Editor,C:/Users/User/CLionProjects/hello/main.cpp,,26,8,Default task
2021-06-23T20:04:40.115+09:00,User,KeyEvent,111:79:0,hello,Editor,C:/Users/User/CLionProjects/hello/main.cpp,,26,9,Default task
2021-06-23T20:04:40.304+09:00,User,KeyEvent,117:85:0,hello,Editor,C:/Users/User/CLionProjects/hello/main.cpp,,26,10,Default task
2021-06-23T20:04:40.432+09:00,User,KeyEvent,116:84:0,hello,Editor,C:/Users/User/CLionProjects/hello/main.cpp,,26,11,Default task
2021-06-23T20:04:40.593+09:00,User,KeyEvent,65535:16:1,hello,Editor,C:/Users/User/CLionProjects/hello/main.cpp,,26,12,Default task
2021-06-23T20:04:40.640+09:00,User,KeyEvent,60:44:1,hello,Editor,C:/Users/User/CLionProjects/hello/main.cpp,,26,12,Default task
2021-06-23T20:04:40.784+09:00,User,KeyEvent,60:44:1,hello,Editor,C:/Users/User/CLionProjects/hello/main.cpp,,26,13,Default task
2021-06-23T20:04:41.402+09:00,User,KeyEvent,118:86:0,hello,Editor,C:/Users/User/CLionProjects/hello/main.cpp,,26,14,Default task
2021-06-23T20:04:41.585+09:00,User,KeyEvent,91:91:0,hello,Editor,C:/Users/User/CLionProjects/hello/main.cpp,,26,15,Default task
2021-06-23T20:04:41.793+09:00,User,KeyEvent,105:73:0,hello,Editor,C:/Users/User/CLionProjects/hello/main.cpp,,26,16,Default task
2021-06-23T20:04:42.224+09:00,User,KeyEvent,93:93:0,hello,Editor,C:/Users/User/CLionProjects/hello/main.cpp,,26,17,Default task
2021-06-23T20:04:42.451+09:00,User,KeyEvent,65535:16:1,hello,Editor,C:/Users/User/CLionProjects/hello/main.cpp,,26,18,Default task
2021-06-23T20:04:42.530+09:00,User,KeyEvent,60:44:1,hello,Editor,C:/Users/User/CLionProjects/hello/main.cpp,,26,18,Default task
2021-06-23T20:04:42.704+09:00,User,KeyEvent,60:44:1,hello,Editor,C:/Users/User/CLionProjects/hello/main.cpp,,26,19,Default task
2021-06-23T20:04:42.832+09:00,User,KeyEvent,101:69:0,hello,Editor,C:/Users/User/CLionProjects/hello/main.cpp,,26,20,Default task
2021-06-23T20:04:42.954+09:00,User,KeyEvent,110:78:0,hello,Editor,C:/Users/User/CLionProjects/hello/main.cpp,,26,21,Default task
2021-06-23T20:04:43.056+09:00,User,KeyEvent,100:68:0,hello,Editor,C:/Users/User/CLionProjects/hello/main.cpp,,26,22,Default task
2021-06-23T20:04:43.184+09:00,User,KeyEvent,108:76:0,hello,Editor,C:/Users/User/CLionProjects/hello/main.cpp,,26,23,Default task
2021-06-23T20:04:44.217+09:00,User,KeyEvent,59:59:0,hello,Editor,C:/Users/User/CLionProjects/hello/main.cpp,,26,24,Default task
2021-06-23T20:04:44.673+09:00,User,Action,EditorDown,hello,Editor,C:/Users/User/CLionProjects/hello/main.cpp,,26,25,Default task
2021-06-23T20:04:44.674+09:00,User,KeyEvent,65535:40:0,hello,Editor,C:/Users/User/CLionProjects/hello/main.cpp,,27,5,Default task
2021-06-23T20:04:45.008+09:00,User,Action,EditorEnter,hello,Editor,C:/Users/User/CLionProjects/hello/main.cpp,,27,5,Default task
2021-06-23T20:04:45.011+09:00,User,KeyEvent,10:10:0,hello,Editor,C:/Users/User/CLionProjects/hello/main.cpp,,28,4,Default task
2021-06-23T20:04:45.344+09:00,User,Action,EditorEnter,hello,Editor,C:/Users/User/CLionProjects/hello/main.cpp,,28,4,Default task
2021-06-23T20:04:45.368+09:00,User,KeyEvent,10:10:0,hello,Editor,C:/Users/User/CLionProjects/hello/main.cpp,,29,4,Default task
2021-06-23T20:04:45.472+09:00,User,KeyEvent,114:82:0,hello,Editor,C:/Users/User/CLionProjects/hello/main.cpp,,29,4,Default task
2021-06-23T20:04:45.536+09:00,User,KeyEvent,101:69:0,hello,Editor,C:/Users/User/CLionProjects/hello/main.cpp,,29,5,Default task
2021-06-23T20:04:45.655+09:00,User,KeyEvent,116:84:0,hello,Editor,C:/Users/User/CLionProjects/hello/main.cpp,,29,6,Default task
2021-06-23T20:04:45.719+09:00,User,KeyEvent,117:85:0,hello,Editor,C:/Users/User/CLionProjects/hello/main.cpp,,29,7,Default task
2021-06-23T20:04:45.818+09:00,User,KeyEvent,114:82:0,hello,Editor,C:/Users/User/CLionProjects/hello/main.cpp,,29,8,Default task
2021-06-23T20:04:45.920+09:00,User,KeyEvent,110:78:0,hello,Editor,C:/Users/User/CLionProjects/hello/main.cpp,,29,9,Default task
2021-06-23T20:04:46.040+09:00,User,KeyEvent,32:32:0,hello,Editor,C:/Users/User/CLionProjects/hello/main.cpp,,29,10,Default task
2021-06-23T20:04:46.520+09:00,User,KeyEvent,48:48:0,hello,Editor,C:/Users/User/CLionProjects/hello/main.cpp,,29,11,Default task
2021-06-23T20:04:46.844+09:00,User,KeyEvent,59:59:0,hello,Editor,C:/Users/User/CLionProjects/hello/main.cpp,,29,12,Default task
2021-06-23T20:04:46.994+09:00,User,KeyEvent,65535:17:2,hello,Editor,C:/Users/User/CLionProjects/hello/main.cpp,,29,13,Default task
2021-06-23T20:04:47.073+09:00,User,Action,SaveAll,hello,Editor,C:/Users/User/CLionProjects/hello/main.cpp,,29,13,Default task
2021-06-23T20:04:47.086+09:00,User,KeyEvent,19:83:2,hello,Editor,C:/Users/User/CLionProjects/hello/main.cpp,,29,13,Default task
2021-06-23T20:04:48.096+09:00,User,KeyEvent,65535:17:2,hello,Editor,C:/Users/User/CLionProjects/hello/main.cpp,,29,13,Default task
2021-06-23T20:04:48.193+09:00,User,Action,SaveAll,hello,Editor,C:/Users/User/CLionProjects/hello/main.cpp,,29,13,Default task
2021-06-23T20:04:48.193+09:00,User,KeyEvent,19:83:2,hello,Editor,C:/Users/User/CLionProjects/hello/main.cpp,,29,13,Default task
2021-06-23T20:04:48.507+09:00,User,Action,Run,hello,Editor,C:/Users/User/CLionProjects/hello/main.cpp,,29,13,Default task
2021-06-23T20:04:56.064+09:00,User,KeyEvent,49:97:0,hello,Editor,C:/Users/User/CLionProjects/hello/main.cpp,,29,13,Default task
2021-06-23T20:04:56.137+09:00,User,KeyEvent,53:101:0,hello,Editor,C:/Users/User/CLionProjects/hello/main.cpp,,29,13,Default task
2021-06-23T20:04:56.242+09:00,User,KeyEvent,48:96:0,hello,Editor,C:/Users/User/CLionProjects/hello/main.cpp,,29,13,Default task
2021-06-23T20:04:56.522+09:00,User,KeyEvent,10:10:0,hello,Editor,C:/Users/User/CLionProjects/hello/main.cpp,,29,13,Default task
2021-06-23T20:04:57.009+09:00,User,KeyEvent,50:98:0,hello,Editor,C:/Users/User/CLionProjects/hello/main.cpp,,29,13,Default task
2021-06-23T20:04:57.210+09:00,User,KeyEvent,54:102:0,hello,Editor,C:/Users/User/CLionProjects/hello/main.cpp,,29,13,Default task
2021-06-23T20:04:57.346+09:00,User,KeyEvent,54:102:0,hello,Editor,C:/Users/User/CLionProjects/hello/main.cpp,,29,13,Default task
2021-06-23T20:04:57.586+09:00,User,KeyEvent,10:10:0,hello,Editor,C:/Users/User/CLionProjects/hello/main.cpp,,29,13,Default task
2021-06-23T20:04:57.834+09:00,User,KeyEvent,52:100:0,hello,Editor,C:/Users/User/CLionProjects/hello/main.cpp,,29,13,Default task
2021-06-23T20:04:57.969+09:00,User,KeyEvent,56:104:0,hello,Editor,C:/Users/User/CLionProjects/hello/main.cpp,,29,13,Default task
2021-06-23T20:04:58.771+09:00,User,KeyEvent,8:8:0,hello,Editor,C:/Users/User/CLionProjects/hello/main.cpp,,29,13,Default task
2021-06-23T20:04:58.857+09:00,User,KeyEvent,50:98:0,hello,Editor,C:/Users/User/CLionProjects/hello/main.cpp,,29,13,Default task
2021-06-23T20:04:58.993+09:00,User,KeyEvent,55:103:0,hello,Editor,C:/Users/User/CLionProjects/hello/main.cpp,,29,13,Default task
2021-06-23T20:04:59.219+09:00,User,KeyEvent,10:10:0,hello,Editor,C:/Users/User/CLionProjects/hello/main.cpp,,29,13,Default task
2021-06-23T20:05:02.601+09:00,User,KeyEvent,65535:17:2,hello,Editor,C:/Users/User/CLionProjects/hello/main.cpp,,0,0,Default task
2021-06-23T20:05:02.897+09:00,User,Action,EditorCopy,hello,Editor,C:/Users/User/CLionProjects/hello/main.cpp,,0,0,Default task
2021-06-23T20:05:02.901+09:00,User,KeyEvent,3:67:2,hello,Editor,C:/Users/User/CLionProjects/hello/main.cpp,,0,0,Default task
2021-06-23T20:05:20.856+09:00,User,KeyEvent,65535:17:2,hello,Editor,C:/Users/User/CLionProjects/hello/main.cpp,,8,18,Default task
2021-06-23T20:05:21.090+09:00,User,Action,SaveAll,hello,Editor,C:/Users/User/CLionProjects/hello/main.cpp,,8,18,Default task
2021-06-23T20:05:21.091+09:00,User,KeyEvent,19:83:2,hello,Editor,C:/Users/User/CLionProjects/hello/main.cpp,,8,18,Default task
2021-06-23T20:05:26.244+09:00,User,Action,Roll Tracking Log,,,,,-1,-1,
