2021-06-22T17:09:21.731+09:00,User,Action,OpenFile,pointer,Editor,C:/Users/User/CLionProjects/pointer/main.cpp,,14,0,Default task
2021-06-22T17:09:32.778+09:00,User,KeyEvent,99:67:0,pointer,Editor,C:/Users/User/CLionProjects/pointer/main.cpp,,14,0,Default task
2021-06-22T17:09:33.634+09:00,User,KeyEvent,99:67:0,pointer,Editor,C:/Users/User/CLionProjects/pointer/main.cpp,,14,0,Default task
2021-06-22T17:09:34.634+09:00,User,KeyEvent,99:67:0,pointer,Editor,C:/Users/User/CLionProjects/pointer/main.cpp,,14,0,Default task
2021-06-22T17:09:35.419+09:00,User,KeyEvent,99:67:0,pointer,Editor,C:/Users/User/CLionProjects/pointer/main.cpp,,14,0,Default task
2021-06-22T17:09:36.330+09:00,User,KeyEvent,8:8:0,pointer,Editor,C:/Users/User/CLionProjects/pointer/main.cpp,,14,0,Default task
2021-06-22T17:09:36.520+09:00,User,KeyEvent,8:8:0,pointer,Editor,C:/Users/User/CLionProjects/pointer/main.cpp,,14,0,Default task
2021-06-22T17:09:36.676+09:00,User,KeyEvent,8:8:0,pointer,Editor,C:/Users/User/CLionProjects/pointer/main.cpp,,14,0,Default task
2021-06-22T17:10:19.272+09:00,User,Action,OpenFile,pointer,Editor,C:/Users/User/CLionProjects/helloworld/main.cpp,,0,0,Default task
2021-06-22T17:10:42.372+09:00,User,Action,Run,helloworld,Editor,C:/Users/User/CLionProjects/helloworld/main.cpp,,7,0,Default task
2021-06-22T17:11:09.322+09:00,User,Action,EditorBackSpace,helloworld,Editor,C:/Users/User/CLionProjects/helloworld/main.cpp,,4,3,Default task
2021-06-22T17:11:09.338+09:00,User,KeyEvent,8:8:0,helloworld,Editor,C:/Users/User/CLionProjects/helloworld/main.cpp,,4,3,Default task
2021-06-22T17:11:10.417+09:00,User,KeyEvent,99:67:0,helloworld,Editor,C:/Users/User/CLionProjects/helloworld/main.cpp,,4,3,Default task
2021-06-22T17:11:10.826+09:00,User,Action,EditorBackSpace,helloworld,Editor,C:/Users/User/CLionProjects/helloworld/main.cpp,,4,4,Default task
2021-06-22T17:11:10.837+09:00,User,KeyEvent,8:8:0,helloworld,Editor,C:/Users/User/CLionProjects/helloworld/main.cpp,,4,3,Default task
2021-06-22T17:11:10.945+09:00,User,Action,EditorBackSpace,helloworld,Editor,C:/Users/User/CLionProjects/helloworld/main.cpp,,4,3,Default task
2021-06-22T17:11:10.948+09:00,User,KeyEvent,8:8:0,helloworld,Editor,C:/Users/User/CLionProjects/helloworld/main.cpp,,3,12,Default task
2021-06-22T17:11:11.473+09:00,User,Action,EditorEnter,helloworld,Editor,C:/Users/User/CLionProjects/helloworld/main.cpp,,3,12,Default task
2021-06-22T17:11:11.476+09:00,User,KeyEvent,10:10:0,helloworld,Editor,C:/Users/User/CLionProjects/helloworld/main.cpp,,4,4,Default task
2021-06-22T17:11:11.737+09:00,User,KeyEvent,99:67:0,helloworld,Editor,C:/Users/User/CLionProjects/helloworld/main.cpp,,4,4,Default task
2021-06-22T17:11:11.833+09:00,User,KeyEvent,111:79:0,helloworld,Editor,C:/Users/User/CLionProjects/helloworld/main.cpp,,4,5,Default task
2021-06-22T17:11:12.000+09:00,User,KeyEvent,117:85:0,helloworld,Editor,C:/Users/User/CLionProjects/helloworld/main.cpp,,4,6,Default task
2021-06-22T17:11:12.128+09:00,User,KeyEvent,116:84:0,helloworld,Editor,C:/Users/User/CLionProjects/helloworld/main.cpp,,4,7,Default task
2021-06-22T17:11:12.353+09:00,User,KeyEvent,65535:16:1,helloworld,Editor,C:/Users/User/CLionProjects/helloworld/main.cpp,,4,8,Default task
2021-06-22T17:11:12.400+09:00,User,KeyEvent,60:44:1,helloworld,Editor,C:/Users/User/CLionProjects/helloworld/main.cpp,,4,8,Default task
2021-06-22T17:11:12.560+09:00,User,KeyEvent,60:44:1,helloworld,Editor,C:/Users/User/CLionProjects/helloworld/main.cpp,,4,9,Default task
2021-06-22T17:11:13.017+09:00,User,KeyEvent,65535:16:1,helloworld,Editor,C:/Users/User/CLionProjects/helloworld/main.cpp,,4,10,Default task
2021-06-22T17:11:13.129+09:00,User,KeyEvent,34:222:1,helloworld,Editor,C:/Users/User/CLionProjects/helloworld/main.cpp,,4,10,Default task
2021-06-22T17:11:13.835+09:00,User,KeyEvent,65535:20:0,helloworld,Editor,C:/Users/User/CLionProjects/helloworld/main.cpp,,4,11,Default task
2021-06-22T17:11:14.114+09:00,User,KeyEvent,72:72:0,helloworld,Editor,C:/Users/User/CLionProjects/helloworld/main.cpp,,4,11,Default task
2021-06-22T17:11:14.209+09:00,User,KeyEvent,65535:20:0,helloworld,Editor,C:/Users/User/CLionProjects/helloworld/main.cpp,,4,12,Default task
2021-06-22T17:11:14.513+09:00,User,KeyEvent,101:69:0,helloworld,Editor,C:/Users/User/CLionProjects/helloworld/main.cpp,,4,12,Default task
2021-06-22T17:11:15.088+09:00,User,KeyEvent,108:76:0,helloworld,Editor,C:/Users/User/CLionProjects/helloworld/main.cpp,,4,13,Default task
2021-06-22T17:11:15.233+09:00,User,KeyEvent,108:76:0,helloworld,Editor,C:/Users/User/CLionProjects/helloworld/main.cpp,,4,14,Default task
2021-06-22T17:11:15.435+09:00,User,KeyEvent,111:79:0,helloworld,Editor,C:/Users/User/CLionProjects/helloworld/main.cpp,,4,15,Default task
2021-06-22T17:11:15.640+09:00,User,KeyEvent,44:44:0,helloworld,Editor,C:/Users/User/CLionProjects/helloworld/main.cpp,,4,16,Default task
2021-06-22T17:11:15.752+09:00,User,KeyEvent,32:32:0,helloworld,Editor,C:/Users/User/CLionProjects/helloworld/main.cpp,,4,17,Default task
2021-06-22T17:11:16.097+09:00,User,KeyEvent,65535:20:0,helloworld,Editor,C:/Users/User/CLionProjects/helloworld/main.cpp,,4,18,Default task
2021-06-22T17:11:16.393+09:00,User,KeyEvent,87:87:0,helloworld,Editor,C:/Users/User/CLionProjects/helloworld/main.cpp,,4,18,Default task
2021-06-22T17:11:16.529+09:00,User,KeyEvent,65535:20:0,helloworld,Editor,C:/Users/User/CLionProjects/helloworld/main.cpp,,4,19,Default task
2021-06-22T17:11:16.800+09:00,User,KeyEvent,111:79:0,helloworld,Editor,C:/Users/User/CLionProjects/helloworld/main.cpp,,4,19,Default task
2021-06-22T17:11:16.945+09:00,User,KeyEvent,114:82:0,helloworld,Editor,C:/Users/User/CLionProjects/helloworld/main.cpp,,4,20,Default task
2021-06-22T17:11:17.602+09:00,User,KeyEvent,108:76:0,helloworld,Editor,C:/Users/User/CLionProjects/helloworld/main.cpp,,4,21,Default task
2021-06-22T17:11:17.753+09:00,User,KeyEvent,100:68:0,helloworld,Editor,C:/Users/User/CLionProjects/helloworld/main.cpp,,4,22,Default task
2021-06-22T17:11:18.241+09:00,User,KeyEvent,65535:16:1,helloworld,Editor,C:/Users/User/CLionProjects/helloworld/main.cpp,,4,23,Default task
2021-06-22T17:11:18.352+09:00,User,KeyEvent,33:49:1,helloworld,Editor,C:/Users/User/CLionProjects/helloworld/main.cpp,,4,23,Default task
2021-06-22T17:11:18.761+09:00,User,KeyEvent,32:32:0,helloworld,Editor,C:/Users/User/CLionProjects/helloworld/main.cpp,,4,24,Default task
2021-06-22T17:11:19.473+09:00,User,KeyEvent,50:98:0,helloworld,Editor,C:/Users/User/CLionProjects/helloworld/main.cpp,,4,25,Default task
2021-06-22T17:11:19.616+09:00,User,KeyEvent,48:96:0,helloworld,Editor,C:/Users/User/CLionProjects/helloworld/main.cpp,,4,26,Default task
2021-06-22T17:11:19.785+09:00,User,KeyEvent,49:97:0,helloworld,Editor,C:/Users/User/CLionProjects/helloworld/main.cpp,,4,27,Default task
2021-06-22T17:11:19.960+09:00,User,KeyEvent,55:103:0,helloworld,Editor,C:/Users/User/CLionProjects/helloworld/main.cpp,,4,28,Default task
2021-06-22T17:11:20.328+09:00,User,KeyEvent,50:98:0,helloworld,Editor,C:/Users/User/CLionProjects/helloworld/main.cpp,,4,29,Default task
2021-06-22T17:11:20.521+09:00,User,KeyEvent,52:100:0,helloworld,Editor,C:/Users/User/CLionProjects/helloworld/main.cpp,,4,30,Default task
2021-06-22T17:11:20.713+09:00,User,KeyEvent,54:102:0,helloworld,Editor,C:/Users/User/CLionProjects/helloworld/main.cpp,,4,31,Default task
2021-06-22T17:11:20.921+09:00,User,KeyEvent,52:100:0,helloworld,Editor,C:/Users/User/CLionProjects/helloworld/main.cpp,,4,32,Default task
2021-06-22T17:11:21.304+09:00,User,KeyEvent,56:104:0,helloworld,Editor,C:/Users/User/CLionProjects/helloworld/main.cpp,,4,33,Default task
2021-06-22T17:11:22.032+09:00,User,KeyEvent,65535:16:1,helloworld,Editor,C:/Users/User/CLionProjects/helloworld/main.cpp,,4,34,Default task
2021-06-22T17:11:22.355+09:00,User,KeyEvent,34:222:1,helloworld,Editor,C:/Users/User/CLionProjects/helloworld/main.cpp,,4,34,Default task
2021-06-22T17:11:23.361+09:00,User,KeyEvent,32:32:0,helloworld,Editor,C:/Users/User/CLionProjects/helloworld/main.cpp,,4,35,Default task
2021-06-22T17:11:23.929+09:00,User,KeyEvent,65535:16:1,helloworld,Editor,C:/Users/User/CLionProjects/helloworld/main.cpp,,4,36,Default task
2021-06-22T17:11:24.009+09:00,User,KeyEvent,60:44:1,helloworld,Editor,C:/Users/User/CLionProjects/helloworld/main.cpp,,4,36,Default task
2021-06-22T17:11:24.144+09:00,User,KeyEvent,60:44:1,helloworld,Editor,C:/Users/User/CLionProjects/helloworld/main.cpp,,4,37,Default task
2021-06-22T17:11:24.418+09:00,User,KeyEvent,101:69:0,helloworld,Editor,C:/Users/User/CLionProjects/helloworld/main.cpp,,4,38,Default task
2021-06-22T17:11:24.512+09:00,User,KeyEvent,110:78:0,helloworld,Editor,C:/Users/User/CLionProjects/helloworld/main.cpp,,4,39,Default task
2021-06-22T17:11:24.600+09:00,User,KeyEvent,100:68:0,helloworld,Editor,C:/Users/User/CLionProjects/helloworld/main.cpp,,4,40,Default task
2021-06-22T17:11:24.720+09:00,User,KeyEvent,108:76:0,helloworld,Editor,C:/Users/User/CLionProjects/helloworld/main.cpp,,4,41,Default task
2021-06-22T17:11:24.864+09:00,User,KeyEvent,59:59:0,helloworld,Editor,C:/Users/User/CLionProjects/helloworld/main.cpp,,4,42,Default task
2021-06-22T17:13:08.924+09:00,User,Action,OpenFile,helloworld,Popup,C:/Users/User/CLionProjects/helloworld/main.cpp,,8,0,Default task
2021-06-22T17:13:17.921+09:00,User,KeyEvent,65535:17:2,helloworld,Editor,C:/Users/User/CLionProjects/helloworld/main.cpp,,7,1,Default task
2021-06-22T17:13:24.816+09:00,User,Action,Run,helloworld,Editor,C:/Users/User/CLionProjects/helloworld/main.cpp,,8,0,Default task
2021-06-22T18:37:34.040+09:00,User,Action,CPP.CreateCMakeProject,helloworld,Editor,C:/Users/User/CLionProjects/helloworld/main.cpp,,8,0,Default task
2021-06-22T18:38:48.183+09:00,User,KeyEvent,27:27:0,helloworld,Editor,C:/Users/User/CLionProjects/helloworld/main.cpp,,8,0,Default task
2021-06-22T18:38:49.690+09:00,User,Action,CPP.CreateCMakeProject,helloworld,Editor,C:/Users/User/CLionProjects/helloworld/main.cpp,,8,0,Default task
2021-06-22T18:38:52.223+09:00,User,Action,EditorBackSpace,helloworld,Editor,C:/Users/User/CLionProjects/helloworld/main.cpp,,8,0,Default task
2021-06-22T18:38:52.242+09:00,User,KeyEvent,8:8:0,helloworld,Editor,C:/Users/User/CLionProjects/helloworld/main.cpp,,8,0,Default task
2021-06-22T18:38:52.356+09:00,User,Action,EditorBackSpace,helloworld,Editor,C:/Users/User/CLionProjects/helloworld/main.cpp,,8,0,Default task
2021-06-22T18:38:52.358+09:00,User,KeyEvent,8:8:0,helloworld,Editor,C:/Users/User/CLionProjects/helloworld/main.cpp,,8,0,Default task
2021-06-22T18:38:52.492+09:00,User,Action,EditorBackSpace,helloworld,Editor,C:/Users/User/CLionProjects/helloworld/main.cpp,,8,0,Default task
2021-06-22T18:38:52.493+09:00,User,KeyEvent,8:8:0,helloworld,Editor,C:/Users/User/CLionProjects/helloworld/main.cpp,,8,0,Default task
2021-06-22T18:38:52.620+09:00,User,Action,EditorBackSpace,helloworld,Editor,C:/Users/User/CLionProjects/helloworld/main.cpp,,8,0,Default task
2021-06-22T18:38:52.624+09:00,User,KeyEvent,8:8:0,helloworld,Editor,C:/Users/User/CLionProjects/helloworld/main.cpp,,8,0,Default task
2021-06-22T18:38:52.750+09:00,User,Action,EditorBackSpace,helloworld,Editor,C:/Users/User/CLionProjects/helloworld/main.cpp,,8,0,Default task
2021-06-22T18:38:52.757+09:00,User,KeyEvent,8:8:0,helloworld,Editor,C:/Users/User/CLionProjects/helloworld/main.cpp,,8,0,Default task
2021-06-22T18:38:52.909+09:00,User,Action,EditorBackSpace,helloworld,Editor,C:/Users/User/CLionProjects/helloworld/main.cpp,,8,0,Default task
2021-06-22T18:38:52.910+09:00,User,KeyEvent,8:8:0,helloworld,Editor,C:/Users/User/CLionProjects/helloworld/main.cpp,,8,0,Default task
2021-06-22T18:38:53.061+09:00,User,Action,EditorBackSpace,helloworld,Editor,C:/Users/User/CLionProjects/helloworld/main.cpp,,8,0,Default task
2021-06-22T18:38:53.066+09:00,User,KeyEvent,8:8:0,helloworld,Editor,C:/Users/User/CLionProjects/helloworld/main.cpp,,8,0,Default task
2021-06-22T18:38:53.428+09:00,User,Action,EditorBackSpace,helloworld,Editor,C:/Users/User/CLionProjects/helloworld/main.cpp,,8,0,Default task
2021-06-22T18:38:53.430+09:00,User,KeyEvent,8:8:0,helloworld,Editor,C:/Users/User/CLionProjects/helloworld/main.cpp,,8,0,Default task
2021-06-22T18:38:54.156+09:00,User,KeyEvent,119:87:0,helloworld,Editor,C:/Users/User/CLionProjects/helloworld/main.cpp,,8,0,Default task
2021-06-22T18:38:54.556+09:00,User,KeyEvent,97:65:0,helloworld,Editor,C:/Users/User/CLionProjects/helloworld/main.cpp,,8,0,Default task
2021-06-22T18:38:54.933+09:00,User,KeyEvent,114:82:0,helloworld,Editor,C:/Users/User/CLionProjects/helloworld/main.cpp,,8,0,Default task
2021-06-22T18:38:55.084+09:00,User,KeyEvent,109:77:0,helloworld,Editor,C:/Users/User/CLionProjects/helloworld/main.cpp,,8,0,Default task
2021-06-22T18:38:55.853+09:00,User,KeyEvent,117:85:0,helloworld,Editor,C:/Users/User/CLionProjects/helloworld/main.cpp,,8,0,Default task
2021-06-22T18:38:56.077+09:00,User,KeyEvent,112:80:0,helloworld,Editor,C:/Users/User/CLionProjects/helloworld/main.cpp,,8,0,Default task
2021-06-22T18:38:56.459+09:00,User,KeyEvent,49:49:0,helloworld,Editor,C:/Users/User/CLionProjects/helloworld/main.cpp,,8,0,Default task
2021-06-22T18:39:05.420+09:00,User,KeyEvent,10:10:0,warmup1,Editor,C:/Users/User/CLionProjects/warmup1/main.cpp,,0,0,Default task
2021-06-22T18:39:12.771+09:00,User,KeyEvent,117:85:0,warmup1,Editor,C:/Users/User/CLionProjects/warmup1/main.cpp,,1,0,Default task
2021-06-22T18:39:13.147+09:00,User,KeyEvent,110:78:0,warmup1,Editor,C:/Users/User/CLionProjects/warmup1/main.cpp,,1,1,Default task
2021-06-22T18:39:13.321+09:00,User,Action,EditorBackSpace,warmup1,Editor,C:/Users/User/CLionProjects/warmup1/main.cpp,,1,2,Default task
2021-06-22T18:39:13.338+09:00,User,KeyEvent,8:8:0,warmup1,Editor,C:/Users/User/CLionProjects/warmup1/main.cpp,,1,1,Default task
2021-06-22T18:39:13.469+09:00,User,KeyEvent,115:83:0,warmup1,Editor,C:/Users/User/CLionProjects/warmup1/main.cpp,,1,1,Default task
2021-06-22T18:39:13.652+09:00,User,KeyEvent,105:73:0,warmup1,Editor,C:/Users/User/CLionProjects/warmup1/main.cpp,,1,2,Default task
2021-06-22T18:39:13.747+09:00,User,KeyEvent,110:78:0,warmup1,Editor,C:/Users/User/CLionProjects/warmup1/main.cpp,,1,3,Default task
2021-06-22T18:39:13.844+09:00,User,KeyEvent,103:71:0,warmup1,Editor,C:/Users/User/CLionProjects/warmup1/main.cpp,,1,4,Default task
2021-06-22T18:39:13.992+09:00,User,KeyEvent,32:32:0,warmup1,Editor,C:/Users/User/CLionProjects/warmup1/main.cpp,,1,5,Default task
2021-06-22T18:39:14.107+09:00,User,KeyEvent,110:78:0,warmup1,Editor,C:/Users/User/CLionProjects/warmup1/main.cpp,,1,6,Default task
2021-06-22T18:39:14.172+09:00,User,KeyEvent,97:65:0,warmup1,Editor,C:/Users/User/CLionProjects/warmup1/main.cpp,,1,7,Default task
2021-06-22T18:39:14.325+09:00,User,KeyEvent,109:77:0,warmup1,Editor,C:/Users/User/CLionProjects/warmup1/main.cpp,,1,8,Default task
2021-06-22T18:39:14.726+09:00,User,KeyEvent,101:69:0,warmup1,Editor,C:/Users/User/CLionProjects/warmup1/main.cpp,,1,9,Default task
2021-06-22T18:39:15.290+09:00,User,KeyEvent,115:83:0,warmup1,Editor,C:/Users/User/CLionProjects/warmup1/main.cpp,,1,10,Default task
2021-06-22T18:39:15.308+09:00,User,KeyEvent,112:80:0,warmup1,Editor,C:/Users/User/CLionProjects/warmup1/main.cpp,,1,11,Default task
2021-06-22T18:39:15.988+09:00,User,KeyEvent,97:65:0,warmup1,Editor,C:/Users/User/CLionProjects/warmup1/main.cpp,,1,12,Default task
2021-06-22T18:39:16.153+09:00,User,KeyEvent,99:67:0,warmup1,Editor,C:/Users/User/CLionProjects/warmup1/main.cpp,,1,13,Default task
2021-06-22T18:39:16.370+09:00,User,KeyEvent,101:69:0,warmup1,Editor,C:/Users/User/CLionProjects/warmup1/main.cpp,,1,14,Default task
2021-06-22T18:39:16.455+09:00,User,KeyEvent,32:32:0,warmup1,Editor,C:/Users/User/CLionProjects/warmup1/main.cpp,,1,15,Default task
2021-06-22T18:39:16.524+09:00,User,KeyEvent,115:83:0,warmup1,Editor,C:/Users/User/CLionProjects/warmup1/main.cpp,,1,16,Default task
2021-06-22T18:39:16.664+09:00,User,KeyEvent,116:84:0,warmup1,Editor,C:/Users/User/CLionProjects/warmup1/main.cpp,,1,17,Default task
2021-06-22T18:39:16.834+09:00,User,KeyEvent,100:68:0,warmup1,Editor,C:/Users/User/CLionProjects/warmup1/main.cpp,,1,18,Default task
2021-06-22T18:39:16.858+09:00,User,KeyEvent,59:59:0,warmup1,Editor,C:/Users/User/CLionProjects/warmup1/main.cpp,,1,19,Default task
2021-06-22T18:39:17.132+09:00,User,Action,EditorEnter,warmup1,Editor,C:/Users/User/CLionProjects/warmup1/main.cpp,,1,20,Default task
2021-06-22T18:39:17.217+09:00,User,KeyEvent,10:10:0,warmup1,Editor,C:/Users/User/CLionProjects/warmup1/main.cpp,,2,0,Default task
2021-06-22T19:29:14.507+09:00,User,KeyEvent,65535:17:2,warmup1,Editor,C:/Users/User/CLionProjects/warmup1/main.cpp,,5,13,Default task
2021-06-22T19:29:14.677+09:00,User,Action,SaveAll,warmup1,Editor,C:/Users/User/CLionProjects/warmup1/main.cpp,,5,13,Default task
2021-06-22T19:29:14.682+09:00,User,KeyEvent,19:83:2,warmup1,Editor,C:/Users/User/CLionProjects/warmup1/main.cpp,,5,13,Default task
2021-06-22T19:29:26.267+09:00,User,KeyEvent,65535:17:2,warmup1,Editor,C:/Users/User/CLionProjects/warmup1/main.cpp,,7,0,Default task
2021-06-22T19:29:26.746+09:00,User,Action,SaveAll,warmup1,Editor,C:/Users/User/CLionProjects/warmup1/main.cpp,,7,0,Default task
2021-06-22T19:29:26.747+09:00,User,KeyEvent,19:83:2,warmup1,Editor,C:/Users/User/CLionProjects/warmup1/main.cpp,,7,0,Default task
2021-06-22T19:29:31.018+09:00,User,Action,EditorBackSpace,warmup1,Editor,C:/Users/User/CLionProjects/warmup1/main.cpp,,3,12,Default task
2021-06-22T19:29:31.032+09:00,User,KeyEvent,8:8:0,warmup1,Editor,C:/Users/User/CLionProjects/warmup1/main.cpp,,3,12,Default task
2021-06-22T19:29:31.339+09:00,User,Action,EditorEnter,warmup1,Editor,C:/Users/User/CLionProjects/warmup1/main.cpp,,3,12,Default task
2021-06-22T19:29:31.349+09:00,User,KeyEvent,10:10:0,warmup1,Editor,C:/Users/User/CLionProjects/warmup1/main.cpp,,4,4,Default task
2021-06-22T19:29:31.682+09:00,User,KeyEvent,115:83:0,warmup1,Editor,C:/Users/User/CLionProjects/warmup1/main.cpp,,4,4,Default task
2021-06-22T19:29:31.769+09:00,User,KeyEvent,116:84:0,warmup1,Editor,C:/Users/User/CLionProjects/warmup1/main.cpp,,4,5,Default task
2021-06-22T19:29:32.129+09:00,User,KeyEvent,100:68:0,warmup1,Editor,C:/Users/User/CLionProjects/warmup1/main.cpp,,4,6,Default task
2021-06-22T19:29:32.273+09:00,User,KeyEvent,65535:16:1,warmup1,Editor,C:/Users/User/CLionProjects/warmup1/main.cpp,,4,7,Default task
2021-06-22T19:29:32.321+09:00,User,KeyEvent,58:59:1,warmup1,Editor,C:/Users/User/CLionProjects/warmup1/main.cpp,,4,7,Default task
2021-06-22T19:29:32.595+09:00,User,KeyEvent,58:59:1,warmup1,Editor,C:/Users/User/CLionProjects/warmup1/main.cpp,,4,8,Default task
2021-06-22T19:29:33.458+09:00,User,KeyEvent,99:67:0,warmup1,Editor,C:/Users/User/CLionProjects/warmup1/main.cpp,,4,9,Default task
2021-06-22T19:29:33.522+09:00,User,KeyEvent,111:79:0,warmup1,Editor,C:/Users/User/CLionProjects/warmup1/main.cpp,,4,10,Default task
2021-06-22T19:29:33.753+09:00,User,KeyEvent,117:85:0,warmup1,Editor,C:/Users/User/CLionProjects/warmup1/main.cpp,,4,11,Default task
2021-06-22T19:29:34.113+09:00,User,KeyEvent,116:84:0,warmup1,Editor,C:/Users/User/CLionProjects/warmup1/main.cpp,,4,12,Default task
2021-06-22T19:29:34.346+09:00,User,KeyEvent,32:32:0,warmup1,Editor,C:/Users/User/CLionProjects/warmup1/main.cpp,,4,13,Default task
2021-06-22T19:29:34.482+09:00,User,KeyEvent,65535:16:1,warmup1,Editor,C:/Users/User/CLionProjects/warmup1/main.cpp,,4,14,Default task
2021-06-22T19:29:34.809+09:00,User,KeyEvent,60:44:1,warmup1,Editor,C:/Users/User/CLionProjects/warmup1/main.cpp,,4,14,Default task
2021-06-22T19:29:34.970+09:00,User,KeyEvent,60:44:1,warmup1,Editor,C:/Users/User/CLionProjects/warmup1/main.cpp,,4,15,Default task
2021-06-22T19:29:35.626+09:00,User,KeyEvent,32:32:0,warmup1,Editor,C:/Users/User/CLionProjects/warmup1/main.cpp,,4,16,Default task
2021-06-22T19:29:36.706+09:00,User,KeyEvent,65535:16:1,warmup1,Editor,C:/Users/User/CLionProjects/warmup1/main.cpp,,4,17,Default task
2021-06-22T19:29:36.990+09:00,User,KeyEvent,34:222:1,warmup1,Editor,C:/Users/User/CLionProjects/warmup1/main.cpp,,4,17,Default task
2021-06-22T19:29:37.498+09:00,User,KeyEvent,65535:20:0,warmup1,Editor,C:/Users/User/CLionProjects/warmup1/main.cpp,,4,18,Default task
2021-06-22T19:29:37.817+09:00,User,KeyEvent,72:72:0,warmup1,Editor,C:/Users/User/CLionProjects/warmup1/main.cpp,,4,18,Default task
2021-06-22T19:29:37.914+09:00,User,KeyEvent,65535:20:0,warmup1,Editor,C:/Users/User/CLionProjects/warmup1/main.cpp,,4,19,Default task
2021-06-22T19:29:38.163+09:00,User,KeyEvent,101:69:0,warmup1,Editor,C:/Users/User/CLionProjects/warmup1/main.cpp,,4,19,Default task
2021-06-22T19:29:38.297+09:00,User,KeyEvent,108:76:0,warmup1,Editor,C:/Users/User/CLionProjects/warmup1/main.cpp,,4,20,Default task
2021-06-22T19:29:38.394+09:00,User,KeyEvent,108:76:0,warmup1,Editor,C:/Users/User/CLionProjects/warmup1/main.cpp,,4,21,Default task
2021-06-22T19:29:38.586+09:00,User,KeyEvent,111:79:0,warmup1,Editor,C:/Users/User/CLionProjects/warmup1/main.cpp,,4,22,Default task
2021-06-22T19:29:38.755+09:00,User,KeyEvent,32:32:0,warmup1,Editor,C:/Users/User/CLionProjects/warmup1/main.cpp,,4,23,Default task
2021-06-22T19:29:39.045+09:00,User,KeyEvent,65535:20:0,warmup1,Editor,C:/Users/User/CLionProjects/warmup1/main.cpp,,4,24,Default task
2021-06-22T19:29:39.394+09:00,User,KeyEvent,87:87:0,warmup1,Editor,C:/Users/User/CLionProjects/warmup1/main.cpp,,4,24,Default task
2021-06-22T19:29:39.699+09:00,User,KeyEvent,65535:20:0,warmup1,Editor,C:/Users/User/CLionProjects/warmup1/main.cpp,,4,25,Default task
2021-06-22T19:29:40.067+09:00,User,KeyEvent,111:79:0,warmup1,Editor,C:/Users/User/CLionProjects/warmup1/main.cpp,,4,25,Default task
2021-06-22T19:29:40.274+09:00,User,KeyEvent,114:82:0,warmup1,Editor,C:/Users/User/CLionProjects/warmup1/main.cpp,,4,26,Default task
2021-06-22T19:29:40.505+09:00,User,KeyEvent,100:68:0,warmup1,Editor,C:/Users/User/CLionProjects/warmup1/main.cpp,,4,27,Default task
2021-06-22T19:29:40.707+09:00,User,KeyEvent,108:76:0,warmup1,Editor,C:/Users/User/CLionProjects/warmup1/main.cpp,,4,28,Default task
2021-06-22T19:29:41.241+09:00,User,KeyEvent,49:49:0,warmup1,Editor,C:/Users/User/CLionProjects/warmup1/main.cpp,,4,29,Default task
2021-06-22T19:29:41.913+09:00,User,Action,EditorBackSpace,warmup1,Editor,C:/Users/User/CLionProjects/warmup1/main.cpp,,4,30,Default task
2021-06-22T19:29:41.916+09:00,User,KeyEvent,8:8:0,warmup1,Editor,C:/Users/User/CLionProjects/warmup1/main.cpp,,4,29,Default task
2021-06-22T19:29:42.082+09:00,User,Action,EditorBackSpace,warmup1,Editor,C:/Users/User/CLionProjects/warmup1/main.cpp,,4,29,Default task
2021-06-22T19:29:42.084+09:00,User,KeyEvent,8:8:0,warmup1,Editor,C:/Users/User/CLionProjects/warmup1/main.cpp,,4,28,Default task
2021-06-22T19:29:42.418+09:00,User,Action,EditorBackSpace,warmup1,Editor,C:/Users/User/CLionProjects/warmup1/main.cpp,,4,28,Default task
2021-06-22T19:29:42.603+09:00,User,KeyEvent,8:8:0,warmup1,Editor,C:/Users/User/CLionProjects/warmup1/main.cpp,,4,27,Default task
2021-06-22T19:29:43.468+09:00,User,Action,EditorBackSpace,warmup1,Editor,C:/Users/User/CLionProjects/warmup1/main.cpp,,4,27,Default task
2021-06-22T19:29:43.476+09:00,User,KeyEvent,8:8:0,warmup1,Editor,C:/Users/User/CLionProjects/warmup1/main.cpp,,4,26,Default task
2021-06-22T19:29:43.594+09:00,User,Action,EditorBackSpace,warmup1,Editor,C:/Users/User/CLionProjects/warmup1/main.cpp,,4,26,Default task
2021-06-22T19:29:43.598+09:00,User,KeyEvent,8:8:0,warmup1,Editor,C:/Users/User/CLionProjects/warmup1/main.cpp,,4,25,Default task
2021-06-22T19:29:44.178+09:00,User,KeyEvent,111:79:0,warmup1,Editor,C:/Users/User/CLionProjects/warmup1/main.cpp,,4,25,Default task
2021-06-22T19:29:44.410+09:00,User,KeyEvent,114:82:0,warmup1,Editor,C:/Users/User/CLionProjects/warmup1/main.cpp,,4,26,Default task
2021-06-22T19:29:45.363+09:00,User,KeyEvent,108:76:0,warmup1,Editor,C:/Users/User/CLionProjects/warmup1/main.cpp,,4,27,Default task
2021-06-22T19:29:45.857+09:00,User,KeyEvent,100:68:0,warmup1,Editor,C:/Users/User/CLionProjects/warmup1/main.cpp,,4,28,Default task
2021-06-22T19:29:46.329+09:00,User,KeyEvent,65535:16:1,warmup1,Editor,C:/Users/User/CLionProjects/warmup1/main.cpp,,4,29,Default task
2021-06-22T19:29:46.522+09:00,User,KeyEvent,33:49:1,warmup1,Editor,C:/Users/User/CLionProjects/warmup1/main.cpp,,4,29,Default task
2021-06-22T19:29:46.930+09:00,User,KeyEvent,65535:16:1,warmup1,Editor,C:/Users/User/CLionProjects/warmup1/main.cpp,,4,30,Default task
2021-06-22T19:29:47.041+09:00,User,KeyEvent,34:222:1,warmup1,Editor,C:/Users/User/CLionProjects/warmup1/main.cpp,,4,30,Default task
2021-06-22T19:29:47.875+09:00,User,KeyEvent,65535:16:1,warmup1,Editor,C:/Users/User/CLionProjects/warmup1/main.cpp,,4,31,Default task
2021-06-22T19:29:48.386+09:00,User,KeyEvent,65535:16:1,warmup1,Editor,C:/Users/User/CLionProjects/warmup1/main.cpp,,4,31,Default task
2021-06-22T19:29:48.402+09:00,User,KeyEvent,60:44:1,warmup1,Editor,C:/Users/User/CLionProjects/warmup1/main.cpp,,4,31,Default task
2021-06-22T19:29:48.513+09:00,User,KeyEvent,60:44:1,warmup1,Editor,C:/Users/User/CLionProjects/warmup1/main.cpp,,4,32,Default task
2021-06-22T19:29:49.257+09:00,User,KeyEvent,115:83:0,warmup1,Editor,C:/Users/User/CLionProjects/warmup1/main.cpp,,4,33,Default task
2021-06-22T19:29:49.393+09:00,User,KeyEvent,116:84:0,warmup1,Editor,C:/Users/User/CLionProjects/warmup1/main.cpp,,4,34,Default task
2021-06-22T19:29:49.522+09:00,User,KeyEvent,100:68:0,warmup1,Editor,C:/Users/User/CLionProjects/warmup1/main.cpp,,4,35,Default task
2021-06-22T19:29:49.738+09:00,User,KeyEvent,65535:16:1,warmup1,Editor,C:/Users/User/CLionProjects/warmup1/main.cpp,,4,36,Default task
2021-06-22T19:29:49.754+09:00,User,KeyEvent,58:59:1,warmup1,Editor,C:/Users/User/CLionProjects/warmup1/main.cpp,,4,36,Default task
2021-06-22T19:29:49.913+09:00,User,KeyEvent,58:59:1,warmup1,Editor,C:/Users/User/CLionProjects/warmup1/main.cpp,,4,37,Default task
2021-06-22T19:29:50.130+09:00,User,KeyEvent,101:69:0,warmup1,Editor,C:/Users/User/CLionProjects/warmup1/main.cpp,,4,38,Default task
2021-06-22T19:29:50.251+09:00,User,KeyEvent,110:78:0,warmup1,Editor,C:/Users/User/CLionProjects/warmup1/main.cpp,,4,39,Default task
2021-06-22T19:29:50.338+09:00,User,KeyEvent,100:68:0,warmup1,Editor,C:/Users/User/CLionProjects/warmup1/main.cpp,,4,40,Default task
2021-06-22T19:29:50.442+09:00,User,KeyEvent,108:76:0,warmup1,Editor,C:/Users/User/CLionProjects/warmup1/main.cpp,,4,41,Default task
2021-06-22T19:29:50.634+09:00,User,KeyEvent,59:59:0,warmup1,Editor,C:/Users/User/CLionProjects/warmup1/main.cpp,,4,42,Default task
2021-06-22T19:29:52.258+09:00,User,KeyEvent,65535:17:2,warmup1,Editor,C:/Users/User/CLionProjects/warmup1/main.cpp,,4,43,Default task
2021-06-22T19:29:52.418+09:00,User,Action,SaveAll,warmup1,Editor,C:/Users/User/CLionProjects/warmup1/main.cpp,,4,43,Default task
2021-06-22T19:29:52.426+09:00,User,KeyEvent,19:83:2,warmup1,Editor,C:/Users/User/CLionProjects/warmup1/main.cpp,,4,43,Default task
2021-06-22T19:29:53.386+09:00,User,Action,Run,warmup1,Editor,C:/Users/User/CLionProjects/warmup1/main.cpp,,4,43,Default task
2021-06-22T19:32:00.338+09:00,User,KeyEvent,65535:17:2,warmup1,Editor,C:/Users/User/CLionProjects/warmup1/main.cpp,,7,0,Default task
2021-06-22T19:32:00.593+09:00,User,Action,SaveAll,warmup1,Editor,C:/Users/User/CLionProjects/warmup1/main.cpp,,7,0,Default task
2021-06-22T19:32:00.594+09:00,User,KeyEvent,19:83:2,warmup1,Editor,C:/Users/User/CLionProjects/warmup1/main.cpp,,7,0,Default task
