2021-06-22T20:05:17.357+09:00,User,Action,Roll Tracking Log,,,,,-1,-1,
2021-06-22T20:06:27.953+09:00,User,Action,ToggleLineBreakpoint,warmup4,Editor,C:/Users/User/CLionProjects/warmup4/main.cpp,,14,0,Default task
2021-06-22T20:06:30.851+09:00,User,Action,CPP.CreateCMakeProject,warmup4,Editor,C:/Users/User/CLionProjects/warmup4/main.cpp,,14,0,Default task
2021-06-22T20:06:33.497+09:00,User,Action,EditorBackSpace,warmup4,Editor,C:/Users/User/CLionProjects/warmup4/main.cpp,,14,0,Default task
2021-06-22T20:06:33.503+09:00,User,KeyEvent,8:8:0,warmup4,Editor,C:/Users/User/CLionProjects/warmup4/main.cpp,,14,0,Default task
2021-06-22T20:06:33.864+09:00,User,KeyEvent,119:87:0,warmup4,Editor,C:/Users/User/CLionProjects/warmup4/main.cpp,,14,0,Default task
2021-06-22T20:06:33.993+09:00,User,KeyEvent,97:65:0,warmup4,Editor,C:/Users/User/CLionProjects/warmup4/main.cpp,,14,0,Default task
2021-06-22T20:06:34.080+09:00,User,KeyEvent,114:82:0,warmup4,Editor,C:/Users/User/CLionProjects/warmup4/main.cpp,,14,0,Default task
2021-06-22T20:06:34.256+09:00,User,KeyEvent,109:77:0,warmup4,Editor,C:/Users/User/CLionProjects/warmup4/main.cpp,,14,0,Default task
2021-06-22T20:06:34.432+09:00,User,KeyEvent,117:85:0,warmup4,Editor,C:/Users/User/CLionProjects/warmup4/main.cpp,,14,0,Default task
2021-06-22T20:06:34.616+09:00,User,KeyEvent,112:80:0,warmup4,Editor,C:/Users/User/CLionProjects/warmup4/main.cpp,,14,0,Default task
2021-06-22T20:06:35.088+09:00,User,KeyEvent,53:53:0,warmup4,Editor,C:/Users/User/CLionProjects/warmup4/main.cpp,,14,0,Default task
2021-06-22T20:06:39.031+09:00,User,KeyEvent,27:27:0,warmup4,Editor,C:/Users/User/CLionProjects/warmup4/main.cpp,,14,0,Default task
2021-06-22T20:06:39.031+09:00,User,KeyEvent,10:10:0,warmup4,Editor,C:/Users/User/CLionProjects/warmup4/main.cpp,,14,0,Default task
2021-06-22T20:06:41.097+09:00,User,KeyEvent,65535:17:2,warmup4,Editor,C:/Users/User/CLionProjects/warmup4/main.cpp,,12,13,Default task
2021-06-22T20:06:41.344+09:00,User,Action,SaveAll,warmup4,Editor,C:/Users/User/CLionProjects/warmup4/main.cpp,,12,13,Default task
2021-06-22T20:06:41.345+09:00,User,KeyEvent,19:83:2,warmup4,Editor,C:/Users/User/CLionProjects/warmup4/main.cpp,,12,13,Default task
2021-06-22T20:06:43.057+09:00,User,Action,Run,warmup4,Editor,C:/Users/User/CLionProjects/warmup4/main.cpp,,12,13,Default task
2021-06-22T20:06:48.769+09:00,User,KeyEvent,53:101:0,warmup4,Editor,C:/Users/User/CLionProjects/warmup4/main.cpp,,12,13,Default task
2021-06-22T20:06:48.840+09:00,User,KeyEvent,32:32:0,warmup4,Editor,C:/Users/User/CLionProjects/warmup4/main.cpp,,12,13,Default task
2021-06-22T20:06:48.984+09:00,User,KeyEvent,56:104:0,warmup4,Editor,C:/Users/User/CLionProjects/warmup4/main.cpp,,12,13,Default task
2021-06-22T20:06:49.072+09:00,User,KeyEvent,32:32:0,warmup4,Editor,C:/Users/User/CLionProjects/warmup4/main.cpp,,12,13,Default task
2021-06-22T20:06:49.192+09:00,User,KeyEvent,52:100:0,warmup4,Editor,C:/Users/User/CLionProjects/warmup4/main.cpp,,12,13,Default task
2021-06-22T20:06:49.385+09:00,User,KeyEvent,10:10:0,warmup4,Editor,C:/Users/User/CLionProjects/warmup4/main.cpp,,12,13,Default task
2021-06-22T20:06:52.721+09:00,User,Action,CPP.CreateCMakeProject,warmup4,Editor,C:/Users/User/CLionProjects/warmup4/main.cpp,,12,13,Default task
2021-06-22T20:06:55.304+09:00,User,KeyEvent,119:87:0,warmup4,Editor,C:/Users/User/CLionProjects/warmup4/main.cpp,,12,13,Default task
2021-06-22T20:06:55.400+09:00,User,KeyEvent,97:65:0,warmup4,Editor,C:/Users/User/CLionProjects/warmup4/main.cpp,,12,13,Default task
2021-06-22T20:06:55.563+09:00,User,KeyEvent,114:82:0,warmup4,Editor,C:/Users/User/CLionProjects/warmup4/main.cpp,,12,13,Default task
2021-06-22T20:06:55.960+09:00,User,KeyEvent,109:77:0,warmup4,Editor,C:/Users/User/CLionProjects/warmup4/main.cpp,,12,13,Default task
2021-06-22T20:06:56.296+09:00,User,KeyEvent,117:85:0,warmup4,Editor,C:/Users/User/CLionProjects/warmup4/main.cpp,,12,13,Default task
2021-06-22T20:06:56.448+09:00,User,KeyEvent,112:80:0,warmup4,Editor,C:/Users/User/CLionProjects/warmup4/main.cpp,,12,13,Default task
2021-06-22T20:06:57.288+09:00,User,KeyEvent,53:53:0,warmup4,Editor,C:/Users/User/CLionProjects/warmup4/main.cpp,,12,13,Default task
2021-06-22T20:06:59.990+09:00,User,KeyEvent,10:10:0,warmup5,Editor,C:/Users/User/CLionProjects/warmup5/main.cpp,,0,0,Default task
2021-06-22T20:07:04.808+09:00,User,Action,EditorEnter,warmup5,Editor,C:/Users/User/CLionProjects/warmup5/main.cpp,,0,19,Default task
2021-06-22T20:07:04.813+09:00,User,KeyEvent,10:10:0,warmup5,Editor,C:/Users/User/CLionProjects/warmup5/main.cpp,,1,0,Default task
2021-06-22T20:07:06.364+09:00,User,KeyEvent,117:85:0,warmup5,Editor,C:/Users/User/CLionProjects/warmup5/main.cpp,,1,0,Default task
2021-06-22T20:07:06.509+09:00,User,KeyEvent,115:83:0,warmup5,Editor,C:/Users/User/CLionProjects/warmup5/main.cpp,,1,1,Default task
2021-06-22T20:07:06.583+09:00,User,KeyEvent,105:73:0,warmup5,Editor,C:/Users/User/CLionProjects/warmup5/main.cpp,,1,2,Default task
2021-06-22T20:07:06.715+09:00,User,KeyEvent,110:78:0,warmup5,Editor,C:/Users/User/CLionProjects/warmup5/main.cpp,,1,3,Default task
2021-06-22T20:07:06.850+09:00,User,KeyEvent,103:71:0,warmup5,Editor,C:/Users/User/CLionProjects/warmup5/main.cpp,,1,4,Default task
2021-06-22T20:07:06.944+09:00,User,KeyEvent,32:32:0,warmup5,Editor,C:/Users/User/CLionProjects/warmup5/main.cpp,,1,5,Default task
2021-06-22T20:07:07.143+09:00,User,KeyEvent,110:78:0,warmup5,Editor,C:/Users/User/CLionProjects/warmup5/main.cpp,,1,6,Default task
2021-06-22T20:07:07.207+09:00,User,KeyEvent,97:65:0,warmup5,Editor,C:/Users/User/CLionProjects/warmup5/main.cpp,,1,7,Default task
2021-06-22T20:07:07.511+09:00,User,KeyEvent,109:77:0,warmup5,Editor,C:/Users/User/CLionProjects/warmup5/main.cpp,,1,8,Default task
2021-06-22T20:07:07.855+09:00,User,KeyEvent,101:69:0,warmup5,Editor,C:/Users/User/CLionProjects/warmup5/main.cpp,,1,9,Default task
2021-06-22T20:07:08.176+09:00,User,Action,EditorChooseLookupItem,warmup5,Editor,C:/Users/User/CLionProjects/warmup5/main.cpp,,1,10,Default task
2021-06-22T20:07:08.214+09:00,User,KeyEvent,10:10:0,warmup5,Editor,C:/Users/User/CLionProjects/warmup5/main.cpp,,1,16,Default task
2021-06-22T20:07:08.529+09:00,User,KeyEvent,115:83:0,warmup5,Editor,C:/Users/User/CLionProjects/warmup5/main.cpp,,1,16,Default task
2021-06-22T20:07:09.039+09:00,User,KeyEvent,116:84:0,warmup5,Editor,C:/Users/User/CLionProjects/warmup5/main.cpp,,1,17,Default task
2021-06-22T20:07:09.152+09:00,User,KeyEvent,100:68:0,warmup5,Editor,C:/Users/User/CLionProjects/warmup5/main.cpp,,1,18,Default task
2021-06-22T20:07:09.280+09:00,User,KeyEvent,59:59:0,warmup5,Editor,C:/Users/User/CLionProjects/warmup5/main.cpp,,1,19,Default task
2021-06-22T20:07:11.184+09:00,User,KeyEvent,65535:17:2,warmup5,Editor,C:/Users/User/CLionProjects/warmup5/main.cpp,,1,20,Default task
2021-06-22T20:07:11.512+09:00,User,Action,SaveAll,warmup5,Editor,C:/Users/User/CLionProjects/warmup5/main.cpp,,1,20,Default task
2021-06-22T20:07:11.533+09:00,User,KeyEvent,19:83:2,warmup5,Editor,C:/Users/User/CLionProjects/warmup5/main.cpp,,1,20,Default task
2021-06-22T20:08:01.480+09:00,User,KeyEvent,65535:16:1,warmup5,Editor,C:/Users/User/CLionProjects/warmup5/main.cpp,,4,46,Default task
2021-06-22T20:08:01.745+09:00,User,Action,EditorUpWithSelection,warmup5,Editor,C:/Users/User/CLionProjects/warmup5/main.cpp,,4,46,Default task
2021-06-22T20:08:01.746+09:00,User,KeyEvent,65535:38:1,warmup5,Editor,C:/Users/User/CLionProjects/warmup5/main.cpp,,3,12,Default task
2021-06-22T20:08:02.207+09:00,User,Action,EditorDelete,warmup5,Editor,C:/Users/User/CLionProjects/warmup5/main.cpp,,3,12,Default task
2021-06-22T20:08:02.210+09:00,User,KeyEvent,127:127:0,warmup5,Editor,C:/Users/User/CLionProjects/warmup5/main.cpp,,3,12,Default task
2021-06-22T20:08:02.816+09:00,User,Action,EditorEnter,warmup5,Editor,C:/Users/User/CLionProjects/warmup5/main.cpp,,3,12,Default task
2021-06-22T20:08:02.818+09:00,User,KeyEvent,10:10:0,warmup5,Editor,C:/Users/User/CLionProjects/warmup5/main.cpp,,4,4,Default task
2021-06-22T20:08:06.488+09:00,User,Action,EditorBackSpace,warmup5,Editor,C:/Users/User/CLionProjects/warmup5/main.cpp,,4,0,Default task
2021-06-22T20:08:06.491+09:00,User,KeyEvent,8:8:0,warmup5,Editor,C:/Users/User/CLionProjects/warmup5/main.cpp,,3,12,Default task
2021-06-22T20:08:06.696+09:00,User,Action,EditorEnter,warmup5,Editor,C:/Users/User/CLionProjects/warmup5/main.cpp,,3,12,Default task
2021-06-22T20:08:06.701+09:00,User,KeyEvent,10:10:0,warmup5,Editor,C:/Users/User/CLionProjects/warmup5/main.cpp,,4,4,Default task
2021-06-22T20:08:07.159+09:00,User,KeyEvent,105:73:0,warmup5,Editor,C:/Users/User/CLionProjects/warmup5/main.cpp,,4,4,Default task
2021-06-22T20:08:07.320+09:00,User,KeyEvent,110:78:0,warmup5,Editor,C:/Users/User/CLionProjects/warmup5/main.cpp,,4,5,Default task
2021-06-22T20:08:07.374+09:00,User,KeyEvent,116:84:0,warmup5,Editor,C:/Users/User/CLionProjects/warmup5/main.cpp,,4,6,Default task
2021-06-22T20:08:07.497+09:00,User,KeyEvent,32:32:0,warmup5,Editor,C:/Users/User/CLionProjects/warmup5/main.cpp,,4,7,Default task
2021-06-22T20:08:07.575+09:00,User,KeyEvent,110:78:0,warmup5,Editor,C:/Users/User/CLionProjects/warmup5/main.cpp,,4,8,Default task
2021-06-22T20:08:07.655+09:00,User,KeyEvent,117:85:0,warmup5,Editor,C:/Users/User/CLionProjects/warmup5/main.cpp,,4,9,Default task
2021-06-22T20:08:07.791+09:00,User,KeyEvent,109:77:0,warmup5,Editor,C:/Users/User/CLionProjects/warmup5/main.cpp,,4,10,Default task
2021-06-22T20:08:07.919+09:00,User,KeyEvent,49:49:0,warmup5,Editor,C:/Users/User/CLionProjects/warmup5/main.cpp,,4,11,Default task
2021-06-22T20:08:08.143+09:00,User,KeyEvent,44:44:0,warmup5,Editor,C:/Users/User/CLionProjects/warmup5/main.cpp,,4,12,Default task
2021-06-22T20:08:08.273+09:00,User,KeyEvent,32:32:0,warmup5,Editor,C:/Users/User/CLionProjects/warmup5/main.cpp,,4,13,Default task
2021-06-22T20:08:08.424+09:00,User,KeyEvent,110:78:0,warmup5,Editor,C:/Users/User/CLionProjects/warmup5/main.cpp,,4,14,Default task
2021-06-22T20:08:08.495+09:00,User,KeyEvent,117:85:0,warmup5,Editor,C:/Users/User/CLionProjects/warmup5/main.cpp,,4,15,Default task
2021-06-22T20:08:08.663+09:00,User,KeyEvent,109:77:0,warmup5,Editor,C:/Users/User/CLionProjects/warmup5/main.cpp,,4,16,Default task
2021-06-22T20:08:08.887+09:00,User,KeyEvent,116:84:0,warmup5,Editor,C:/Users/User/CLionProjects/warmup5/main.cpp,,4,17,Default task
2021-06-22T20:08:09.512+09:00,User,Action,EditorBackSpace,warmup5,Editor,C:/Users/User/CLionProjects/warmup5/main.cpp,,4,18,Default task
2021-06-22T20:08:09.514+09:00,User,KeyEvent,8:8:0,warmup5,Editor,C:/Users/User/CLionProjects/warmup5/main.cpp,,4,17,Default task
2021-06-22T20:08:09.631+09:00,User,KeyEvent,50:50:0,warmup5,Editor,C:/Users/User/CLionProjects/warmup5/main.cpp,,4,17,Default task
2021-06-22T20:08:09.959+09:00,User,KeyEvent,59:59:0,warmup5,Editor,C:/Users/User/CLionProjects/warmup5/main.cpp,,4,18,Default task
2021-06-22T20:08:10.136+09:00,User,Action,EditorEnter,warmup5,Editor,C:/Users/User/CLionProjects/warmup5/main.cpp,,4,19,Default task
2021-06-22T20:08:10.139+09:00,User,KeyEvent,10:10:0,warmup5,Editor,C:/Users/User/CLionProjects/warmup5/main.cpp,,5,4,Default task
2021-06-22T20:08:10.288+09:00,User,Action,EditorEnter,warmup5,Editor,C:/Users/User/CLionProjects/warmup5/main.cpp,,5,4,Default task
2021-06-22T20:08:10.291+09:00,User,KeyEvent,10:10:0,warmup5,Editor,C:/Users/User/CLionProjects/warmup5/main.cpp,,6,4,Default task
2021-06-22T20:08:10.527+09:00,User,KeyEvent,99:67:0,warmup5,Editor,C:/Users/User/CLionProjects/warmup5/main.cpp,,6,4,Default task
2021-06-22T20:08:10.727+09:00,User,KeyEvent,105:73:0,warmup5,Editor,C:/Users/User/CLionProjects/warmup5/main.cpp,,6,5,Default task
2021-06-22T20:08:10.855+09:00,User,KeyEvent,110:78:0,warmup5,Editor,C:/Users/User/CLionProjects/warmup5/main.cpp,,6,6,Default task
2021-06-22T20:08:10.944+09:00,User,KeyEvent,116:84:0,warmup5,Editor,C:/Users/User/CLionProjects/warmup5/main.cpp,,6,7,Default task
2021-06-22T20:08:11.055+09:00,User,KeyEvent,32:32:0,warmup5,Editor,C:/Users/User/CLionProjects/warmup5/main.cpp,,6,8,Default task
2021-06-22T20:08:11.280+09:00,User,KeyEvent,110:78:0,warmup5,Editor,C:/Users/User/CLionProjects/warmup5/main.cpp,,6,9,Default task
2021-06-22T20:08:11.389+09:00,User,KeyEvent,117:85:0,warmup5,Editor,C:/Users/User/CLionProjects/warmup5/main.cpp,,6,10,Default task
2021-06-22T20:08:11.519+09:00,User,KeyEvent,109:77:0,warmup5,Editor,C:/Users/User/CLionProjects/warmup5/main.cpp,,6,11,Default task
2021-06-22T20:08:11.856+09:00,User,Action,EditorBackSpace,warmup5,Editor,C:/Users/User/CLionProjects/warmup5/main.cpp,,6,12,Default task
2021-06-22T20:08:11.862+09:00,User,KeyEvent,8:8:0,warmup5,Editor,C:/Users/User/CLionProjects/warmup5/main.cpp,,6,11,Default task
2021-06-22T20:08:11.983+09:00,User,Action,EditorBackSpace,warmup5,Editor,C:/Users/User/CLionProjects/warmup5/main.cpp,,6,11,Default task
2021-06-22T20:08:11.990+09:00,User,KeyEvent,8:8:0,warmup5,Editor,C:/Users/User/CLionProjects/warmup5/main.cpp,,6,10,Default task
2021-06-22T20:08:12.112+09:00,User,Action,EditorBackSpace,warmup5,Editor,C:/Users/User/CLionProjects/warmup5/main.cpp,,6,10,Default task
2021-06-22T20:08:12.127+09:00,User,KeyEvent,8:8:0,warmup5,Editor,C:/Users/User/CLionProjects/warmup5/main.cpp,,6,9,Default task
2021-06-22T20:08:12.376+09:00,User,KeyEvent,65535:16:1,warmup5,Editor,C:/Users/User/CLionProjects/warmup5/main.cpp,,6,9,Default task
2021-06-22T20:08:12.448+09:00,User,KeyEvent,62:46:1,warmup5,Editor,C:/Users/User/CLionProjects/warmup5/main.cpp,,6,9,Default task
2021-06-22T20:08:12.584+09:00,User,KeyEvent,62:46:1,warmup5,Editor,C:/Users/User/CLionProjects/warmup5/main.cpp,,6,10,Default task
2021-06-22T20:08:12.953+09:00,User,KeyEvent,32:32:0,warmup5,Editor,C:/Users/User/CLionProjects/warmup5/main.cpp,,6,11,Default task
2021-06-22T20:08:13.111+09:00,User,KeyEvent,110:78:0,warmup5,Editor,C:/Users/User/CLionProjects/warmup5/main.cpp,,6,12,Default task
2021-06-22T20:08:13.191+09:00,User,KeyEvent,117:85:0,warmup5,Editor,C:/Users/User/CLionProjects/warmup5/main.cpp,,6,13,Default task
2021-06-22T20:08:13.371+09:00,User,KeyEvent,109:77:0,warmup5,Editor,C:/Users/User/CLionProjects/warmup5/main.cpp,,6,14,Default task
2021-06-22T20:08:13.503+09:00,User,KeyEvent,49:49:0,warmup5,Editor,C:/Users/User/CLionProjects/warmup5/main.cpp,,6,15,Default task
2021-06-22T20:08:13.783+09:00,User,KeyEvent,59:59:0,warmup5,Editor,C:/Users/User/CLionProjects/warmup5/main.cpp,,6,16,Default task
2021-06-22T20:08:13.968+09:00,User,Action,EditorEnter,warmup5,Editor,C:/Users/User/CLionProjects/warmup5/main.cpp,,6,17,Default task
2021-06-22T20:08:13.973+09:00,User,KeyEvent,10:10:0,warmup5,Editor,C:/Users/User/CLionProjects/warmup5/main.cpp,,7,4,Default task
2021-06-22T20:08:14.519+09:00,User,KeyEvent,99:67:0,warmup5,Editor,C:/Users/User/CLionProjects/warmup5/main.cpp,,7,4,Default task
2021-06-22T20:08:15.097+09:00,User,Action,EditorBackSpace,warmup5,Editor,C:/Users/User/CLionProjects/warmup5/main.cpp,,7,5,Default task
2021-06-22T20:08:15.113+09:00,User,KeyEvent,8:8:0,warmup5,Editor,C:/Users/User/CLionProjects/warmup5/main.cpp,,7,4,Default task
2021-06-22T20:08:15.554+09:00,User,Action,EditorUp,warmup5,Editor,C:/Users/User/CLionProjects/warmup5/main.cpp,,7,4,Default task
2021-06-22T20:08:15.556+09:00,User,KeyEvent,65535:38:0,warmup5,Editor,C:/Users/User/CLionProjects/warmup5/main.cpp,,6,4,Default task
2021-06-22T20:08:15.754+09:00,User,Action,EditorRight,warmup5,Editor,C:/Users/User/CLionProjects/warmup5/main.cpp,,6,4,Default task
2021-06-22T20:08:15.755+09:00,User,KeyEvent,65535:39:0,warmup5,Editor,C:/Users/User/CLionProjects/warmup5/main.cpp,,6,5,Default task
2021-06-22T20:08:15.927+09:00,User,Action,EditorRight,warmup5,Editor,C:/Users/User/CLionProjects/warmup5/main.cpp,,6,5,Default task
2021-06-22T20:08:15.928+09:00,User,KeyEvent,65535:39:0,warmup5,Editor,C:/Users/User/CLionProjects/warmup5/main.cpp,,6,6,Default task
2021-06-22T20:08:16.139+09:00,User,Action,EditorRight,warmup5,Editor,C:/Users/User/CLionProjects/warmup5/main.cpp,,6,6,Default task
2021-06-22T20:08:16.140+09:00,User,KeyEvent,65535:39:0,warmup5,Editor,C:/Users/User/CLionProjects/warmup5/main.cpp,,6,7,Default task
2021-06-22T20:08:16.479+09:00,User,KeyEvent,65535:16:1,warmup5,Editor,C:/Users/User/CLionProjects/warmup5/main.cpp,,6,7,Default task
2021-06-22T20:08:16.624+09:00,User,Action,EditorRightWithSelection,warmup5,Editor,C:/Users/User/CLionProjects/warmup5/main.cpp,,6,7,Default task
2021-06-22T20:08:16.625+09:00,User,KeyEvent,65535:39:1,warmup5,Editor,C:/Users/User/CLionProjects/warmup5/main.cpp,,6,8,Default task
2021-06-22T20:08:17.064+09:00,User,Action,EditorDelete,warmup5,Editor,C:/Users/User/CLionProjects/warmup5/main.cpp,,6,8,Default task
2021-06-22T20:08:17.066+09:00,User,KeyEvent,127:127:0,warmup5,Editor,C:/Users/User/CLionProjects/warmup5/main.cpp,,6,7,Default task
2021-06-22T20:08:17.336+09:00,User,Action,EditorDown,warmup5,Editor,C:/Users/User/CLionProjects/warmup5/main.cpp,,6,7,Default task
2021-06-22T20:08:17.336+09:00,User,KeyEvent,65535:40:0,warmup5,Editor,C:/Users/User/CLionProjects/warmup5/main.cpp,,7,4,Default task
2021-06-22T20:08:18.111+09:00,User,KeyEvent,99:67:0,warmup5,Editor,C:/Users/User/CLionProjects/warmup5/main.cpp,,7,4,Default task
2021-06-22T20:08:18.416+09:00,User,KeyEvent,105:73:0,warmup5,Editor,C:/Users/User/CLionProjects/warmup5/main.cpp,,7,5,Default task
2021-06-22T20:08:18.520+09:00,User,KeyEvent,110:78:0,warmup5,Editor,C:/Users/User/CLionProjects/warmup5/main.cpp,,7,6,Default task
2021-06-22T20:08:18.647+09:00,User,KeyEvent,116:84:0,warmup5,Editor,C:/Users/User/CLionProjects/warmup5/main.cpp,,7,7,Default task
2021-06-22T20:08:18.767+09:00,User,KeyEvent,32:32:0,warmup5,Editor,C:/Users/User/CLionProjects/warmup5/main.cpp,,7,8,Default task
2021-06-22T20:08:18.888+09:00,User,KeyEvent,65535:16:1,warmup5,Editor,C:/Users/User/CLionProjects/warmup5/main.cpp,,7,9,Default task
2021-06-22T20:08:19.184+09:00,User,Action,EditorBackSpace,warmup5,Editor,C:/Users/User/CLionProjects/warmup5/main.cpp,,7,9,Default task
2021-06-22T20:08:19.189+09:00,User,KeyEvent,8:8:0,warmup5,Editor,C:/Users/User/CLionProjects/warmup5/main.cpp,,7,8,Default task
2021-06-22T20:08:19.303+09:00,User,Action,EditorBackSpace,warmup5,Editor,C:/Users/User/CLionProjects/warmup5/main.cpp,,7,8,Default task
2021-06-22T20:08:19.308+09:00,User,KeyEvent,8:8:0,warmup5,Editor,C:/Users/User/CLionProjects/warmup5/main.cpp,,7,7,Default task
2021-06-22T20:08:19.568+09:00,User,KeyEvent,32:32:0,warmup5,Editor,C:/Users/User/CLionProjects/warmup5/main.cpp,,7,7,Default task
2021-06-22T20:08:19.705+09:00,User,KeyEvent,65535:16:1,warmup5,Editor,C:/Users/User/CLionProjects/warmup5/main.cpp,,7,8,Default task
2021-06-22T20:08:19.890+09:00,User,KeyEvent,62:46:1,warmup5,Editor,C:/Users/User/CLionProjects/warmup5/main.cpp,,7,8,Default task
2021-06-22T20:08:20.063+09:00,User,KeyEvent,62:46:1,warmup5,Editor,C:/Users/User/CLionProjects/warmup5/main.cpp,,7,9,Default task
2021-06-22T20:08:20.456+09:00,User,KeyEvent,32:32:0,warmup5,Editor,C:/Users/User/CLionProjects/warmup5/main.cpp,,7,10,Default task
2021-06-22T20:08:20.639+09:00,User,KeyEvent,110:78:0,warmup5,Editor,C:/Users/User/CLionProjects/warmup5/main.cpp,,7,11,Default task
2021-06-22T20:08:20.750+09:00,User,KeyEvent,117:85:0,warmup5,Editor,C:/Users/User/CLionProjects/warmup5/main.cpp,,7,12,Default task
2021-06-22T20:08:20.863+09:00,User,KeyEvent,109:77:0,warmup5,Editor,C:/Users/User/CLionProjects/warmup5/main.cpp,,7,13,Default task
2021-06-22T20:08:20.978+09:00,User,KeyEvent,50:50:0,warmup5,Editor,C:/Users/User/CLionProjects/warmup5/main.cpp,,7,14,Default task
2021-06-22T20:08:22.040+09:00,User,KeyEvent,59:59:0,warmup5,Editor,C:/Users/User/CLionProjects/warmup5/main.cpp,,7,15,Default task
2021-06-22T20:08:26.095+09:00,User,Action,EditorEnter,warmup5,Editor,C:/Users/User/CLionProjects/warmup5/main.cpp,,7,16,Default task
2021-06-22T20:08:26.098+09:00,User,KeyEvent,10:10:0,warmup5,Editor,C:/Users/User/CLionProjects/warmup5/main.cpp,,8,4,Default task
2021-06-22T20:08:26.240+09:00,User,Action,EditorEnter,warmup5,Editor,C:/Users/User/CLionProjects/warmup5/main.cpp,,8,4,Default task
2021-06-22T20:08:26.244+09:00,User,KeyEvent,10:10:0,warmup5,Editor,C:/Users/User/CLionProjects/warmup5/main.cpp,,9,4,Default task
2021-06-22T20:08:26.528+09:00,User,KeyEvent,99:67:0,warmup5,Editor,C:/Users/User/CLionProjects/warmup5/main.cpp,,9,4,Default task
2021-06-22T20:08:26.641+09:00,User,KeyEvent,111:79:0,warmup5,Editor,C:/Users/User/CLionProjects/warmup5/main.cpp,,9,5,Default task
2021-06-22T20:08:26.799+09:00,User,KeyEvent,117:85:0,warmup5,Editor,C:/Users/User/CLionProjects/warmup5/main.cpp,,9,6,Default task
2021-06-22T20:08:26.879+09:00,User,KeyEvent,116:84:0,warmup5,Editor,C:/Users/User/CLionProjects/warmup5/main.cpp,,9,7,Default task
2021-06-22T20:08:27.648+09:00,User,KeyEvent,65535:16:1,warmup5,Editor,C:/Users/User/CLionProjects/warmup5/main.cpp,,9,8,Default task
2021-06-22T20:08:27.783+09:00,User,KeyEvent,60:44:1,warmup5,Editor,C:/Users/User/CLionProjects/warmup5/main.cpp,,9,8,Default task
2021-06-22T20:08:27.911+09:00,User,KeyEvent,60:44:1,warmup5,Editor,C:/Users/User/CLionProjects/warmup5/main.cpp,,9,9,Default task
2021-06-22T20:08:30.143+09:00,User,KeyEvent,110:78:0,warmup5,Editor,C:/Users/User/CLionProjects/warmup5/main.cpp,,9,10,Default task
2021-06-22T20:08:30.272+09:00,User,KeyEvent,117:85:0,warmup5,Editor,C:/Users/User/CLionProjects/warmup5/main.cpp,,9,11,Default task
2021-06-22T20:08:30.495+09:00,User,KeyEvent,109:77:0,warmup5,Editor,C:/Users/User/CLionProjects/warmup5/main.cpp,,9,12,Default task
2021-06-22T20:08:31.295+09:00,User,KeyEvent,49:49:0,warmup5,Editor,C:/Users/User/CLionProjects/warmup5/main.cpp,,9,13,Default task
2021-06-22T20:08:39.303+09:00,User,KeyEvent,65535:16:1,warmup5,Editor,C:/Users/User/CLionProjects/warmup5/main.cpp,,9,14,Default task
2021-06-22T20:08:39.503+09:00,User,KeyEvent,42:56:1,warmup5,Editor,C:/Users/User/CLionProjects/warmup5/main.cpp,,9,14,Default task
2021-06-22T20:08:39.920+09:00,User,KeyEvent,65535:16:1,warmup5,Editor,C:/Users/User/CLionProjects/warmup5/main.cpp,,9,15,Default task
2021-06-22T20:08:40.239+09:00,User,KeyEvent,40:57:1,warmup5,Editor,C:/Users/User/CLionProjects/warmup5/main.cpp,,9,15,Default task
2021-06-22T20:08:46.079+09:00,User,KeyEvent,110:78:0,warmup5,Editor,C:/Users/User/CLionProjects/warmup5/main.cpp,,9,16,Default task
2021-06-22T20:08:46.222+09:00,User,KeyEvent,117:85:0,warmup5,Editor,C:/Users/User/CLionProjects/warmup5/main.cpp,,9,17,Default task
2021-06-22T20:08:46.390+09:00,User,KeyEvent,109:77:0,warmup5,Editor,C:/Users/User/CLionProjects/warmup5/main.cpp,,9,18,Default task
2021-06-22T20:08:46.865+09:00,User,KeyEvent,50:50:0,warmup5,Editor,C:/Users/User/CLionProjects/warmup5/main.cpp,,9,19,Default task
2021-06-22T20:08:47.103+09:00,User,KeyEvent,47:47:0,warmup5,Editor,C:/Users/User/CLionProjects/warmup5/main.cpp,,9,20,Default task
2021-06-22T20:08:47.559+09:00,User,KeyEvent,49:49:0,warmup5,Editor,C:/Users/User/CLionProjects/warmup5/main.cpp,,9,21,Default task
2021-06-22T20:08:47.704+09:00,User,KeyEvent,57:57:0,warmup5,Editor,C:/Users/User/CLionProjects/warmup5/main.cpp,,9,22,Default task
2021-06-22T20:08:47.831+09:00,User,KeyEvent,57:57:0,warmup5,Editor,C:/Users/User/CLionProjects/warmup5/main.cpp,,9,23,Default task
2021-06-22T20:08:48.231+09:00,User,Action,EditorBackSpace,warmup5,Editor,C:/Users/User/CLionProjects/warmup5/main.cpp,,9,24,Default task
2021-06-22T20:08:48.244+09:00,User,KeyEvent,8:8:0,warmup5,Editor,C:/Users/User/CLionProjects/warmup5/main.cpp,,9,23,Default task
2021-06-22T20:08:48.351+09:00,User,Action,EditorBackSpace,warmup5,Editor,C:/Users/User/CLionProjects/warmup5/main.cpp,,9,23,Default task
2021-06-22T20:08:48.353+09:00,User,KeyEvent,8:8:0,warmup5,Editor,C:/Users/User/CLionProjects/warmup5/main.cpp,,9,22,Default task
2021-06-22T20:08:49.183+09:00,User,KeyEvent,48:48:0,warmup5,Editor,C:/Users/User/CLionProjects/warmup5/main.cpp,,9,22,Default task
2021-06-22T20:08:49.295+09:00,User,KeyEvent,48:48:0,warmup5,Editor,C:/Users/User/CLionProjects/warmup5/main.cpp,,9,23,Default task
2021-06-22T20:08:50.049+09:00,User,KeyEvent,65535:16:1,warmup5,Editor,C:/Users/User/CLionProjects/warmup5/main.cpp,,9,24,Default task
2021-06-22T20:08:50.191+09:00,User,KeyEvent,41:48:1,warmup5,Editor,C:/Users/User/CLionProjects/warmup5/main.cpp,,9,24,Default task
2021-06-22T20:08:51.001+09:00,User,KeyEvent,32:32:0,warmup5,Editor,C:/Users/User/CLionProjects/warmup5/main.cpp,,9,25,Default task
2021-06-22T20:08:51.313+09:00,User,KeyEvent,65535:16:1,warmup5,Editor,C:/Users/User/CLionProjects/warmup5/main.cpp,,9,26,Default task
2021-06-22T20:08:51.399+09:00,User,KeyEvent,60:44:1,warmup5,Editor,C:/Users/User/CLionProjects/warmup5/main.cpp,,9,26,Default task
2021-06-22T20:08:51.567+09:00,User,KeyEvent,60:44:1,warmup5,Editor,C:/Users/User/CLionProjects/warmup5/main.cpp,,9,27,Default task
2021-06-22T20:08:51.848+09:00,User,KeyEvent,101:69:0,warmup5,Editor,C:/Users/User/CLionProjects/warmup5/main.cpp,,9,28,Default task
2021-06-22T20:08:51.919+09:00,User,KeyEvent,110:78:0,warmup5,Editor,C:/Users/User/CLionProjects/warmup5/main.cpp,,9,29,Default task
2021-06-22T20:08:52.039+09:00,User,KeyEvent,100:68:0,warmup5,Editor,C:/Users/User/CLionProjects/warmup5/main.cpp,,9,30,Default task
2021-06-22T20:08:52.127+09:00,User,KeyEvent,108:76:0,warmup5,Editor,C:/Users/User/CLionProjects/warmup5/main.cpp,,9,31,Default task
2021-06-22T20:08:52.471+09:00,User,KeyEvent,59:59:0,warmup5,Editor,C:/Users/User/CLionProjects/warmup5/main.cpp,,9,32,Default task
2021-06-22T20:08:52.697+09:00,User,Action,EditorEnter,warmup5,Editor,C:/Users/User/CLionProjects/warmup5/main.cpp,,9,33,Default task
2021-06-22T20:08:52.701+09:00,User,KeyEvent,10:10:0,warmup5,Editor,C:/Users/User/CLionProjects/warmup5/main.cpp,,10,4,Default task
2021-06-22T20:08:53.223+09:00,User,KeyEvent,99:67:0,warmup5,Editor,C:/Users/User/CLionProjects/warmup5/main.cpp,,10,4,Default task
2021-06-22T20:08:53.334+09:00,User,KeyEvent,111:79:0,warmup5,Editor,C:/Users/User/CLionProjects/warmup5/main.cpp,,10,5,Default task
2021-06-22T20:08:53.535+09:00,User,KeyEvent,117:85:0,warmup5,Editor,C:/Users/User/CLionProjects/warmup5/main.cpp,,10,6,Default task
2021-06-22T20:08:53.671+09:00,User,KeyEvent,116:84:0,warmup5,Editor,C:/Users/User/CLionProjects/warmup5/main.cpp,,10,7,Default task
2021-06-22T20:08:53.823+09:00,User,KeyEvent,32:32:0,warmup5,Editor,C:/Users/User/CLionProjects/warmup5/main.cpp,,10,8,Default task
2021-06-22T20:08:54.207+09:00,User,Action,EditorBackSpace,warmup5,Editor,C:/Users/User/CLionProjects/warmup5/main.cpp,,10,9,Default task
2021-06-22T20:08:54.212+09:00,User,KeyEvent,8:8:0,warmup5,Editor,C:/Users/User/CLionProjects/warmup5/main.cpp,,10,8,Default task
2021-06-22T20:08:54.511+09:00,User,KeyEvent,65535:16:1,warmup5,Editor,C:/Users/User/CLionProjects/warmup5/main.cpp,,10,8,Default task
2021-06-22T20:08:54.542+09:00,User,KeyEvent,60:44:1,warmup5,Editor,C:/Users/User/CLionProjects/warmup5/main.cpp,,10,8,Default task
2021-06-22T20:08:54.736+09:00,User,KeyEvent,60:44:1,warmup5,Editor,C:/Users/User/CLionProjects/warmup5/main.cpp,,10,9,Default task
2021-06-22T20:08:55.640+09:00,User,KeyEvent,110:78:0,warmup5,Editor,C:/Users/User/CLionProjects/warmup5/main.cpp,,10,10,Default task
2021-06-22T20:08:55.711+09:00,User,KeyEvent,117:85:0,warmup5,Editor,C:/Users/User/CLionProjects/warmup5/main.cpp,,10,11,Default task
2021-06-22T20:08:55.999+09:00,User,KeyEvent,109:77:0,warmup5,Editor,C:/Users/User/CLionProjects/warmup5/main.cpp,,10,12,Default task
2021-06-22T20:08:57.391+09:00,User,KeyEvent,49:49:0,warmup5,Editor,C:/Users/User/CLionProjects/warmup5/main.cpp,,10,13,Default task
2021-06-22T20:08:57.767+09:00,User,KeyEvent,65535:16:1,warmup5,Editor,C:/Users/User/CLionProjects/warmup5/main.cpp,,10,14,Default task
2021-06-22T20:08:57.919+09:00,User,KeyEvent,42:56:1,warmup5,Editor,C:/Users/User/CLionProjects/warmup5/main.cpp,,10,14,Default task
2021-06-22T20:08:58.335+09:00,User,KeyEvent,65535:16:1,warmup5,Editor,C:/Users/User/CLionProjects/warmup5/main.cpp,,10,15,Default task
2021-06-22T20:08:58.375+09:00,User,KeyEvent,40:57:1,warmup5,Editor,C:/Users/User/CLionProjects/warmup5/main.cpp,,10,15,Default task
2021-06-22T20:08:58.935+09:00,User,KeyEvent,110:78:0,warmup5,Editor,C:/Users/User/CLionProjects/warmup5/main.cpp,,10,16,Default task
2021-06-22T20:08:59.015+09:00,User,KeyEvent,117:85:0,warmup5,Editor,C:/Users/User/CLionProjects/warmup5/main.cpp,,10,17,Default task
2021-06-22T20:08:59.191+09:00,User,KeyEvent,109:77:0,warmup5,Editor,C:/Users/User/CLionProjects/warmup5/main.cpp,,10,18,Default task
2021-06-22T20:08:59.375+09:00,User,KeyEvent,50:50:0,warmup5,Editor,C:/Users/User/CLionProjects/warmup5/main.cpp,,10,19,Default task
2021-06-22T20:09:08.416+09:00,User,KeyEvent,47:47:0,warmup5,Editor,C:/Users/User/CLionProjects/warmup5/main.cpp,,10,20,Default task
2021-06-22T20:10:02.201+09:00,User,Action,EditorUp,warmup5,Editor,C:/Users/User/CLionProjects/warmup5/main.cpp,,10,21,Default task
2021-06-22T20:10:02.203+09:00,User,KeyEvent,65535:38:0,warmup5,Editor,C:/Users/User/CLionProjects/warmup5/main.cpp,,9,21,Default task
2021-06-22T20:10:02.529+09:00,User,Action,EditorRight,warmup5,Editor,C:/Users/User/CLionProjects/warmup5/main.cpp,,9,21,Default task
2021-06-22T20:10:02.530+09:00,User,KeyEvent,65535:39:0,warmup5,Editor,C:/Users/User/CLionProjects/warmup5/main.cpp,,9,22,Default task
2021-06-22T20:10:02.880+09:00,User,Action,EditorRight,warmup5,Editor,C:/Users/User/CLionProjects/warmup5/main.cpp,,9,22,Default task
2021-06-22T20:10:02.880+09:00,User,KeyEvent,65535:39:0,warmup5,Editor,C:/Users/User/CLionProjects/warmup5/main.cpp,,9,23,Default task
2021-06-22T20:10:03.312+09:00,User,KeyEvent,65535:16:1,warmup5,Editor,C:/Users/User/CLionProjects/warmup5/main.cpp,,9,23,Default task
2021-06-22T20:10:03.392+09:00,User,Action,EditorRightWithSelection,warmup5,Editor,C:/Users/User/CLionProjects/warmup5/main.cpp,,9,23,Default task
2021-06-22T20:10:03.393+09:00,User,KeyEvent,65535:39:1,warmup5,Editor,C:/Users/User/CLionProjects/warmup5/main.cpp,,9,24,Default task
2021-06-22T20:10:03.688+09:00,User,Action,EditorDelete,warmup5,Editor,C:/Users/User/CLionProjects/warmup5/main.cpp,,9,24,Default task
2021-06-22T20:10:03.690+09:00,User,KeyEvent,127:127:0,warmup5,Editor,C:/Users/User/CLionProjects/warmup5/main.cpp,,9,23,Default task
2021-06-22T20:10:07.297+09:00,User,Action,EditorLeft,warmup5,Editor,C:/Users/User/CLionProjects/warmup5/main.cpp,,9,23,Default task
2021-06-22T20:10:07.299+09:00,User,KeyEvent,65535:37:0,warmup5,Editor,C:/Users/User/CLionProjects/warmup5/main.cpp,,9,22,Default task
2021-06-22T20:10:07.456+09:00,User,Action,EditorLeft,warmup5,Editor,C:/Users/User/CLionProjects/warmup5/main.cpp,,9,22,Default task
2021-06-22T20:10:07.457+09:00,User,KeyEvent,65535:37:0,warmup5,Editor,C:/Users/User/CLionProjects/warmup5/main.cpp,,9,21,Default task
2021-06-22T20:10:09.001+09:00,User,Action,EditorBackSpace,warmup5,Editor,C:/Users/User/CLionProjects/warmup5/main.cpp,,9,21,Default task
2021-06-22T20:10:09.005+09:00,User,KeyEvent,8:8:0,warmup5,Editor,C:/Users/User/CLionProjects/warmup5/main.cpp,,9,20,Default task
2021-06-22T20:10:09.326+09:00,User,KeyEvent,65535:16:1,warmup5,Editor,C:/Users/User/CLionProjects/warmup5/main.cpp,,9,20,Default task
2021-06-22T20:10:09.439+09:00,User,KeyEvent,37:53:1,warmup5,Editor,C:/Users/User/CLionProjects/warmup5/main.cpp,,9,20,Default task
2021-06-22T20:10:16.792+09:00,User,Action,EditorDown,warmup5,Editor,C:/Users/User/CLionProjects/warmup5/main.cpp,,9,21,Default task
2021-06-22T20:10:16.792+09:00,User,KeyEvent,65535:40:0,warmup5,Editor,C:/Users/User/CLionProjects/warmup5/main.cpp,,10,21,Default task
2021-06-22T20:10:25.577+09:00,User,Action,EditorBackSpace,warmup5,Editor,C:/Users/User/CLionProjects/warmup5/main.cpp,,10,21,Default task
2021-06-22T20:10:25.580+09:00,User,KeyEvent,8:8:0,warmup5,Editor,C:/Users/User/CLionProjects/warmup5/main.cpp,,10,20,Default task
2021-06-22T20:10:26.280+09:00,User,KeyEvent,65535:16:1,warmup5,Editor,C:/Users/User/CLionProjects/warmup5/main.cpp,,10,20,Default task
2021-06-22T20:10:26.767+09:00,User,KeyEvent,37:53:1,warmup5,Editor,C:/Users/User/CLionProjects/warmup5/main.cpp,,10,20,Default task
2021-06-22T20:10:27.919+09:00,User,KeyEvent,49:97:0,warmup5,Editor,C:/Users/User/CLionProjects/warmup5/main.cpp,,10,21,Default task
2021-06-22T20:10:28.168+09:00,User,KeyEvent,48:96:0,warmup5,Editor,C:/Users/User/CLionProjects/warmup5/main.cpp,,10,22,Default task
2021-06-22T20:10:28.311+09:00,User,KeyEvent,48:96:0,warmup5,Editor,C:/Users/User/CLionProjects/warmup5/main.cpp,,10,23,Default task
2021-06-22T20:11:14.704+09:00,User,Action,EditorLeft,warmup5,Editor,C:/Users/User/CLionProjects/warmup5/main.cpp,,10,24,Default task
2021-06-22T20:11:14.705+09:00,User,KeyEvent,65535:37:0,warmup5,Editor,C:/Users/User/CLionProjects/warmup5/main.cpp,,10,23,Default task
2021-06-22T20:11:14.881+09:00,User,Action,EditorLeft,warmup5,Editor,C:/Users/User/CLionProjects/warmup5/main.cpp,,10,23,Default task
2021-06-22T20:11:14.883+09:00,User,KeyEvent,65535:37:0,warmup5,Editor,C:/Users/User/CLionProjects/warmup5/main.cpp,,10,22,Default task
2021-06-22T20:11:14.977+09:00,User,Action,EditorLeft,warmup5,Editor,C:/Users/User/CLionProjects/warmup5/main.cpp,,10,22,Default task
2021-06-22T20:11:14.979+09:00,User,KeyEvent,65535:37:0,warmup5,Editor,C:/Users/User/CLionProjects/warmup5/main.cpp,,10,21,Default task
2021-06-22T20:11:15.217+09:00,User,Action,EditorLeft,warmup5,Editor,C:/Users/User/CLionProjects/warmup5/main.cpp,,10,21,Default task
2021-06-22T20:11:15.219+09:00,User,KeyEvent,65535:37:0,warmup5,Editor,C:/Users/User/CLionProjects/warmup5/main.cpp,,10,20,Default task
2021-06-22T20:11:15.336+09:00,User,Action,EditorLeft,warmup5,Editor,C:/Users/User/CLionProjects/warmup5/main.cpp,,10,20,Default task
2021-06-22T20:11:15.338+09:00,User,KeyEvent,65535:37:0,warmup5,Editor,C:/Users/User/CLionProjects/warmup5/main.cpp,,10,19,Default task
2021-06-22T20:11:15.535+09:00,User,Action,EditorLeft,warmup5,Editor,C:/Users/User/CLionProjects/warmup5/main.cpp,,10,19,Default task
2021-06-22T20:11:15.536+09:00,User,KeyEvent,65535:37:0,warmup5,Editor,C:/Users/User/CLionProjects/warmup5/main.cpp,,10,18,Default task
2021-06-22T20:11:15.703+09:00,User,Action,EditorLeft,warmup5,Editor,C:/Users/User/CLionProjects/warmup5/main.cpp,,10,18,Default task
2021-06-22T20:11:15.704+09:00,User,KeyEvent,65535:37:0,warmup5,Editor,C:/Users/User/CLionProjects/warmup5/main.cpp,,10,17,Default task
2021-06-22T20:11:15.896+09:00,User,Action,EditorLeft,warmup5,Editor,C:/Users/User/CLionProjects/warmup5/main.cpp,,10,17,Default task
2021-06-22T20:11:15.896+09:00,User,KeyEvent,65535:37:0,warmup5,Editor,C:/Users/User/CLionProjects/warmup5/main.cpp,,10,16,Default task
2021-06-22T20:11:16.663+09:00,User,KeyEvent,65535:16:1,warmup5,Editor,C:/Users/User/CLionProjects/warmup5/main.cpp,,10,16,Default task
2021-06-22T20:11:16.983+09:00,User,KeyEvent,40:57:1,warmup5,Editor,C:/Users/User/CLionProjects/warmup5/main.cpp,,10,16,Default task
2021-06-22T20:11:17.592+09:00,User,Action,EditorRight,warmup5,Editor,C:/Users/User/CLionProjects/warmup5/main.cpp,,10,17,Default task
2021-06-22T20:11:17.592+09:00,User,KeyEvent,65535:39:0,warmup5,Editor,C:/Users/User/CLionProjects/warmup5/main.cpp,,10,18,Default task
2021-06-22T20:11:17.752+09:00,User,Action,EditorRight,warmup5,Editor,C:/Users/User/CLionProjects/warmup5/main.cpp,,10,18,Default task
2021-06-22T20:11:17.752+09:00,User,KeyEvent,65535:39:0,warmup5,Editor,C:/Users/User/CLionProjects/warmup5/main.cpp,,10,19,Default task
2021-06-22T20:11:17.935+09:00,User,Action,EditorRight,warmup5,Editor,C:/Users/User/CLionProjects/warmup5/main.cpp,,10,19,Default task
2021-06-22T20:11:17.936+09:00,User,KeyEvent,65535:39:0,warmup5,Editor,C:/Users/User/CLionProjects/warmup5/main.cpp,,10,20,Default task
2021-06-22T20:11:18.024+09:00,User,Action,EditorRight,warmup5,Editor,C:/Users/User/CLionProjects/warmup5/main.cpp,,10,20,Default task
2021-06-22T20:11:18.026+09:00,User,KeyEvent,65535:39:0,warmup5,Editor,C:/Users/User/CLionProjects/warmup5/main.cpp,,10,21,Default task
2021-06-22T20:11:18.216+09:00,User,Action,EditorRight,warmup5,Editor,C:/Users/User/CLionProjects/warmup5/main.cpp,,10,21,Default task
2021-06-22T20:11:18.217+09:00,User,KeyEvent,65535:39:0,warmup5,Editor,C:/Users/User/CLionProjects/warmup5/main.cpp,,10,22,Default task
2021-06-22T20:11:18.345+09:00,User,Action,EditorRight,warmup5,Editor,C:/Users/User/CLionProjects/warmup5/main.cpp,,10,22,Default task
2021-06-22T20:11:18.348+09:00,User,KeyEvent,65535:39:0,warmup5,Editor,C:/Users/User/CLionProjects/warmup5/main.cpp,,10,23,Default task
2021-06-22T20:11:18.727+09:00,User,Action,EditorRight,warmup5,Editor,C:/Users/User/CLionProjects/warmup5/main.cpp,,10,23,Default task
2021-06-22T20:11:18.728+09:00,User,KeyEvent,65535:39:0,warmup5,Editor,C:/Users/User/CLionProjects/warmup5/main.cpp,,10,24,Default task
2021-06-22T20:11:19.143+09:00,User,Action,EditorRight,warmup5,Editor,C:/Users/User/CLionProjects/warmup5/main.cpp,,10,24,Default task
2021-06-22T20:11:19.144+09:00,User,KeyEvent,65535:39:0,warmup5,Editor,C:/Users/User/CLionProjects/warmup5/main.cpp,,10,25,Default task
2021-06-22T20:11:19.951+09:00,User,KeyEvent,65535:16:1,warmup5,Editor,C:/Users/User/CLionProjects/warmup5/main.cpp,,10,25,Default task
2021-06-22T20:11:20.175+09:00,User,KeyEvent,41:48:1,warmup5,Editor,C:/Users/User/CLionProjects/warmup5/main.cpp,,10,25,Default task
2021-06-22T20:11:22.145+09:00,User,KeyEvent,47:47:0,warmup5,Editor,C:/Users/User/CLionProjects/warmup5/main.cpp,,10,26,Default task
2021-06-22T20:11:29.200+09:00,User,KeyEvent,49:97:0,warmup5,Editor,C:/Users/User/CLionProjects/warmup5/main.cpp,,10,27,Default task
2021-06-22T20:11:29.416+09:00,User,KeyEvent,48:96:0,warmup5,Editor,C:/Users/User/CLionProjects/warmup5/main.cpp,,10,28,Default task
2021-06-22T20:11:32.609+09:00,User,KeyEvent,65535:16:1,warmup5,Editor,C:/Users/User/CLionProjects/warmup5/main.cpp,,10,30,Default task
2021-06-22T20:11:32.702+09:00,User,KeyEvent,60:44:1,warmup5,Editor,C:/Users/User/CLionProjects/warmup5/main.cpp,,10,30,Default task
2021-06-22T20:11:33.457+09:00,User,KeyEvent,65535:16:1,warmup5,Editor,C:/Users/User/CLionProjects/warmup5/main.cpp,,10,31,Default task
2021-06-22T20:11:33.544+09:00,User,KeyEvent,60:44:1,warmup5,Editor,C:/Users/User/CLionProjects/warmup5/main.cpp,,10,31,Default task
2021-06-22T20:11:33.848+09:00,User,KeyEvent,101:69:0,warmup5,Editor,C:/Users/User/CLionProjects/warmup5/main.cpp,,10,32,Default task
2021-06-22T20:11:33.951+09:00,User,KeyEvent,110:78:0,warmup5,Editor,C:/Users/User/CLionProjects/warmup5/main.cpp,,10,33,Default task
2021-06-22T20:11:34.071+09:00,User,KeyEvent,100:68:0,warmup5,Editor,C:/Users/User/CLionProjects/warmup5/main.cpp,,10,34,Default task
2021-06-22T20:11:34.183+09:00,User,KeyEvent,108:76:0,warmup5,Editor,C:/Users/User/CLionProjects/warmup5/main.cpp,,10,35,Default task
2021-06-22T20:11:34.575+09:00,User,KeyEvent,59:59:0,warmup5,Editor,C:/Users/User/CLionProjects/warmup5/main.cpp,,10,36,Default task
2021-06-22T20:11:36.304+09:00,User,Action,EditorEnter,warmup5,Editor,C:/Users/User/CLionProjects/warmup5/main.cpp,,10,37,Default task
2021-06-22T20:11:36.308+09:00,User,KeyEvent,10:10:0,warmup5,Editor,C:/Users/User/CLionProjects/warmup5/main.cpp,,11,4,Default task
2021-06-22T20:11:36.855+09:00,User,KeyEvent,99:67:0,warmup5,Editor,C:/Users/User/CLionProjects/warmup5/main.cpp,,11,4,Default task
2021-06-22T20:11:36.953+09:00,User,KeyEvent,111:79:0,warmup5,Editor,C:/Users/User/CLionProjects/warmup5/main.cpp,,11,5,Default task
2021-06-22T20:11:37.150+09:00,User,KeyEvent,117:85:0,warmup5,Editor,C:/Users/User/CLionProjects/warmup5/main.cpp,,11,6,Default task
2021-06-22T20:11:37.295+09:00,User,KeyEvent,116:84:0,warmup5,Editor,C:/Users/User/CLionProjects/warmup5/main.cpp,,11,7,Default task
2021-06-22T20:11:37.906+09:00,User,KeyEvent,65535:16:1,warmup5,Editor,C:/Users/User/CLionProjects/warmup5/main.cpp,,11,8,Default task
2021-06-22T20:11:37.968+09:00,User,KeyEvent,60:44:1,warmup5,Editor,C:/Users/User/CLionProjects/warmup5/main.cpp,,11,8,Default task
2021-06-22T20:11:38.128+09:00,User,KeyEvent,60:44:1,warmup5,Editor,C:/Users/User/CLionProjects/warmup5/main.cpp,,11,9,Default task
2021-06-22T20:11:38.470+09:00,User,KeyEvent,110:78:0,warmup5,Editor,C:/Users/User/CLionProjects/warmup5/main.cpp,,11,10,Default task
2021-06-22T20:11:38.623+09:00,User,KeyEvent,117:85:0,warmup5,Editor,C:/Users/User/CLionProjects/warmup5/main.cpp,,11,11,Default task
2021-06-22T20:11:38.790+09:00,User,KeyEvent,109:77:0,warmup5,Editor,C:/Users/User/CLionProjects/warmup5/main.cpp,,11,12,Default task
2021-06-22T20:11:39.583+09:00,User,KeyEvent,49:49:0,warmup5,Editor,C:/Users/User/CLionProjects/warmup5/main.cpp,,11,13,Default task
2021-06-22T20:11:40.231+09:00,User,KeyEvent,65535:16:1,warmup5,Editor,C:/Users/User/CLionProjects/warmup5/main.cpp,,11,14,Default task
2021-06-22T20:11:40.540+09:00,User,KeyEvent,42:56:1,warmup5,Editor,C:/Users/User/CLionProjects/warmup5/main.cpp,,11,14,Default task
2021-06-22T20:11:41.031+09:00,User,KeyEvent,65535:16:1,warmup5,Editor,C:/Users/User/CLionProjects/warmup5/main.cpp,,11,15,Default task
2021-06-22T20:11:41.352+09:00,User,KeyEvent,40:57:1,warmup5,Editor,C:/Users/User/CLionProjects/warmup5/main.cpp,,11,15,Default task
2021-06-22T20:11:51.177+09:00,User,KeyEvent,65535:16:1,warmup5,Editor,C:/Users/User/CLionProjects/warmup5/main.cpp,,11,16,Default task
2021-06-22T20:11:51.399+09:00,User,KeyEvent,40:57:1,warmup5,Editor,C:/Users/User/CLionProjects/warmup5/main.cpp,,11,16,Default task
2021-06-22T20:11:51.735+09:00,User,KeyEvent,110:78:0,warmup5,Editor,C:/Users/User/CLionProjects/warmup5/main.cpp,,11,17,Default task
2021-06-22T20:11:51.863+09:00,User,KeyEvent,117:85:0,warmup5,Editor,C:/Users/User/CLionProjects/warmup5/main.cpp,,11,18,Default task
2021-06-22T20:11:52.023+09:00,User,KeyEvent,109:77:0,warmup5,Editor,C:/Users/User/CLionProjects/warmup5/main.cpp,,11,19,Default task
2021-06-22T20:11:53.615+09:00,User,KeyEvent,50:50:0,warmup5,Editor,C:/Users/User/CLionProjects/warmup5/main.cpp,,11,20,Default task
2021-06-22T20:11:54.145+09:00,User,KeyEvent,65535:16:1,warmup5,Editor,C:/Users/User/CLionProjects/warmup5/main.cpp,,11,21,Default task
2021-06-22T20:11:54.295+09:00,User,KeyEvent,37:53:1,warmup5,Editor,C:/Users/User/CLionProjects/warmup5/main.cpp,,11,21,Default task
2021-06-22T20:11:55.672+09:00,User,KeyEvent,49:49:0,warmup5,Editor,C:/Users/User/CLionProjects/warmup5/main.cpp,,11,22,Default task
2021-06-22T20:11:55.826+09:00,User,KeyEvent,48:48:0,warmup5,Editor,C:/Users/User/CLionProjects/warmup5/main.cpp,,11,23,Default task
2021-06-22T20:11:55.951+09:00,User,KeyEvent,48:48:0,warmup5,Editor,C:/Users/User/CLionProjects/warmup5/main.cpp,,11,24,Default task
2021-06-22T20:11:56.367+09:00,User,KeyEvent,65535:16:1,warmup5,Editor,C:/Users/User/CLionProjects/warmup5/main.cpp,,11,25,Default task
2021-06-22T20:11:56.656+09:00,User,KeyEvent,41:48:1,warmup5,Editor,C:/Users/User/CLionProjects/warmup5/main.cpp,,11,25,Default task
2021-06-22T20:11:57.777+09:00,User,KeyEvent,65535:16:1,warmup5,Editor,C:/Users/User/CLionProjects/warmup5/main.cpp,,11,26,Default task
2021-06-22T20:11:58.016+09:00,User,KeyEvent,37:53:1,warmup5,Editor,C:/Users/User/CLionProjects/warmup5/main.cpp,,11,26,Default task
2021-06-22T20:11:59.664+09:00,User,KeyEvent,49:49:0,warmup5,Editor,C:/Users/User/CLionProjects/warmup5/main.cpp,,11,27,Default task
2021-06-22T20:11:59.904+09:00,User,KeyEvent,48:48:0,warmup5,Editor,C:/Users/User/CLionProjects/warmup5/main.cpp,,11,28,Default task
2021-06-22T20:12:00.688+09:00,User,KeyEvent,65535:16:1,warmup5,Editor,C:/Users/User/CLionProjects/warmup5/main.cpp,,11,29,Default task
2021-06-22T20:12:00.776+09:00,User,KeyEvent,41:48:1,warmup5,Editor,C:/Users/User/CLionProjects/warmup5/main.cpp,,11,29,Default task
2021-06-22T20:12:01.345+09:00,User,KeyEvent,65535:16:1,warmup5,Editor,C:/Users/User/CLionProjects/warmup5/main.cpp,,11,30,Default task
2021-06-22T20:12:01.495+09:00,User,KeyEvent,60:44:1,warmup5,Editor,C:/Users/User/CLionProjects/warmup5/main.cpp,,11,30,Default task
2021-06-22T20:12:01.631+09:00,User,KeyEvent,60:44:1,warmup5,Editor,C:/Users/User/CLionProjects/warmup5/main.cpp,,11,31,Default task
2021-06-22T20:12:01.863+09:00,User,KeyEvent,101:69:0,warmup5,Editor,C:/Users/User/CLionProjects/warmup5/main.cpp,,11,32,Default task
2021-06-22T20:12:01.976+09:00,User,KeyEvent,110:78:0,warmup5,Editor,C:/Users/User/CLionProjects/warmup5/main.cpp,,11,33,Default task
2021-06-22T20:12:02.071+09:00,User,KeyEvent,100:68:0,warmup5,Editor,C:/Users/User/CLionProjects/warmup5/main.cpp,,11,34,Default task
2021-06-22T20:12:02.166+09:00,User,KeyEvent,108:76:0,warmup5,Editor,C:/Users/User/CLionProjects/warmup5/main.cpp,,11,35,Default task
2021-06-22T20:12:02.399+09:00,User,KeyEvent,59:59:0,warmup5,Editor,C:/Users/User/CLionProjects/warmup5/main.cpp,,11,36,Default task
2021-06-22T20:12:04.353+09:00,User,KeyEvent,65535:17:2,warmup5,Editor,C:/Users/User/CLionProjects/warmup5/main.cpp,,11,37,Default task
2021-06-22T20:12:04.496+09:00,User,Action,SaveAll,warmup5,Editor,C:/Users/User/CLionProjects/warmup5/main.cpp,,11,37,Default task
2021-06-22T20:12:04.517+09:00,User,KeyEvent,19:83:2,warmup5,Editor,C:/Users/User/CLionProjects/warmup5/main.cpp,,11,37,Default task
2021-06-22T20:12:10.017+09:00,User,KeyEvent,65535:17:2,warmup5,Editor,C:/Users/User/CLionProjects/warmup5/main.cpp,,0,0,Default task
2021-06-22T20:12:10.527+09:00,User,KeyEvent,65535:17:2,warmup5,Editor,C:/Users/User/CLionProjects/warmup5/main.cpp,,0,0,Default task
2021-06-22T20:12:10.555+09:00,User,KeyEvent,65535:17:2,warmup5,Editor,C:/Users/User/CLionProjects/warmup5/main.cpp,,0,0,Default task
2021-06-22T20:12:10.587+09:00,User,KeyEvent,65535:17:2,warmup5,Editor,C:/Users/User/CLionProjects/warmup5/main.cpp,,0,0,Default task
2021-06-22T20:12:10.617+09:00,User,Action,EditorCopy,warmup5,Editor,C:/Users/User/CLionProjects/warmup5/main.cpp,,0,0,Default task
2021-06-22T20:12:10.627+09:00,User,KeyEvent,3:67:2,warmup5,Editor,C:/Users/User/CLionProjects/warmup5/main.cpp,,0,0,Default task
2021-06-22T20:13:26.799+09:00,User,Action,EditorUp,warmup5,Editor,C:/Users/User/CLionProjects/warmup5/main.cpp,,10,27,Default task
2021-06-22T20:13:26.800+09:00,User,KeyEvent,65535:38:0,warmup5,Editor,C:/Users/User/CLionProjects/warmup5/main.cpp,,9,27,Default task
2021-06-22T20:13:26.911+09:00,User,Action,EditorLeft,warmup5,Editor,C:/Users/User/CLionProjects/warmup5/main.cpp,,9,27,Default task
2021-06-22T20:13:26.912+09:00,User,KeyEvent,65535:37:0,warmup5,Editor,C:/Users/User/CLionProjects/warmup5/main.cpp,,9,26,Default task
2021-06-22T20:16:51.520+09:00,User,KeyEvent,65535:16:1,warmup5,Editor,C:/Users/User/CLionProjects/warmup5/main.cpp,,11,29,Default task
2021-06-22T20:16:51.640+09:00,User,Action,EditorLeftWithSelection,warmup5,Editor,C:/Users/User/CLionProjects/warmup5/main.cpp,,11,29,Default task
2021-06-22T20:16:51.642+09:00,User,KeyEvent,65535:37:1,warmup5,Editor,C:/Users/User/CLionProjects/warmup5/main.cpp,,11,28,Default task
2021-06-22T20:16:52.141+09:00,User,Action,EditorLeftWithSelection,warmup5,Editor,C:/Users/User/CLionProjects/warmup5/main.cpp,,11,28,Default task
2021-06-22T20:16:52.143+09:00,User,KeyEvent,65535:37:1,warmup5,Editor,C:/Users/User/CLionProjects/warmup5/main.cpp,,11,27,Default task
2021-06-22T20:16:52.186+09:00,User,Action,EditorLeftWithSelection,warmup5,Editor,C:/Users/User/CLionProjects/warmup5/main.cpp,,11,27,Default task
2021-06-22T20:16:52.186+09:00,User,KeyEvent,65535:37:1,warmup5,Editor,C:/Users/User/CLionProjects/warmup5/main.cpp,,11,26,Default task
2021-06-22T20:16:52.217+09:00,User,Action,EditorLeftWithSelection,warmup5,Editor,C:/Users/User/CLionProjects/warmup5/main.cpp,,11,26,Default task
2021-06-22T20:16:52.218+09:00,User,KeyEvent,65535:37:1,warmup5,Editor,C:/Users/User/CLionProjects/warmup5/main.cpp,,11,25,Default task
2021-06-22T20:16:52.248+09:00,User,Action,EditorLeftWithSelection,warmup5,Editor,C:/Users/User/CLionProjects/warmup5/main.cpp,,11,25,Default task
2021-06-22T20:16:52.248+09:00,User,KeyEvent,65535:37:1,warmup5,Editor,C:/Users/User/CLionProjects/warmup5/main.cpp,,11,24,Default task
2021-06-22T20:16:52.279+09:00,User,Action,EditorLeftWithSelection,warmup5,Editor,C:/Users/User/CLionProjects/warmup5/main.cpp,,11,24,Default task
2021-06-22T20:16:52.279+09:00,User,KeyEvent,65535:37:1,warmup5,Editor,C:/Users/User/CLionProjects/warmup5/main.cpp,,11,23,Default task
2021-06-22T20:16:52.310+09:00,User,Action,EditorLeftWithSelection,warmup5,Editor,C:/Users/User/CLionProjects/warmup5/main.cpp,,11,23,Default task
2021-06-22T20:16:52.310+09:00,User,KeyEvent,65535:37:1,warmup5,Editor,C:/Users/User/CLionProjects/warmup5/main.cpp,,11,22,Default task
2021-06-22T20:16:52.720+09:00,User,Action,EditorLeftWithSelection,warmup5,Editor,C:/Users/User/CLionProjects/warmup5/main.cpp,,11,22,Default task
2021-06-22T20:16:52.722+09:00,User,KeyEvent,65535:37:1,warmup5,Editor,C:/Users/User/CLionProjects/warmup5/main.cpp,,11,21,Default task
2021-06-22T20:16:57.047+09:00,User,Action,EditorBackSpace,warmup5,Editor,C:/Users/User/CLionProjects/warmup5/main.cpp,,11,21,Default task
2021-06-22T20:16:57.050+09:00,User,KeyEvent,8:8:0,warmup5,Editor,C:/Users/User/CLionProjects/warmup5/main.cpp,,11,21,Default task
2021-06-22T20:16:57.742+09:00,User,KeyEvent,47:47:0,warmup5,Editor,C:/Users/User/CLionProjects/warmup5/main.cpp,,11,21,Default task
2021-06-22T20:16:58.655+09:00,User,KeyEvent,49:49:0,warmup5,Editor,C:/Users/User/CLionProjects/warmup5/main.cpp,,11,22,Default task
2021-06-22T20:16:58.959+09:00,User,KeyEvent,48:48:0,warmup5,Editor,C:/Users/User/CLionProjects/warmup5/main.cpp,,11,23,Default task
2021-06-22T20:16:59.112+09:00,User,KeyEvent,48:48:0,warmup5,Editor,C:/Users/User/CLionProjects/warmup5/main.cpp,,11,24,Default task
2021-06-22T20:17:00.063+09:00,User,Action,EditorLeft,warmup5,Editor,C:/Users/User/CLionProjects/warmup5/main.cpp,,11,25,Default task
2021-06-22T20:17:00.064+09:00,User,KeyEvent,65535:37:0,warmup5,Editor,C:/Users/User/CLionProjects/warmup5/main.cpp,,11,24,Default task
2021-06-22T20:17:00.576+09:00,User,Action,EditorLeft,warmup5,Editor,C:/Users/User/CLionProjects/warmup5/main.cpp,,11,24,Default task
2021-06-22T20:17:00.578+09:00,User,KeyEvent,65535:37:0,warmup5,Editor,C:/Users/User/CLionProjects/warmup5/main.cpp,,11,23,Default task
2021-06-22T20:17:00.606+09:00,User,Action,EditorLeft,warmup5,Editor,C:/Users/User/CLionProjects/warmup5/main.cpp,,11,23,Default task
2021-06-22T20:17:00.607+09:00,User,KeyEvent,65535:37:0,warmup5,Editor,C:/Users/User/CLionProjects/warmup5/main.cpp,,11,22,Default task
2021-06-22T20:17:00.636+09:00,User,Action,EditorLeft,warmup5,Editor,C:/Users/User/CLionProjects/warmup5/main.cpp,,11,22,Default task
2021-06-22T20:17:00.636+09:00,User,KeyEvent,65535:37:0,warmup5,Editor,C:/Users/User/CLionProjects/warmup5/main.cpp,,11,21,Default task
2021-06-22T20:17:00.667+09:00,User,Action,EditorLeft,warmup5,Editor,C:/Users/User/CLionProjects/warmup5/main.cpp,,11,21,Default task
2021-06-22T20:17:00.668+09:00,User,KeyEvent,65535:37:0,warmup5,Editor,C:/Users/User/CLionProjects/warmup5/main.cpp,,11,20,Default task
2021-06-22T20:17:00.698+09:00,User,Action,EditorLeft,warmup5,Editor,C:/Users/User/CLionProjects/warmup5/main.cpp,,11,20,Default task
2021-06-22T20:17:00.700+09:00,User,KeyEvent,65535:37:0,warmup5,Editor,C:/Users/User/CLionProjects/warmup5/main.cpp,,11,19,Default task
2021-06-22T20:17:00.746+09:00,User,Action,EditorLeft,warmup5,Editor,C:/Users/User/CLionProjects/warmup5/main.cpp,,11,19,Default task
2021-06-22T20:17:00.747+09:00,User,KeyEvent,65535:37:0,warmup5,Editor,C:/Users/User/CLionProjects/warmup5/main.cpp,,11,18,Default task
2021-06-22T20:17:00.775+09:00,User,Action,EditorLeft,warmup5,Editor,C:/Users/User/CLionProjects/warmup5/main.cpp,,11,18,Default task
2021-06-22T20:17:00.776+09:00,User,KeyEvent,65535:37:0,warmup5,Editor,C:/Users/User/CLionProjects/warmup5/main.cpp,,11,17,Default task
2021-06-22T20:17:00.807+09:00,User,Action,EditorLeft,warmup5,Editor,C:/Users/User/CLionProjects/warmup5/main.cpp,,11,17,Default task
2021-06-22T20:17:00.808+09:00,User,KeyEvent,65535:37:0,warmup5,Editor,C:/Users/User/CLionProjects/warmup5/main.cpp,,11,16,Default task
2021-06-22T20:17:01.183+09:00,User,Action,EditorRight,warmup5,Editor,C:/Users/User/CLionProjects/warmup5/main.cpp,,11,16,Default task
2021-06-22T20:17:01.184+09:00,User,KeyEvent,65535:39:0,warmup5,Editor,C:/Users/User/CLionProjects/warmup5/main.cpp,,11,17,Default task
2021-06-22T20:17:01.599+09:00,User,KeyEvent,65535:16:1,warmup5,Editor,C:/Users/User/CLionProjects/warmup5/main.cpp,,11,17,Default task
2021-06-22T20:17:01.800+09:00,User,Action,EditorLeftWithSelection,warmup5,Editor,C:/Users/User/CLionProjects/warmup5/main.cpp,,11,17,Default task
2021-06-22T20:17:01.802+09:00,User,KeyEvent,65535:37:1,warmup5,Editor,C:/Users/User/CLionProjects/warmup5/main.cpp,,11,16,Default task
2021-06-22T20:17:02.191+09:00,User,Action,EditorDelete,warmup5,Editor,C:/Users/User/CLionProjects/warmup5/main.cpp,,11,16,Default task
2021-06-22T20:17:02.193+09:00,User,KeyEvent,127:127:0,warmup5,Editor,C:/Users/User/CLionProjects/warmup5/main.cpp,,11,16,Default task
2021-06-22T20:17:03.840+09:00,User,KeyEvent,65535:17:2,warmup5,Editor,C:/Users/User/CLionProjects/warmup5/main.cpp,,11,32,Default task
2021-06-22T20:17:04.083+09:00,User,Action,SaveAll,warmup5,Editor,C:/Users/User/CLionProjects/warmup5/main.cpp,,11,32,Default task
2021-06-22T20:17:04.101+09:00,User,KeyEvent,19:83:2,warmup5,Editor,C:/Users/User/CLionProjects/warmup5/main.cpp,,11,32,Default task
2021-06-22T20:17:07.368+09:00,User,KeyEvent,65535:16:1,warmup5,Editor,C:/Users/User/CLionProjects/warmup5/main.cpp,,0,1,Default task
2021-06-22T20:17:07.697+09:00,User,Action,EditorLeftWithSelection,warmup5,Editor,C:/Users/User/CLionProjects/warmup5/main.cpp,,0,1,Default task
2021-06-22T20:17:07.703+09:00,User,KeyEvent,65535:37:1,warmup5,Editor,C:/Users/User/CLionProjects/warmup5/main.cpp,,0,0,Default task
2021-06-22T20:17:08.036+09:00,User,KeyEvent,65535:17:2,warmup5,Editor,C:/Users/User/CLionProjects/warmup5/main.cpp,,0,0,Default task
2021-06-22T20:17:08.192+09:00,User,Action,EditorCopy,warmup5,Editor,C:/Users/User/CLionProjects/warmup5/main.cpp,,0,0,Default task
2021-06-22T20:17:08.200+09:00,User,KeyEvent,3:67:2,warmup5,Editor,C:/Users/User/CLionProjects/warmup5/main.cpp,,0,0,Default task
2021-06-22T20:19:56.735+09:00,User,Action,EditorEnter,warmup5,Editor,C:/Users/User/CLionProjects/warmup5/main.cpp,,11,32,Default task
2021-06-22T20:19:56.741+09:00,User,KeyEvent,10:10:0,warmup5,Editor,C:/Users/User/CLionProjects/warmup5/main.cpp,,12,4,Default task
2021-06-22T20:19:56.991+09:00,User,KeyEvent,99:67:0,warmup5,Editor,C:/Users/User/CLionProjects/warmup5/main.cpp,,12,4,Default task
2021-06-22T20:19:57.102+09:00,User,KeyEvent,111:79:0,warmup5,Editor,C:/Users/User/CLionProjects/warmup5/main.cpp,,12,5,Default task
2021-06-22T20:19:57.310+09:00,User,KeyEvent,117:85:0,warmup5,Editor,C:/Users/User/CLionProjects/warmup5/main.cpp,,12,6,Default task
2021-06-22T20:19:57.454+09:00,User,KeyEvent,116:84:0,warmup5,Editor,C:/Users/User/CLionProjects/warmup5/main.cpp,,12,7,Default task
2021-06-22T20:19:57.774+09:00,User,KeyEvent,65535:16:1,warmup5,Editor,C:/Users/User/CLionProjects/warmup5/main.cpp,,12,8,Default task
2021-06-22T20:19:57.838+09:00,User,KeyEvent,60:44:1,warmup5,Editor,C:/Users/User/CLionProjects/warmup5/main.cpp,,12,8,Default task
2021-06-22T20:19:57.982+09:00,User,KeyEvent,60:44:1,warmup5,Editor,C:/Users/User/CLionProjects/warmup5/main.cpp,,12,9,Default task
2021-06-22T20:19:59.711+09:00,User,KeyEvent,110:78:0,warmup5,Editor,C:/Users/User/CLionProjects/warmup5/main.cpp,,12,10,Default task
2021-06-22T20:19:59.790+09:00,User,KeyEvent,117:85:0,warmup5,Editor,C:/Users/User/CLionProjects/warmup5/main.cpp,,12,11,Default task
2021-06-22T20:19:59.990+09:00,User,KeyEvent,109:77:0,warmup5,Editor,C:/Users/User/CLionProjects/warmup5/main.cpp,,12,12,Default task
2021-06-22T20:20:00.838+09:00,User,KeyEvent,49:49:0,warmup5,Editor,C:/Users/User/CLionProjects/warmup5/main.cpp,,12,13,Default task
2021-06-22T20:20:01.590+09:00,User,KeyEvent,65535:16:1,warmup5,Editor,C:/Users/User/CLionProjects/warmup5/main.cpp,,12,14,Default task
2021-06-22T20:20:01.694+09:00,User,KeyEvent,38:55:1,warmup5,Editor,C:/Users/User/CLionProjects/warmup5/main.cpp,,12,14,Default task
2021-06-22T20:20:02.304+09:00,User,Action,EditorBackSpace,warmup5,Editor,C:/Users/User/CLionProjects/warmup5/main.cpp,,12,15,Default task
2021-06-22T20:20:02.308+09:00,User,KeyEvent,8:8:0,warmup5,Editor,C:/Users/User/CLionProjects/warmup5/main.cpp,,12,14,Default task
2021-06-22T20:20:03.288+09:00,User,KeyEvent,65535:16:1,warmup5,Editor,C:/Users/User/CLionProjects/warmup5/main.cpp,,12,14,Default task
2021-06-22T20:20:03.526+09:00,User,KeyEvent,42:56:1,warmup5,Editor,C:/Users/User/CLionProjects/warmup5/main.cpp,,12,14,Default task
2021-06-22T20:20:03.991+09:00,User,KeyEvent,110:78:0,warmup5,Editor,C:/Users/User/CLionProjects/warmup5/main.cpp,,12,15,Default task
2021-06-22T20:20:04.063+09:00,User,KeyEvent,117:85:0,warmup5,Editor,C:/Users/User/CLionProjects/warmup5/main.cpp,,12,16,Default task
2021-06-22T20:20:04.224+09:00,User,KeyEvent,109:77:0,warmup5,Editor,C:/Users/User/CLionProjects/warmup5/main.cpp,,12,17,Default task
2021-06-22T20:20:04.350+09:00,User,KeyEvent,50:50:0,warmup5,Editor,C:/Users/User/CLionProjects/warmup5/main.cpp,,12,18,Default task
2021-06-22T20:20:04.655+09:00,User,KeyEvent,65535:16:1,warmup5,Editor,C:/Users/User/CLionProjects/warmup5/main.cpp,,12,19,Default task
2021-06-22T20:20:04.927+09:00,User,KeyEvent,60:44:1,warmup5,Editor,C:/Users/User/CLionProjects/warmup5/main.cpp,,12,19,Default task
2021-06-22T20:20:05.079+09:00,User,KeyEvent,60:44:1,warmup5,Editor,C:/Users/User/CLionProjects/warmup5/main.cpp,,12,20,Default task
2021-06-22T20:20:05.280+09:00,User,KeyEvent,101:69:0,warmup5,Editor,C:/Users/User/CLionProjects/warmup5/main.cpp,,12,21,Default task
2021-06-22T20:20:05.334+09:00,User,KeyEvent,110:78:0,warmup5,Editor,C:/Users/User/CLionProjects/warmup5/main.cpp,,12,22,Default task
2021-06-22T20:20:05.566+09:00,User,KeyEvent,100:68:0,warmup5,Editor,C:/Users/User/CLionProjects/warmup5/main.cpp,,12,23,Default task
2021-06-22T20:20:05.958+09:00,User,KeyEvent,108:76:0,warmup5,Editor,C:/Users/User/CLionProjects/warmup5/main.cpp,,12,24,Default task
2021-06-22T20:20:06.150+09:00,User,KeyEvent,59:59:0,warmup5,Editor,C:/Users/User/CLionProjects/warmup5/main.cpp,,12,25,Default task
2021-06-22T20:20:06.839+09:00,User,KeyEvent,65535:17:2,warmup5,Editor,C:/Users/User/CLionProjects/warmup5/main.cpp,,12,26,Default task
2021-06-22T20:20:07.007+09:00,User,Action,SaveAll,warmup5,Editor,C:/Users/User/CLionProjects/warmup5/main.cpp,,12,26,Default task
2021-06-22T20:20:07.022+09:00,User,KeyEvent,19:83:2,warmup5,Editor,C:/Users/User/CLionProjects/warmup5/main.cpp,,12,26,Default task
2021-06-22T20:20:08.495+09:00,User,KeyEvent,65535:17:2,warmup5,Editor,C:/Users/User/CLionProjects/warmup5/main.cpp,,0,0,Default task
2021-06-22T20:20:08.718+09:00,User,Action,EditorCopy,warmup5,Editor,C:/Users/User/CLionProjects/warmup5/main.cpp,,0,0,Default task
2021-06-22T20:20:08.724+09:00,User,KeyEvent,3:67:2,warmup5,Editor,C:/Users/User/CLionProjects/warmup5/main.cpp,,0,0,Default task
2021-06-22T20:20:26.401+09:00,User,Action,Build,warmup5,Editor,C:/Users/User/CLionProjects/warmup5/main.cpp,,15,0,Default task
2021-06-22T20:20:29.646+09:00,User,Action,Run,warmup5,Editor,C:/Users/User/CLionProjects/warmup5/main.cpp,,15,0,Default task
2021-06-22T20:20:33.855+09:00,User,KeyEvent,52:100:0,warmup5,Editor,C:/Users/User/CLionProjects/warmup5/main.cpp,,15,0,Default task
2021-06-22T20:20:34.031+09:00,User,KeyEvent,55:103:0,warmup5,Editor,C:/Users/User/CLionProjects/warmup5/main.cpp,,15,0,Default task
2021-06-22T20:20:34.294+09:00,User,KeyEvent,50:98:0,warmup5,Editor,C:/Users/User/CLionProjects/warmup5/main.cpp,,15,0,Default task
2021-06-22T20:20:34.944+09:00,User,KeyEvent,10:10:0,warmup5,Editor,C:/Users/User/CLionProjects/warmup5/main.cpp,,15,0,Default task
2021-06-22T20:20:35.951+09:00,User,KeyEvent,51:99:0,warmup5,Editor,C:/Users/User/CLionProjects/warmup5/main.cpp,,15,0,Default task
2021-06-22T20:20:36.246+09:00,User,KeyEvent,56:104:0,warmup5,Editor,C:/Users/User/CLionProjects/warmup5/main.cpp,,15,0,Default task
2021-06-22T20:20:37.239+09:00,User,KeyEvent,53:101:0,warmup5,Editor,C:/Users/User/CLionProjects/warmup5/main.cpp,,15,0,Default task
2021-06-22T20:20:37.600+09:00,User,KeyEvent,10:10:0,warmup5,Editor,C:/Users/User/CLionProjects/warmup5/main.cpp,,15,0,Default task
