2021-06-24T21:20:03.939+09:00,User,KeyEvent,65535:16:1,hello,Editor,C:/Users/User/CLionProjects/hello/main.cpp,,2,0,Default task
2021-06-24T21:20:04.003+09:00,User,Action,EditorUpWithSelection,hello,Editor,C:/Users/User/CLionProjects/hello/main.cpp,,2,0,Default task
2021-06-24T21:20:04.003+09:00,User,KeyEvent,65535:38:1,hello,Editor,C:/Users/User/CLionProjects/hello/main.cpp,,1,0,Default task
2021-06-24T21:20:04.194+09:00,User,Action,EditorDelete,hello,Editor,C:/Users/User/CLionProjects/hello/main.cpp,,1,0,Default task
2021-06-24T21:20:04.196+09:00,User,KeyEvent,127:127:0,hello,Editor,C:/Users/User/CLionProjects/hello/main.cpp,,1,0,Default task
2021-06-24T21:20:08.656+09:00,User,Action,Clear Tracking Log,,,,,-1,-1,
2021-06-24T21:20:12.924+09:00,User,Action,EditorUp,hello,Editor,C:/Users/User/CLionProjects/hello/main.cpp,,2,20,Default task
2021-06-24T21:20:12.926+09:00,User,KeyEvent,65535:38:0,hello,Editor,C:/Users/User/CLionProjects/hello/main.cpp,,1,0,Default task
2021-06-24T21:20:13.778+09:00,User,KeyEvent,65535:16:1,hello,Editor,C:/Users/User/CLionProjects/hello/main.cpp,,1,0,Default task
2021-06-24T21:20:14.090+09:00,User,KeyEvent,35:51:1,hello,Editor,C:/Users/User/CLionProjects/hello/main.cpp,,1,0,Default task
2021-06-24T21:20:14.378+09:00,User,KeyEvent,105:73:0,hello,Editor,C:/Users/User/CLionProjects/hello/main.cpp,,1,1,Default task
2021-06-24T21:20:14.522+09:00,User,KeyEvent,110:78:0,hello,Editor,C:/Users/User/CLionProjects/hello/main.cpp,,1,2,Default task
2021-06-24T21:20:14.915+09:00,User,KeyEvent,99:67:0,hello,Editor,C:/Users/User/CLionProjects/hello/main.cpp,,1,3,Default task
2021-06-24T21:20:14.986+09:00,User,KeyEvent,108:76:0,hello,Editor,C:/Users/User/CLionProjects/hello/main.cpp,,1,4,Default task
2021-06-24T21:20:15.163+09:00,User,KeyEvent,117:85:0,hello,Editor,C:/Users/User/CLionProjects/hello/main.cpp,,1,5,Default task
2021-06-24T21:20:15.291+09:00,User,KeyEvent,100:68:0,hello,Editor,C:/Users/User/CLionProjects/hello/main.cpp,,1,6,Default task
2021-06-24T21:20:15.418+09:00,User,KeyEvent,101:69:0,hello,Editor,C:/Users/User/CLionProjects/hello/main.cpp,,1,7,Default task
2021-06-24T21:20:15.555+09:00,User,KeyEvent,32:32:0,hello,Editor,C:/Users/User/CLionProjects/hello/main.cpp,,1,8,Default task
2021-06-24T21:20:15.619+09:00,User,KeyEvent,65535:16:1,hello,Editor,C:/Users/User/CLionProjects/hello/main.cpp,,1,9,Default task
2021-06-24T21:20:15.675+09:00,User,KeyEvent,60:44:1,hello,Editor,C:/Users/User/CLionProjects/hello/main.cpp,,1,9,Default task
2021-06-24T21:20:15.858+09:00,User,KeyEvent,115:83:0,hello,Editor,C:/Users/User/CLionProjects/hello/main.cpp,,1,10,Default task
2021-06-24T21:20:15.939+09:00,User,KeyEvent,116:84:0,hello,Editor,C:/Users/User/CLionProjects/hello/main.cpp,,1,11,Default task
2021-06-24T21:20:16.098+09:00,User,KeyEvent,114:82:0,hello,Editor,C:/Users/User/CLionProjects/hello/main.cpp,,1,12,Default task
2021-06-24T21:20:16.186+09:00,User,KeyEvent,105:73:0,hello,Editor,C:/Users/User/CLionProjects/hello/main.cpp,,1,13,Default task
2021-06-24T21:20:16.290+09:00,User,KeyEvent,110:78:0,hello,Editor,C:/Users/User/CLionProjects/hello/main.cpp,,1,14,Default task
2021-06-24T21:20:16.394+09:00,User,KeyEvent,103:71:0,hello,Editor,C:/Users/User/CLionProjects/hello/main.cpp,,1,15,Default task
2021-06-24T21:20:16.620+09:00,User,KeyEvent,65535:16:1,hello,Editor,C:/Users/User/CLionProjects/hello/main.cpp,,1,16,Default task
2021-06-24T21:20:16.691+09:00,User,KeyEvent,62:46:1,hello,Editor,C:/Users/User/CLionProjects/hello/main.cpp,,1,16,Default task
2021-06-24T21:20:16.890+09:00,User,Action,EditorEnter,hello,Editor,C:/Users/User/CLionProjects/hello/main.cpp,,1,17,Default task
2021-06-24T21:20:16.893+09:00,User,KeyEvent,10:10:0,hello,Editor,C:/Users/User/CLionProjects/hello/main.cpp,,2,0,Default task
2021-06-24T21:20:17.698+09:00,User,Action,EditorDown,hello,Editor,C:/Users/User/CLionProjects/hello/main.cpp,,2,0,Default task
2021-06-24T21:20:17.699+09:00,User,KeyEvent,65535:40:0,hello,Editor,C:/Users/User/CLionProjects/hello/main.cpp,,3,0,Default task
2021-06-24T21:20:17.818+09:00,User,Action,EditorDown,hello,Editor,C:/Users/User/CLionProjects/hello/main.cpp,,3,0,Default task
2021-06-24T21:20:17.818+09:00,User,KeyEvent,65535:40:0,hello,Editor,C:/Users/User/CLionProjects/hello/main.cpp,,4,0,Default task
2021-06-24T21:20:18.090+09:00,User,Action,EditorDown,hello,Editor,C:/Users/User/CLionProjects/hello/main.cpp,,4,0,Default task
2021-06-24T21:20:18.092+09:00,User,KeyEvent,65535:40:0,hello,Editor,C:/Users/User/CLionProjects/hello/main.cpp,,5,0,Default task
2021-06-24T21:20:18.242+09:00,User,Action,EditorDown,hello,Editor,C:/Users/User/CLionProjects/hello/main.cpp,,5,0,Default task
2021-06-24T21:20:18.243+09:00,User,KeyEvent,65535:40:0,hello,Editor,C:/Users/User/CLionProjects/hello/main.cpp,,6,0,Default task
2021-06-24T21:20:18.371+09:00,User,Action,EditorDown,hello,Editor,C:/Users/User/CLionProjects/hello/main.cpp,,6,0,Default task
2021-06-24T21:20:18.372+09:00,User,KeyEvent,65535:40:0,hello,Editor,C:/Users/User/CLionProjects/hello/main.cpp,,7,0,Default task
2021-06-24T21:20:18.716+09:00,User,Action,EditorLeft,hello,Editor,C:/Users/User/CLionProjects/hello/main.cpp,,7,0,Default task
2021-06-24T21:20:18.717+09:00,User,KeyEvent,65535:37:0,hello,Editor,C:/Users/User/CLionProjects/hello/main.cpp,,6,1,Default task
2021-06-24T21:20:19.123+09:00,User,Action,EditorEnter,hello,Editor,C:/Users/User/CLionProjects/hello/main.cpp,,6,1,Default task
2021-06-24T21:20:19.125+09:00,User,KeyEvent,10:10:0,hello,Editor,C:/Users/User/CLionProjects/hello/main.cpp,,7,4,Default task
2021-06-24T21:20:21.139+09:00,User,KeyEvent,105:73:0,hello,Editor,C:/Users/User/CLionProjects/hello/main.cpp,,7,4,Default task
2021-06-24T21:20:21.218+09:00,User,KeyEvent,110:78:0,hello,Editor,C:/Users/User/CLionProjects/hello/main.cpp,,7,5,Default task
2021-06-24T21:20:21.330+09:00,User,KeyEvent,116:84:0,hello,Editor,C:/Users/User/CLionProjects/hello/main.cpp,,7,6,Default task
2021-06-24T21:20:21.434+09:00,User,KeyEvent,32:32:0,hello,Editor,C:/Users/User/CLionProjects/hello/main.cpp,,7,7,Default task
2021-06-24T21:20:21.571+09:00,User,KeyEvent,105:73:0,hello,Editor,C:/Users/User/CLionProjects/hello/main.cpp,,7,8,Default task
2021-06-24T21:20:21.642+09:00,User,KeyEvent,110:78:0,hello,Editor,C:/Users/User/CLionProjects/hello/main.cpp,,7,9,Default task
2021-06-24T21:20:21.762+09:00,User,KeyEvent,112:80:0,hello,Editor,C:/Users/User/CLionProjects/hello/main.cpp,,7,10,Default task
2021-06-24T21:20:21.914+09:00,User,KeyEvent,117:85:0,hello,Editor,C:/Users/User/CLionProjects/hello/main.cpp,,7,11,Default task
2021-06-24T21:20:22.034+09:00,User,KeyEvent,116:84:0,hello,Editor,C:/Users/User/CLionProjects/hello/main.cpp,,7,12,Default task
2021-06-24T21:20:22.442+09:00,User,KeyEvent,44:44:0,hello,Editor,C:/Users/User/CLionProjects/hello/main.cpp,,7,13,Default task
2021-06-24T21:20:22.564+09:00,User,KeyEvent,32:32:0,hello,Editor,C:/Users/User/CLionProjects/hello/main.cpp,,7,14,Default task
2021-06-24T21:20:23.291+09:00,User,KeyEvent,116:84:0,hello,Editor,C:/Users/User/CLionProjects/hello/main.cpp,,7,15,Default task
2021-06-24T21:20:23.914+09:00,User,KeyEvent,101:69:0,hello,Editor,C:/Users/User/CLionProjects/hello/main.cpp,,7,16,Default task
2021-06-24T21:20:23.994+09:00,User,KeyEvent,110:78:0,hello,Editor,C:/Users/User/CLionProjects/hello/main.cpp,,7,17,Default task
2021-06-24T21:20:24.171+09:00,User,KeyEvent,44:44:0,hello,Editor,C:/Users/User/CLionProjects/hello/main.cpp,,7,18,Default task
2021-06-24T21:20:24.306+09:00,User,KeyEvent,32:32:0,hello,Editor,C:/Users/User/CLionProjects/hello/main.cpp,,7,19,Default task
2021-06-24T21:20:24.532+09:00,User,KeyEvent,111:79:0,hello,Editor,C:/Users/User/CLionProjects/hello/main.cpp,,7,20,Default task
2021-06-24T21:20:24.610+09:00,User,KeyEvent,110:78:0,hello,Editor,C:/Users/User/CLionProjects/hello/main.cpp,,7,21,Default task
2021-06-24T21:20:24.738+09:00,User,KeyEvent,101:69:0,hello,Editor,C:/Users/User/CLionProjects/hello/main.cpp,,7,22,Default task
2021-06-24T21:20:24.819+09:00,User,KeyEvent,44:44:0,hello,Editor,C:/Users/User/CLionProjects/hello/main.cpp,,7,23,Default task
2021-06-24T21:20:25.684+09:00,User,KeyEvent,32:32:0,hello,Editor,C:/Users/User/CLionProjects/hello/main.cpp,,7,24,Default task
2021-06-24T21:20:26.195+09:00,User,KeyEvent,114:82:0,hello,Editor,C:/Users/User/CLionProjects/hello/main.cpp,,7,25,Default task
2021-06-24T21:20:26.274+09:00,User,KeyEvent,101:69:0,hello,Editor,C:/Users/User/CLionProjects/hello/main.cpp,,7,26,Default task
2021-06-24T21:20:26.395+09:00,User,KeyEvent,115:83:0,hello,Editor,C:/Users/User/CLionProjects/hello/main.cpp,,7,27,Default task
2021-06-24T21:20:26.498+09:00,User,KeyEvent,117:85:0,hello,Editor,C:/Users/User/CLionProjects/hello/main.cpp,,7,28,Default task
2021-06-24T21:20:26.675+09:00,User,KeyEvent,108:76:0,hello,Editor,C:/Users/User/CLionProjects/hello/main.cpp,,7,29,Default task
2021-06-24T21:20:26.754+09:00,User,KeyEvent,116:84:0,hello,Editor,C:/Users/User/CLionProjects/hello/main.cpp,,7,30,Default task
2021-06-24T21:20:26.891+09:00,User,KeyEvent,59:59:0,hello,Editor,C:/Users/User/CLionProjects/hello/main.cpp,,7,31,Default task
2021-06-24T21:20:27.091+09:00,User,Action,EditorEnter,hello,Editor,C:/Users/User/CLionProjects/hello/main.cpp,,7,32,Default task
2021-06-24T21:20:27.094+09:00,User,KeyEvent,10:10:0,hello,Editor,C:/Users/User/CLionProjects/hello/main.cpp,,8,4,Default task
2021-06-24T21:20:30.962+09:00,User,KeyEvent,105:73:0,hello,Editor,C:/Users/User/CLionProjects/hello/main.cpp,,8,4,Default task
2021-06-24T21:20:31.034+09:00,User,KeyEvent,110:78:0,hello,Editor,C:/Users/User/CLionProjects/hello/main.cpp,,8,5,Default task
2021-06-24T21:20:31.139+09:00,User,KeyEvent,116:84:0,hello,Editor,C:/Users/User/CLionProjects/hello/main.cpp,,8,6,Default task
2021-06-24T21:20:31.420+09:00,User,KeyEvent,32:32:0,hello,Editor,C:/Users/User/CLionProjects/hello/main.cpp,,8,7,Default task
2021-06-24T21:20:31.643+09:00,User,KeyEvent,116:84:0,hello,Editor,C:/Users/User/CLionProjects/hello/main.cpp,,8,8,Default task
2021-06-24T21:20:31.770+09:00,User,KeyEvent,101:69:0,hello,Editor,C:/Users/User/CLionProjects/hello/main.cpp,,8,9,Default task
2021-06-24T21:20:31.859+09:00,User,KeyEvent,109:77:0,hello,Editor,C:/Users/User/CLionProjects/hello/main.cpp,,8,10,Default task
2021-06-24T21:20:31.948+09:00,User,KeyEvent,112:80:0,hello,Editor,C:/Users/User/CLionProjects/hello/main.cpp,,8,11,Default task
2021-06-24T21:20:33.306+09:00,User,KeyEvent,59:59:0,hello,Editor,C:/Users/User/CLionProjects/hello/main.cpp,,8,12,Default task
2021-06-24T21:20:33.475+09:00,User,Action,EditorEnter,hello,Editor,C:/Users/User/CLionProjects/hello/main.cpp,,8,13,Default task
2021-06-24T21:20:33.477+09:00,User,KeyEvent,10:10:0,hello,Editor,C:/Users/User/CLionProjects/hello/main.cpp,,9,4,Default task
2021-06-24T21:20:33.635+09:00,User,Action,EditorEnter,hello,Editor,C:/Users/User/CLionProjects/hello/main.cpp,,9,4,Default task
2021-06-24T21:20:33.637+09:00,User,KeyEvent,10:10:0,hello,Editor,C:/Users/User/CLionProjects/hello/main.cpp,,10,4,Default task
2021-06-24T21:20:34.122+09:00,User,KeyEvent,115:83:0,hello,Editor,C:/Users/User/CLionProjects/hello/main.cpp,,10,4,Default task
2021-06-24T21:20:34.258+09:00,User,KeyEvent,116:84:0,hello,Editor,C:/Users/User/CLionProjects/hello/main.cpp,,10,5,Default task
2021-06-24T21:20:34.434+09:00,User,KeyEvent,114:82:0,hello,Editor,C:/Users/User/CLionProjects/hello/main.cpp,,10,6,Default task
2021-06-24T21:20:34.547+09:00,User,KeyEvent,105:73:0,hello,Editor,C:/Users/User/CLionProjects/hello/main.cpp,,10,7,Default task
2021-06-24T21:20:34.618+09:00,User,KeyEvent,110:78:0,hello,Editor,C:/Users/User/CLionProjects/hello/main.cpp,,10,8,Default task
2021-06-24T21:20:34.714+09:00,User,KeyEvent,103:71:0,hello,Editor,C:/Users/User/CLionProjects/hello/main.cpp,,10,9,Default task
2021-06-24T21:20:34.818+09:00,User,KeyEvent,32:32:0,hello,Editor,C:/Users/User/CLionProjects/hello/main.cpp,,10,10,Default task
2021-06-24T21:20:34.946+09:00,User,KeyEvent,115:83:0,hello,Editor,C:/Users/User/CLionProjects/hello/main.cpp,,10,11,Default task
2021-06-24T21:20:35.050+09:00,User,KeyEvent,116:84:0,hello,Editor,C:/Users/User/CLionProjects/hello/main.cpp,,10,12,Default task
2021-06-24T21:20:35.227+09:00,User,KeyEvent,114:82:0,hello,Editor,C:/Users/User/CLionProjects/hello/main.cpp,,10,13,Default task
2021-06-24T21:20:37.523+09:00,User,KeyEvent,49:49:0,hello,Editor,C:/Users/User/CLionProjects/hello/main.cpp,,10,14,Default task
2021-06-24T21:20:44.803+09:00,User,KeyEvent,59:59:0,hello,Editor,C:/Users/User/CLionProjects/hello/main.cpp,,10,15,Default task
2021-06-24T21:20:44.955+09:00,User,Action,EditorEnter,hello,Editor,C:/Users/User/CLionProjects/hello/main.cpp,,10,16,Default task
2021-06-24T21:20:44.957+09:00,User,KeyEvent,10:10:0,hello,Editor,C:/Users/User/CLionProjects/hello/main.cpp,,11,4,Default task
2021-06-24T21:20:46.674+09:00,User,KeyEvent,115:83:0,hello,Editor,C:/Users/User/CLionProjects/hello/main.cpp,,11,4,Default task
2021-06-24T21:20:46.826+09:00,User,KeyEvent,116:84:0,hello,Editor,C:/Users/User/CLionProjects/hello/main.cpp,,11,5,Default task
2021-06-24T21:20:47.002+09:00,User,KeyEvent,114:82:0,hello,Editor,C:/Users/User/CLionProjects/hello/main.cpp,,11,6,Default task
2021-06-24T21:20:47.115+09:00,User,KeyEvent,105:73:0,hello,Editor,C:/Users/User/CLionProjects/hello/main.cpp,,11,7,Default task
2021-06-24T21:20:47.210+09:00,User,KeyEvent,110:78:0,hello,Editor,C:/Users/User/CLionProjects/hello/main.cpp,,11,8,Default task
2021-06-24T21:20:47.275+09:00,User,KeyEvent,103:71:0,hello,Editor,C:/Users/User/CLionProjects/hello/main.cpp,,11,9,Default task
2021-06-24T21:20:47.378+09:00,User,KeyEvent,32:32:0,hello,Editor,C:/Users/User/CLionProjects/hello/main.cpp,,11,10,Default task
2021-06-24T21:20:47.474+09:00,User,KeyEvent,115:83:0,hello,Editor,C:/Users/User/CLionProjects/hello/main.cpp,,11,11,Default task
2021-06-24T21:20:47.554+09:00,User,KeyEvent,116:84:0,hello,Editor,C:/Users/User/CLionProjects/hello/main.cpp,,11,12,Default task
2021-06-24T21:20:47.714+09:00,User,KeyEvent,114:82:0,hello,Editor,C:/Users/User/CLionProjects/hello/main.cpp,,11,13,Default task
2021-06-24T21:20:47.882+09:00,User,KeyEvent,59:59:0,hello,Editor,C:/Users/User/CLionProjects/hello/main.cpp,,11,14,Default task
2021-06-24T21:20:48.202+09:00,User,Action,EditorBackSpace,hello,Editor,C:/Users/User/CLionProjects/hello/main.cpp,,11,15,Default task
2021-06-24T21:20:48.206+09:00,User,KeyEvent,8:8:0,hello,Editor,C:/Users/User/CLionProjects/hello/main.cpp,,11,14,Default task
2021-06-24T21:20:48.273+09:00,User,KeyEvent,50:50:0,hello,Editor,C:/Users/User/CLionProjects/hello/main.cpp,,11,14,Default task
2021-06-24T21:20:48.418+09:00,User,KeyEvent,59:59:0,hello,Editor,C:/Users/User/CLionProjects/hello/main.cpp,,11,15,Default task
2021-06-24T21:20:49.699+09:00,User,Action,EditorEnter,hello,Editor,C:/Users/User/CLionProjects/hello/main.cpp,,11,16,Default task
2021-06-24T21:20:49.702+09:00,User,KeyEvent,10:10:0,hello,Editor,C:/Users/User/CLionProjects/hello/main.cpp,,12,4,Default task
2021-06-24T21:20:49.771+09:00,User,Action,EditorEnter,hello,Editor,C:/Users/User/CLionProjects/hello/main.cpp,,12,4,Default task
2021-06-24T21:20:49.774+09:00,User,KeyEvent,10:10:0,hello,Editor,C:/Users/User/CLionProjects/hello/main.cpp,,13,4,Default task
2021-06-24T21:20:50.178+09:00,User,KeyEvent,99:67:0,hello,Editor,C:/Users/User/CLionProjects/hello/main.cpp,,13,4,Default task
2021-06-24T21:20:50.250+09:00,User,KeyEvent,105:73:0,hello,Editor,C:/Users/User/CLionProjects/hello/main.cpp,,13,5,Default task
2021-06-24T21:20:50.399+09:00,User,KeyEvent,110:78:0,hello,Editor,C:/Users/User/CLionProjects/hello/main.cpp,,13,6,Default task
2021-06-24T21:20:50.746+09:00,User,KeyEvent,32:32:0,hello,Editor,C:/Users/User/CLionProjects/hello/main.cpp,,13,7,Default task
2021-06-24T21:20:50.866+09:00,User,KeyEvent,65535:16:1,hello,Editor,C:/Users/User/CLionProjects/hello/main.cpp,,13,8,Default task
2021-06-24T21:20:50.924+09:00,User,KeyEvent,62:46:1,hello,Editor,C:/Users/User/CLionProjects/hello/main.cpp,,13,8,Default task
2021-06-24T21:20:51.050+09:00,User,KeyEvent,62:46:1,hello,Editor,C:/Users/User/CLionProjects/hello/main.cpp,,13,9,Default task
2021-06-24T21:20:51.227+09:00,User,KeyEvent,32:32:0,hello,Editor,C:/Users/User/CLionProjects/hello/main.cpp,,13,10,Default task
2021-06-24T21:20:51.562+09:00,User,KeyEvent,105:73:0,hello,Editor,C:/Users/User/CLionProjects/hello/main.cpp,,13,11,Default task
2021-06-24T21:20:51.634+09:00,User,KeyEvent,110:78:0,hello,Editor,C:/Users/User/CLionProjects/hello/main.cpp,,13,12,Default task
2021-06-24T21:20:51.751+09:00,User,KeyEvent,112:80:0,hello,Editor,C:/Users/User/CLionProjects/hello/main.cpp,,13,13,Default task
2021-06-24T21:20:51.882+09:00,User,KeyEvent,117:85:0,hello,Editor,C:/Users/User/CLionProjects/hello/main.cpp,,13,14,Default task
2021-06-24T21:20:52.017+09:00,User,KeyEvent,116:84:0,hello,Editor,C:/Users/User/CLionProjects/hello/main.cpp,,13,15,Default task
2021-06-24T21:20:52.346+09:00,User,KeyEvent,59:59:0,hello,Editor,C:/Users/User/CLionProjects/hello/main.cpp,,13,16,Default task
2021-06-24T21:20:53.482+09:00,User,Action,EditorEnter,hello,Editor,C:/Users/User/CLionProjects/hello/main.cpp,,13,17,Default task
2021-06-24T21:20:53.483+09:00,User,KeyEvent,10:10:0,hello,Editor,C:/Users/User/CLionProjects/hello/main.cpp,,14,4,Default task
2021-06-24T21:20:53.626+09:00,User,Action,EditorEnter,hello,Editor,C:/Users/User/CLionProjects/hello/main.cpp,,14,4,Default task
2021-06-24T21:20:53.628+09:00,User,KeyEvent,10:10:0,hello,Editor,C:/Users/User/CLionProjects/hello/main.cpp,,15,4,Default task
2021-06-24T21:20:54.026+09:00,User,Action,EditorBackSpace,hello,Editor,C:/Users/User/CLionProjects/hello/main.cpp,,15,4,Default task
2021-06-24T21:20:54.030+09:00,User,KeyEvent,8:8:0,hello,Editor,C:/Users/User/CLionProjects/hello/main.cpp,,14,4,Default task
2021-06-24T21:20:54.298+09:00,User,Action,EditorBackSpace,hello,Editor,C:/Users/User/CLionProjects/hello/main.cpp,,14,4,Default task
2021-06-24T21:20:54.300+09:00,User,KeyEvent,8:8:0,hello,Editor,C:/Users/User/CLionProjects/hello/main.cpp,,13,17,Default task
2021-06-24T21:20:54.922+09:00,User,Action,EditorEnter,hello,Editor,C:/Users/User/CLionProjects/hello/main.cpp,,13,17,Default task
2021-06-24T21:20:54.924+09:00,User,KeyEvent,10:10:0,hello,Editor,C:/Users/User/CLionProjects/hello/main.cpp,,14,4,Default task
2021-06-24T21:20:55.290+09:00,User,KeyEvent,105:73:0,hello,Editor,C:/Users/User/CLionProjects/hello/main.cpp,,14,4,Default task
2021-06-24T21:20:55.361+09:00,User,KeyEvent,110:78:0,hello,Editor,C:/Users/User/CLionProjects/hello/main.cpp,,14,5,Default task
2021-06-24T21:20:55.482+09:00,User,KeyEvent,112:80:0,hello,Editor,C:/Users/User/CLionProjects/hello/main.cpp,,14,6,Default task
2021-06-24T21:20:55.626+09:00,User,KeyEvent,117:85:0,hello,Editor,C:/Users/User/CLionProjects/hello/main.cpp,,14,7,Default task
2021-06-24T21:20:55.762+09:00,User,KeyEvent,116:84:0,hello,Editor,C:/Users/User/CLionProjects/hello/main.cpp,,14,8,Default task
2021-06-24T21:20:57.066+09:00,User,KeyEvent,32:32:0,hello,Editor,C:/Users/User/CLionProjects/hello/main.cpp,,14,9,Default task
2021-06-24T21:20:57.578+09:00,User,KeyEvent,61:61:0,hello,Editor,C:/Users/User/CLionProjects/hello/main.cpp,,14,10,Default task
2021-06-24T21:20:57.754+09:00,User,KeyEvent,32:32:0,hello,Editor,C:/Users/User/CLionProjects/hello/main.cpp,,14,11,Default task
2021-06-24T21:20:59.579+09:00,User,Action,EditorBackSpace,hello,Editor,C:/Users/User/CLionProjects/hello/main.cpp,,14,12,Default task
2021-06-24T21:20:59.582+09:00,User,KeyEvent,8:8:0,hello,Editor,C:/Users/User/CLionProjects/hello/main.cpp,,14,11,Default task
2021-06-24T21:20:59.715+09:00,User,Action,EditorBackSpace,hello,Editor,C:/Users/User/CLionProjects/hello/main.cpp,,14,11,Default task
2021-06-24T21:20:59.718+09:00,User,KeyEvent,8:8:0,hello,Editor,C:/Users/User/CLionProjects/hello/main.cpp,,14,10,Default task
2021-06-24T21:20:59.836+09:00,User,Action,EditorBackSpace,hello,Editor,C:/Users/User/CLionProjects/hello/main.cpp,,14,10,Default task
2021-06-24T21:20:59.838+09:00,User,KeyEvent,8:8:0,hello,Editor,C:/Users/User/CLionProjects/hello/main.cpp,,14,9,Default task
2021-06-24T21:21:00.058+09:00,User,Action,EditorBackSpace,hello,Editor,C:/Users/User/CLionProjects/hello/main.cpp,,14,9,Default task
2021-06-24T21:21:00.059+09:00,User,KeyEvent,8:8:0,hello,Editor,C:/Users/User/CLionProjects/hello/main.cpp,,14,8,Default task
2021-06-24T21:21:00.315+09:00,User,Action,EditorBackSpace,hello,Editor,C:/Users/User/CLionProjects/hello/main.cpp,,14,8,Default task
2021-06-24T21:21:00.316+09:00,User,KeyEvent,8:8:0,hello,Editor,C:/Users/User/CLionProjects/hello/main.cpp,,14,7,Default task
2021-06-24T21:21:00.586+09:00,User,Action,EditorBackSpace,hello,Editor,C:/Users/User/CLionProjects/hello/main.cpp,,14,7,Default task
2021-06-24T21:21:00.587+09:00,User,KeyEvent,8:8:0,hello,Editor,C:/Users/User/CLionProjects/hello/main.cpp,,14,6,Default task
2021-06-24T21:21:00.706+09:00,User,Action,EditorBackSpace,hello,Editor,C:/Users/User/CLionProjects/hello/main.cpp,,14,6,Default task
2021-06-24T21:21:00.714+09:00,User,KeyEvent,8:8:0,hello,Editor,C:/Users/User/CLionProjects/hello/main.cpp,,14,5,Default task
2021-06-24T21:21:01.106+09:00,User,Action,EditorBackSpace,hello,Editor,C:/Users/User/CLionProjects/hello/main.cpp,,14,5,Default task
2021-06-24T21:21:01.108+09:00,User,KeyEvent,8:8:0,hello,Editor,C:/Users/User/CLionProjects/hello/main.cpp,,14,4,Default task
2021-06-24T21:21:01.331+09:00,User,KeyEvent,116:84:0,hello,Editor,C:/Users/User/CLionProjects/hello/main.cpp,,14,4,Default task
2021-06-24T21:21:01.402+09:00,User,KeyEvent,101:69:0,hello,Editor,C:/Users/User/CLionProjects/hello/main.cpp,,14,5,Default task
2021-06-24T21:21:01.522+09:00,User,KeyEvent,109:77:0,hello,Editor,C:/Users/User/CLionProjects/hello/main.cpp,,14,6,Default task
2021-06-24T21:21:01.586+09:00,User,KeyEvent,112:80:0,hello,Editor,C:/Users/User/CLionProjects/hello/main.cpp,,14,7,Default task
2021-06-24T21:21:01.674+09:00,User,KeyEvent,32:32:0,hello,Editor,C:/Users/User/CLionProjects/hello/main.cpp,,14,8,Default task
2021-06-24T21:21:01.850+09:00,User,KeyEvent,61:61:0,hello,Editor,C:/Users/User/CLionProjects/hello/main.cpp,,14,9,Default task
2021-06-24T21:21:01.995+09:00,User,KeyEvent,32:32:0,hello,Editor,C:/Users/User/CLionProjects/hello/main.cpp,,14,10,Default task
2021-06-24T21:21:02.410+09:00,User,KeyEvent,105:73:0,hello,Editor,C:/Users/User/CLionProjects/hello/main.cpp,,14,11,Default task
2021-06-24T21:21:02.523+09:00,User,KeyEvent,110:78:0,hello,Editor,C:/Users/User/CLionProjects/hello/main.cpp,,14,12,Default task
2021-06-24T21:21:02.610+09:00,User,KeyEvent,112:80:0,hello,Editor,C:/Users/User/CLionProjects/hello/main.cpp,,14,13,Default task
2021-06-24T21:21:02.762+09:00,User,KeyEvent,117:85:0,hello,Editor,C:/Users/User/CLionProjects/hello/main.cpp,,14,14,Default task
2021-06-24T21:21:02.890+09:00,User,KeyEvent,116:84:0,hello,Editor,C:/Users/User/CLionProjects/hello/main.cpp,,14,15,Default task
2021-06-24T21:21:03.091+09:00,User,KeyEvent,59:59:0,hello,Editor,C:/Users/User/CLionProjects/hello/main.cpp,,14,16,Default task
2021-06-24T21:21:03.251+09:00,User,Action,EditorEnter,hello,Editor,C:/Users/User/CLionProjects/hello/main.cpp,,14,17,Default task
2021-06-24T21:21:03.254+09:00,User,KeyEvent,10:10:0,hello,Editor,C:/Users/User/CLionProjects/hello/main.cpp,,15,4,Default task
2021-06-24T21:21:04.635+09:00,User,Action,EditorEnter,hello,Editor,C:/Users/User/CLionProjects/hello/main.cpp,,15,4,Default task
2021-06-24T21:21:04.637+09:00,User,KeyEvent,10:10:0,hello,Editor,C:/Users/User/CLionProjects/hello/main.cpp,,16,4,Default task
2021-06-24T21:21:04.803+09:00,User,KeyEvent,119:87:0,hello,Editor,C:/Users/User/CLionProjects/hello/main.cpp,,16,4,Default task
2021-06-24T21:21:04.906+09:00,User,KeyEvent,104:72:0,hello,Editor,C:/Users/User/CLionProjects/hello/main.cpp,,16,5,Default task
2021-06-24T21:21:05.012+09:00,User,KeyEvent,105:73:0,hello,Editor,C:/Users/User/CLionProjects/hello/main.cpp,,16,6,Default task
2021-06-24T21:21:05.193+09:00,User,KeyEvent,108:76:0,hello,Editor,C:/Users/User/CLionProjects/hello/main.cpp,,16,7,Default task
2021-06-24T21:21:05.314+09:00,User,KeyEvent,101:69:0,hello,Editor,C:/Users/User/CLionProjects/hello/main.cpp,,16,8,Default task
2021-06-24T21:21:05.571+09:00,User,KeyEvent,65535:16:1,hello,Editor,C:/Users/User/CLionProjects/hello/main.cpp,,16,9,Default task
2021-06-24T21:21:05.778+09:00,User,KeyEvent,40:57:1,hello,Editor,C:/Users/User/CLionProjects/hello/main.cpp,,16,9,Default task
2021-06-24T21:21:06.178+09:00,User,KeyEvent,105:73:0,hello,Editor,C:/Users/User/CLionProjects/hello/main.cpp,,16,10,Default task
2021-06-24T21:21:06.282+09:00,User,KeyEvent,110:78:0,hello,Editor,C:/Users/User/CLionProjects/hello/main.cpp,,16,11,Default task
2021-06-24T21:21:06.411+09:00,User,KeyEvent,112:80:0,hello,Editor,C:/Users/User/CLionProjects/hello/main.cpp,,16,12,Default task
2021-06-24T21:21:06.626+09:00,User,KeyEvent,117:85:0,hello,Editor,C:/Users/User/CLionProjects/hello/main.cpp,,16,13,Default task
2021-06-24T21:21:06.763+09:00,User,KeyEvent,116:84:0,hello,Editor,C:/Users/User/CLionProjects/hello/main.cpp,,16,14,Default task
2021-06-24T21:21:07.548+09:00,User,KeyEvent,32:32:0,hello,Editor,C:/Users/User/CLionProjects/hello/main.cpp,,16,15,Default task
2021-06-24T21:21:07.820+09:00,User,KeyEvent,65535:16:1,hello,Editor,C:/Users/User/CLionProjects/hello/main.cpp,,16,16,Default task
2021-06-24T21:21:07.946+09:00,User,KeyEvent,33:49:1,hello,Editor,C:/Users/User/CLionProjects/hello/main.cpp,,16,16,Default task
2021-06-24T21:21:08.284+09:00,User,KeyEvent,61:61:0,hello,Editor,C:/Users/User/CLionProjects/hello/main.cpp,,16,17,Default task
2021-06-24T21:21:08.386+09:00,User,KeyEvent,32:32:0,hello,Editor,C:/Users/User/CLionProjects/hello/main.cpp,,16,18,Default task
2021-06-24T21:21:08.658+09:00,User,KeyEvent,116:84:0,hello,Editor,C:/Users/User/CLionProjects/hello/main.cpp,,16,19,Default task
2021-06-24T21:21:08.778+09:00,User,KeyEvent,101:69:0,hello,Editor,C:/Users/User/CLionProjects/hello/main.cpp,,16,20,Default task
2021-06-24T21:21:08.891+09:00,User,KeyEvent,109:77:0,hello,Editor,C:/Users/User/CLionProjects/hello/main.cpp,,16,21,Default task
2021-06-24T21:21:08.964+09:00,User,KeyEvent,112:80:0,hello,Editor,C:/Users/User/CLionProjects/hello/main.cpp,,16,22,Default task
2021-06-24T21:21:10.395+09:00,User,Action,EditorLeft,hello,Editor,C:/Users/User/CLionProjects/hello/main.cpp,,16,23,Default task
2021-06-24T21:21:10.406+09:00,User,KeyEvent,65535:37:0,hello,Editor,C:/Users/User/CLionProjects/hello/main.cpp,,16,22,Default task
2021-06-24T21:21:10.546+09:00,User,Action,EditorLeft,hello,Editor,C:/Users/User/CLionProjects/hello/main.cpp,,16,22,Default task
2021-06-24T21:21:10.552+09:00,User,KeyEvent,65535:37:0,hello,Editor,C:/Users/User/CLionProjects/hello/main.cpp,,16,21,Default task
2021-06-24T21:21:11.051+09:00,User,Action,EditorLeft,hello,Editor,C:/Users/User/CLionProjects/hello/main.cpp,,16,21,Default task
2021-06-24T21:21:11.055+09:00,User,KeyEvent,65535:37:0,hello,Editor,C:/Users/User/CLionProjects/hello/main.cpp,,16,20,Default task
2021-06-24T21:21:11.081+09:00,User,Action,EditorLeft,hello,Editor,C:/Users/User/CLionProjects/hello/main.cpp,,16,20,Default task
2021-06-24T21:21:11.082+09:00,User,KeyEvent,65535:37:0,hello,Editor,C:/Users/User/CLionProjects/hello/main.cpp,,16,19,Default task
2021-06-24T21:21:11.127+09:00,User,Action,EditorLeft,hello,Editor,C:/Users/User/CLionProjects/hello/main.cpp,,16,19,Default task
2021-06-24T21:21:11.133+09:00,User,KeyEvent,65535:37:0,hello,Editor,C:/Users/User/CLionProjects/hello/main.cpp,,16,18,Default task
2021-06-24T21:21:11.157+09:00,User,Action,EditorLeft,hello,Editor,C:/Users/User/CLionProjects/hello/main.cpp,,16,18,Default task
2021-06-24T21:21:11.158+09:00,User,KeyEvent,65535:37:0,hello,Editor,C:/Users/User/CLionProjects/hello/main.cpp,,16,17,Default task
2021-06-24T21:21:11.188+09:00,User,Action,EditorLeft,hello,Editor,C:/Users/User/CLionProjects/hello/main.cpp,,16,17,Default task
2021-06-24T21:21:11.189+09:00,User,KeyEvent,65535:37:0,hello,Editor,C:/Users/User/CLionProjects/hello/main.cpp,,16,16,Default task
2021-06-24T21:21:11.219+09:00,User,Action,EditorLeft,hello,Editor,C:/Users/User/CLionProjects/hello/main.cpp,,16,16,Default task
2021-06-24T21:21:11.219+09:00,User,KeyEvent,65535:37:0,hello,Editor,C:/Users/User/CLionProjects/hello/main.cpp,,16,15,Default task
2021-06-24T21:21:11.249+09:00,User,Action,EditorLeft,hello,Editor,C:/Users/User/CLionProjects/hello/main.cpp,,16,15,Default task
2021-06-24T21:21:11.250+09:00,User,KeyEvent,65535:37:0,hello,Editor,C:/Users/User/CLionProjects/hello/main.cpp,,16,14,Default task
2021-06-24T21:21:11.280+09:00,User,Action,EditorLeft,hello,Editor,C:/Users/User/CLionProjects/hello/main.cpp,,16,14,Default task
2021-06-24T21:21:11.282+09:00,User,KeyEvent,65535:37:0,hello,Editor,C:/Users/User/CLionProjects/hello/main.cpp,,16,13,Default task
2021-06-24T21:21:11.326+09:00,User,Action,EditorLeft,hello,Editor,C:/Users/User/CLionProjects/hello/main.cpp,,16,13,Default task
2021-06-24T21:21:11.327+09:00,User,KeyEvent,65535:37:0,hello,Editor,C:/Users/User/CLionProjects/hello/main.cpp,,16,12,Default task
2021-06-24T21:21:11.595+09:00,User,Action,EditorLeft,hello,Editor,C:/Users/User/CLionProjects/hello/main.cpp,,16,12,Default task
2021-06-24T21:21:11.596+09:00,User,KeyEvent,65535:37:0,hello,Editor,C:/Users/User/CLionProjects/hello/main.cpp,,16,11,Default task
2021-06-24T21:21:11.756+09:00,User,Action,EditorLeft,hello,Editor,C:/Users/User/CLionProjects/hello/main.cpp,,16,11,Default task
2021-06-24T21:21:11.757+09:00,User,KeyEvent,65535:37:0,hello,Editor,C:/Users/User/CLionProjects/hello/main.cpp,,16,10,Default task
2021-06-24T21:21:12.347+09:00,User,KeyEvent,65535:16:1,hello,Editor,C:/Users/User/CLionProjects/hello/main.cpp,,16,10,Default task
2021-06-24T21:21:12.852+09:00,User,KeyEvent,65535:16:1,hello,Editor,C:/Users/User/CLionProjects/hello/main.cpp,,16,10,Default task
2021-06-24T21:21:12.881+09:00,User,KeyEvent,65535:16:1,hello,Editor,C:/Users/User/CLionProjects/hello/main.cpp,,16,10,Default task
2021-06-24T21:21:12.913+09:00,User,KeyEvent,65535:16:1,hello,Editor,C:/Users/User/CLionProjects/hello/main.cpp,,16,10,Default task
2021-06-24T21:21:13.259+09:00,User,KeyEvent,65535:16:1,hello,Editor,C:/Users/User/CLionProjects/hello/main.cpp,,16,10,Default task
2021-06-24T21:21:13.427+09:00,User,KeyEvent,40:57:1,hello,Editor,C:/Users/User/CLionProjects/hello/main.cpp,,16,10,Default task
2021-06-24T21:21:13.947+09:00,User,Action,EditorRight,hello,Editor,C:/Users/User/CLionProjects/hello/main.cpp,,16,11,Default task
2021-06-24T21:21:13.949+09:00,User,KeyEvent,65535:39:0,hello,Editor,C:/Users/User/CLionProjects/hello/main.cpp,,16,12,Default task
2021-06-24T21:21:14.447+09:00,User,Action,EditorRight,hello,Editor,C:/Users/User/CLionProjects/hello/main.cpp,,16,12,Default task
2021-06-24T21:21:14.447+09:00,User,KeyEvent,65535:39:0,hello,Editor,C:/Users/User/CLionProjects/hello/main.cpp,,16,13,Default task
2021-06-24T21:21:14.494+09:00,User,Action,EditorRight,hello,Editor,C:/Users/User/CLionProjects/hello/main.cpp,,16,13,Default task
2021-06-24T21:21:14.495+09:00,User,KeyEvent,65535:39:0,hello,Editor,C:/Users/User/CLionProjects/hello/main.cpp,,16,14,Default task
2021-06-24T21:21:14.524+09:00,User,Action,EditorRight,hello,Editor,C:/Users/User/CLionProjects/hello/main.cpp,,16,14,Default task
2021-06-24T21:21:14.526+09:00,User,KeyEvent,65535:39:0,hello,Editor,C:/Users/User/CLionProjects/hello/main.cpp,,16,15,Default task
2021-06-24T21:21:14.557+09:00,User,Action,EditorRight,hello,Editor,C:/Users/User/CLionProjects/hello/main.cpp,,16,15,Default task
2021-06-24T21:21:14.559+09:00,User,KeyEvent,65535:39:0,hello,Editor,C:/Users/User/CLionProjects/hello/main.cpp,,16,16,Default task
2021-06-24T21:21:14.587+09:00,User,Action,EditorRight,hello,Editor,C:/Users/User/CLionProjects/hello/main.cpp,,16,16,Default task
2021-06-24T21:21:14.589+09:00,User,KeyEvent,65535:39:0,hello,Editor,C:/Users/User/CLionProjects/hello/main.cpp,,16,17,Default task
2021-06-24T21:21:14.621+09:00,User,Action,EditorRight,hello,Editor,C:/Users/User/CLionProjects/hello/main.cpp,,16,17,Default task
2021-06-24T21:21:14.622+09:00,User,KeyEvent,65535:39:0,hello,Editor,C:/Users/User/CLionProjects/hello/main.cpp,,16,18,Default task
2021-06-24T21:21:14.648+09:00,User,Action,EditorRight,hello,Editor,C:/Users/User/CLionProjects/hello/main.cpp,,16,18,Default task
2021-06-24T21:21:14.649+09:00,User,KeyEvent,65535:39:0,hello,Editor,C:/Users/User/CLionProjects/hello/main.cpp,,16,19,Default task
2021-06-24T21:21:14.681+09:00,User,Action,EditorRight,hello,Editor,C:/Users/User/CLionProjects/hello/main.cpp,,16,19,Default task
2021-06-24T21:21:14.682+09:00,User,KeyEvent,65535:39:0,hello,Editor,C:/Users/User/CLionProjects/hello/main.cpp,,16,20,Default task
2021-06-24T21:21:14.725+09:00,User,Action,EditorRight,hello,Editor,C:/Users/User/CLionProjects/hello/main.cpp,,16,20,Default task
2021-06-24T21:21:14.727+09:00,User,KeyEvent,65535:39:0,hello,Editor,C:/Users/User/CLionProjects/hello/main.cpp,,16,21,Default task
2021-06-24T21:21:14.754+09:00,User,Action,EditorRight,hello,Editor,C:/Users/User/CLionProjects/hello/main.cpp,,16,21,Default task
2021-06-24T21:21:14.755+09:00,User,KeyEvent,65535:39:0,hello,Editor,C:/Users/User/CLionProjects/hello/main.cpp,,16,22,Default task
2021-06-24T21:21:14.789+09:00,User,Action,EditorRight,hello,Editor,C:/Users/User/CLionProjects/hello/main.cpp,,16,22,Default task
2021-06-24T21:21:14.790+09:00,User,KeyEvent,65535:39:0,hello,Editor,C:/Users/User/CLionProjects/hello/main.cpp,,16,23,Default task
2021-06-24T21:21:15.066+09:00,User,Action,EditorRight,hello,Editor,C:/Users/User/CLionProjects/hello/main.cpp,,16,23,Default task
2021-06-24T21:21:15.067+09:00,User,KeyEvent,65535:39:0,hello,Editor,C:/Users/User/CLionProjects/hello/main.cpp,,16,24,Default task
2021-06-24T21:21:16.123+09:00,User,KeyEvent,65535:16:1,hello,Editor,C:/Users/User/CLionProjects/hello/main.cpp,,16,24,Default task
2021-06-24T21:21:16.315+09:00,User,KeyEvent,41:48:1,hello,Editor,C:/Users/User/CLionProjects/hello/main.cpp,,16,24,Default task
2021-06-24T21:21:16.682+09:00,User,KeyEvent,32:32:0,hello,Editor,C:/Users/User/CLionProjects/hello/main.cpp,,16,25,Default task
2021-06-24T21:21:17.476+09:00,User,KeyEvent,65535:16:1,hello,Editor,C:/Users/User/CLionProjects/hello/main.cpp,,16,26,Default task
2021-06-24T21:21:17.642+09:00,User,KeyEvent,124:92:1,hello,Editor,C:/Users/User/CLionProjects/hello/main.cpp,,16,26,Default task
2021-06-24T21:21:17.794+09:00,User,KeyEvent,124:92:1,hello,Editor,C:/Users/User/CLionProjects/hello/main.cpp,,16,27,Default task
2021-06-24T21:21:18.459+09:00,User,KeyEvent,32:32:0,hello,Editor,C:/Users/User/CLionProjects/hello/main.cpp,,16,28,Default task
2021-06-24T21:21:19.324+09:00,User,KeyEvent,65535:16:1,hello,Editor,C:/Users/User/CLionProjects/hello/main.cpp,,16,29,Default task
2021-06-24T21:21:19.443+09:00,User,KeyEvent,40:57:1,hello,Editor,C:/Users/User/CLionProjects/hello/main.cpp,,16,29,Default task
2021-06-24T21:21:19.722+09:00,User,KeyEvent,99:67:0,hello,Editor,C:/Users/User/CLionProjects/hello/main.cpp,,16,30,Default task
2021-06-24T21:21:19.858+09:00,User,KeyEvent,121:89:0,hello,Editor,C:/Users/User/CLionProjects/hello/main.cpp,,16,31,Default task
2021-06-24T21:21:20.010+09:00,User,KeyEvent,99:67:0,hello,Editor,C:/Users/User/CLionProjects/hello/main.cpp,,16,32,Default task
2021-06-24T21:21:20.122+09:00,User,KeyEvent,108:76:0,hello,Editor,C:/Users/User/CLionProjects/hello/main.cpp,,16,33,Default task
2021-06-24T21:21:20.250+09:00,User,KeyEvent,101:69:0,hello,Editor,C:/Users/User/CLionProjects/hello/main.cpp,,16,34,Default task
2021-06-24T21:21:21.258+09:00,User,KeyEvent,32:32:0,hello,Editor,C:/Users/User/CLionProjects/hello/main.cpp,,16,35,Default task
2021-06-24T21:21:21.474+09:00,User,KeyEvent,61:61:0,hello,Editor,C:/Users/User/CLionProjects/hello/main.cpp,,16,36,Default task
2021-06-24T21:21:21.594+09:00,User,KeyEvent,61:61:0,hello,Editor,C:/Users/User/CLionProjects/hello/main.cpp,,16,37,Default task
2021-06-24T21:21:21.755+09:00,User,KeyEvent,32:32:0,hello,Editor,C:/Users/User/CLionProjects/hello/main.cpp,,16,38,Default task
2021-06-24T21:21:22.004+09:00,User,KeyEvent,48:48:0,hello,Editor,C:/Users/User/CLionProjects/hello/main.cpp,,16,39,Default task
2021-06-24T21:21:22.555+09:00,User,KeyEvent,65535:16:1,hello,Editor,C:/Users/User/CLionProjects/hello/main.cpp,,16,40,Default task
2021-06-24T21:21:22.692+09:00,User,KeyEvent,41:48:1,hello,Editor,C:/Users/User/CLionProjects/hello/main.cpp,,16,40,Default task
2021-06-24T21:21:22.843+09:00,User,KeyEvent,41:48:1,hello,Editor,C:/Users/User/CLionProjects/hello/main.cpp,,16,41,Default task
2021-06-24T21:21:24.906+09:00,User,Action,EditorLeft,hello,Editor,C:/Users/User/CLionProjects/hello/main.cpp,,16,42,Default task
2021-06-24T21:21:24.907+09:00,User,KeyEvent,65535:37:0,hello,Editor,C:/Users/User/CLionProjects/hello/main.cpp,,16,41,Default task
2021-06-24T21:21:25.035+09:00,User,Action,EditorLeft,hello,Editor,C:/Users/User/CLionProjects/hello/main.cpp,,16,41,Default task
2021-06-24T21:21:25.037+09:00,User,KeyEvent,65535:37:0,hello,Editor,C:/Users/User/CLionProjects/hello/main.cpp,,16,40,Default task
2021-06-24T21:21:25.147+09:00,User,Action,EditorLeft,hello,Editor,C:/Users/User/CLionProjects/hello/main.cpp,,16,40,Default task
2021-06-24T21:21:25.148+09:00,User,KeyEvent,65535:37:0,hello,Editor,C:/Users/User/CLionProjects/hello/main.cpp,,16,39,Default task
2021-06-24T21:21:25.282+09:00,User,Action,EditorLeft,hello,Editor,C:/Users/User/CLionProjects/hello/main.cpp,,16,39,Default task
2021-06-24T21:21:25.282+09:00,User,KeyEvent,65535:37:0,hello,Editor,C:/Users/User/CLionProjects/hello/main.cpp,,16,38,Default task
2021-06-24T21:21:25.403+09:00,User,Action,EditorLeft,hello,Editor,C:/Users/User/CLionProjects/hello/main.cpp,,16,38,Default task
2021-06-24T21:21:25.405+09:00,User,KeyEvent,65535:37:0,hello,Editor,C:/Users/User/CLionProjects/hello/main.cpp,,16,37,Default task
2021-06-24T21:21:25.547+09:00,User,Action,EditorLeft,hello,Editor,C:/Users/User/CLionProjects/hello/main.cpp,,16,37,Default task
2021-06-24T21:21:25.548+09:00,User,KeyEvent,65535:37:0,hello,Editor,C:/Users/User/CLionProjects/hello/main.cpp,,16,36,Default task
2021-06-24T21:21:25.683+09:00,User,Action,EditorLeft,hello,Editor,C:/Users/User/CLionProjects/hello/main.cpp,,16,36,Default task
2021-06-24T21:21:25.685+09:00,User,KeyEvent,65535:37:0,hello,Editor,C:/Users/User/CLionProjects/hello/main.cpp,,16,35,Default task
2021-06-24T21:21:26.075+09:00,User,Action,EditorBackSpace,hello,Editor,C:/Users/User/CLionProjects/hello/main.cpp,,16,35,Default task
2021-06-24T21:21:26.078+09:00,User,KeyEvent,8:8:0,hello,Editor,C:/Users/User/CLionProjects/hello/main.cpp,,16,34,Default task
2021-06-24T21:21:26.202+09:00,User,Action,EditorBackSpace,hello,Editor,C:/Users/User/CLionProjects/hello/main.cpp,,16,34,Default task
2021-06-24T21:21:26.214+09:00,User,KeyEvent,8:8:0,hello,Editor,C:/Users/User/CLionProjects/hello/main.cpp,,16,33,Default task
2021-06-24T21:21:26.346+09:00,User,Action,EditorBackSpace,hello,Editor,C:/Users/User/CLionProjects/hello/main.cpp,,16,33,Default task
2021-06-24T21:21:26.349+09:00,User,KeyEvent,8:8:0,hello,Editor,C:/Users/User/CLionProjects/hello/main.cpp,,16,32,Default task
2021-06-24T21:21:26.466+09:00,User,Action,EditorBackSpace,hello,Editor,C:/Users/User/CLionProjects/hello/main.cpp,,16,32,Default task
2021-06-24T21:21:26.468+09:00,User,KeyEvent,8:8:0,hello,Editor,C:/Users/User/CLionProjects/hello/main.cpp,,16,31,Default task
2021-06-24T21:21:26.586+09:00,User,Action,EditorBackSpace,hello,Editor,C:/Users/User/CLionProjects/hello/main.cpp,,16,31,Default task
2021-06-24T21:21:26.588+09:00,User,KeyEvent,8:8:0,hello,Editor,C:/Users/User/CLionProjects/hello/main.cpp,,16,30,Default task
2021-06-24T21:21:30.933+09:00,User,KeyEvent,99:67:0,hello,Editor,C:/Users/User/CLionProjects/hello/main.cpp,,16,30,Default task
2021-06-24T21:21:36.908+09:00,User,Action,EditorBackSpace,hello,Editor,C:/Users/User/CLionProjects/hello/main.cpp,,16,31,Default task
2021-06-24T21:21:36.928+09:00,User,KeyEvent,8:8:0,hello,Editor,C:/Users/User/CLionProjects/hello/main.cpp,,16,30,Default task
2021-06-24T21:21:38.292+09:00,User,Action,EditorUp,hello,Editor,C:/Users/User/CLionProjects/hello/main.cpp,,16,30,Default task
2021-06-24T21:21:38.293+09:00,User,KeyEvent,65535:38:0,hello,Editor,C:/Users/User/CLionProjects/hello/main.cpp,,15,4,Default task
2021-06-24T21:21:38.435+09:00,User,Action,EditorUp,hello,Editor,C:/Users/User/CLionProjects/hello/main.cpp,,15,4,Default task
2021-06-24T21:21:38.437+09:00,User,KeyEvent,65535:38:0,hello,Editor,C:/Users/User/CLionProjects/hello/main.cpp,,14,17,Default task
2021-06-24T21:21:38.579+09:00,User,Action,EditorUp,hello,Editor,C:/Users/User/CLionProjects/hello/main.cpp,,14,17,Default task
2021-06-24T21:21:38.579+09:00,User,KeyEvent,65535:38:0,hello,Editor,C:/Users/User/CLionProjects/hello/main.cpp,,13,17,Default task
2021-06-24T21:21:38.747+09:00,User,Action,EditorUp,hello,Editor,C:/Users/User/CLionProjects/hello/main.cpp,,13,17,Default task
2021-06-24T21:21:38.747+09:00,User,KeyEvent,65535:38:0,hello,Editor,C:/Users/User/CLionProjects/hello/main.cpp,,12,4,Default task
2021-06-24T21:21:38.890+09:00,User,Action,EditorUp,hello,Editor,C:/Users/User/CLionProjects/hello/main.cpp,,12,4,Default task
2021-06-24T21:21:38.891+09:00,User,KeyEvent,65535:38:0,hello,Editor,C:/Users/User/CLionProjects/hello/main.cpp,,11,16,Default task
2021-06-24T21:21:39.763+09:00,User,Action,EditorUp,hello,Editor,C:/Users/User/CLionProjects/hello/main.cpp,,11,16,Default task
2021-06-24T21:21:39.764+09:00,User,KeyEvent,65535:38:0,hello,Editor,C:/Users/User/CLionProjects/hello/main.cpp,,10,16,Default task
2021-06-24T21:21:39.923+09:00,User,Action,EditorUp,hello,Editor,C:/Users/User/CLionProjects/hello/main.cpp,,10,16,Default task
2021-06-24T21:21:39.925+09:00,User,KeyEvent,65535:38:0,hello,Editor,C:/Users/User/CLionProjects/hello/main.cpp,,9,4,Default task
2021-06-24T21:21:40.099+09:00,User,Action,EditorUp,hello,Editor,C:/Users/User/CLionProjects/hello/main.cpp,,9,4,Default task
2021-06-24T21:21:40.099+09:00,User,KeyEvent,65535:38:0,hello,Editor,C:/Users/User/CLionProjects/hello/main.cpp,,8,13,Default task
2021-06-24T21:21:40.764+09:00,User,Action,EditorLeft,hello,Editor,C:/Users/User/CLionProjects/hello/main.cpp,,8,13,Default task
2021-06-24T21:21:40.765+09:00,User,KeyEvent,65535:37:0,hello,Editor,C:/Users/User/CLionProjects/hello/main.cpp,,8,12,Default task
2021-06-24T21:21:41.264+09:00,User,Action,EditorLeft,hello,Editor,C:/Users/User/CLionProjects/hello/main.cpp,,8,12,Default task
2021-06-24T21:21:41.265+09:00,User,KeyEvent,65535:37:0,hello,Editor,C:/Users/User/CLionProjects/hello/main.cpp,,8,11,Default task
2021-06-24T21:21:41.312+09:00,User,Action,EditorLeft,hello,Editor,C:/Users/User/CLionProjects/hello/main.cpp,,8,11,Default task
2021-06-24T21:21:41.313+09:00,User,KeyEvent,65535:37:0,hello,Editor,C:/Users/User/CLionProjects/hello/main.cpp,,8,10,Default task
2021-06-24T21:21:41.343+09:00,User,Action,EditorLeft,hello,Editor,C:/Users/User/CLionProjects/hello/main.cpp,,8,10,Default task
2021-06-24T21:21:41.344+09:00,User,KeyEvent,65535:37:0,hello,Editor,C:/Users/User/CLionProjects/hello/main.cpp,,8,9,Default task
2021-06-24T21:21:41.375+09:00,User,Action,EditorLeft,hello,Editor,C:/Users/User/CLionProjects/hello/main.cpp,,8,9,Default task
2021-06-24T21:21:41.376+09:00,User,KeyEvent,65535:37:0,hello,Editor,C:/Users/User/CLionProjects/hello/main.cpp,,8,8,Default task
2021-06-24T21:21:41.556+09:00,User,Action,EditorLeft,hello,Editor,C:/Users/User/CLionProjects/hello/main.cpp,,8,8,Default task
2021-06-24T21:21:41.557+09:00,User,KeyEvent,65535:37:0,hello,Editor,C:/Users/User/CLionProjects/hello/main.cpp,,8,7,Default task
2021-06-24T21:21:41.722+09:00,User,Action,EditorLeft,hello,Editor,C:/Users/User/CLionProjects/hello/main.cpp,,8,7,Default task
2021-06-24T21:21:41.723+09:00,User,KeyEvent,65535:37:0,hello,Editor,C:/Users/User/CLionProjects/hello/main.cpp,,8,6,Default task
2021-06-24T21:21:41.876+09:00,User,Action,EditorLeft,hello,Editor,C:/Users/User/CLionProjects/hello/main.cpp,,8,6,Default task
2021-06-24T21:21:41.877+09:00,User,KeyEvent,65535:37:0,hello,Editor,C:/Users/User/CLionProjects/hello/main.cpp,,8,5,Default task
2021-06-24T21:21:42.067+09:00,User,Action,EditorLeft,hello,Editor,C:/Users/User/CLionProjects/hello/main.cpp,,8,5,Default task
2021-06-24T21:21:42.068+09:00,User,KeyEvent,65535:37:0,hello,Editor,C:/Users/User/CLionProjects/hello/main.cpp,,8,4,Default task
2021-06-24T21:21:42.371+09:00,User,Action,EditorEnter,hello,Editor,C:/Users/User/CLionProjects/hello/main.cpp,,8,4,Default task
2021-06-24T21:21:42.373+09:00,User,KeyEvent,10:10:0,hello,Editor,C:/Users/User/CLionProjects/hello/main.cpp,,9,4,Default task
2021-06-24T21:21:42.563+09:00,User,Action,EditorUp,hello,Editor,C:/Users/User/CLionProjects/hello/main.cpp,,9,4,Default task
2021-06-24T21:21:42.565+09:00,User,KeyEvent,65535:38:0,hello,Editor,C:/Users/User/CLionProjects/hello/main.cpp,,8,4,Default task
2021-06-24T21:21:43.347+09:00,User,KeyEvent,105:73:0,hello,Editor,C:/Users/User/CLionProjects/hello/main.cpp,,8,4,Default task
2021-06-24T21:21:43.425+09:00,User,KeyEvent,110:78:0,hello,Editor,C:/Users/User/CLionProjects/hello/main.cpp,,8,5,Default task
2021-06-24T21:21:43.515+09:00,User,KeyEvent,116:84:0,hello,Editor,C:/Users/User/CLionProjects/hello/main.cpp,,8,6,Default task
2021-06-24T21:21:43.603+09:00,User,KeyEvent,32:32:0,hello,Editor,C:/Users/User/CLionProjects/hello/main.cpp,,8,7,Default task
2021-06-24T21:21:43.739+09:00,User,KeyEvent,120:88:0,hello,Editor,C:/Users/User/CLionProjects/hello/main.cpp,,8,8,Default task
2021-06-24T21:21:43.818+09:00,User,KeyEvent,121:89:0,hello,Editor,C:/Users/User/CLionProjects/hello/main.cpp,,8,9,Default task
2021-06-24T21:21:44.379+09:00,User,Action,EditorBackSpace,hello,Editor,C:/Users/User/CLionProjects/hello/main.cpp,,8,10,Default task
2021-06-24T21:21:44.381+09:00,User,KeyEvent,8:8:0,hello,Editor,C:/Users/User/CLionProjects/hello/main.cpp,,8,9,Default task
2021-06-24T21:21:44.489+09:00,User,Action,EditorBackSpace,hello,Editor,C:/Users/User/CLionProjects/hello/main.cpp,,8,9,Default task
2021-06-24T21:21:44.490+09:00,User,KeyEvent,8:8:0,hello,Editor,C:/Users/User/CLionProjects/hello/main.cpp,,8,8,Default task
2021-06-24T21:21:44.650+09:00,User,KeyEvent,99:67:0,hello,Editor,C:/Users/User/CLionProjects/hello/main.cpp,,8,8,Default task
2021-06-24T21:21:44.725+09:00,User,KeyEvent,121:89:0,hello,Editor,C:/Users/User/CLionProjects/hello/main.cpp,,8,9,Default task
2021-06-24T21:21:45.012+09:00,User,KeyEvent,99:67:0,hello,Editor,C:/Users/User/CLionProjects/hello/main.cpp,,8,10,Default task
2021-06-24T21:21:45.057+09:00,User,KeyEvent,108:76:0,hello,Editor,C:/Users/User/CLionProjects/hello/main.cpp,,8,11,Default task
2021-06-24T21:21:45.348+09:00,User,KeyEvent,32:32:0,hello,Editor,C:/Users/User/CLionProjects/hello/main.cpp,,8,12,Default task
2021-06-24T21:21:45.714+09:00,User,Action,EditorBackSpace,hello,Editor,C:/Users/User/CLionProjects/hello/main.cpp,,8,13,Default task
2021-06-24T21:21:45.723+09:00,User,KeyEvent,8:8:0,hello,Editor,C:/Users/User/CLionProjects/hello/main.cpp,,8,12,Default task
2021-06-24T21:21:45.818+09:00,User,KeyEvent,101:69:0,hello,Editor,C:/Users/User/CLionProjects/hello/main.cpp,,8,12,Default task
2021-06-24T21:21:46.010+09:00,User,KeyEvent,32:32:0,hello,Editor,C:/Users/User/CLionProjects/hello/main.cpp,,8,13,Default task
2021-06-24T21:21:46.084+09:00,User,KeyEvent,61:61:0,hello,Editor,C:/Users/User/CLionProjects/hello/main.cpp,,8,14,Default task
2021-06-24T21:21:46.187+09:00,User,KeyEvent,32:32:0,hello,Editor,C:/Users/User/CLionProjects/hello/main.cpp,,8,15,Default task
2021-06-24T21:21:46.290+09:00,User,KeyEvent,48:48:0,hello,Editor,C:/Users/User/CLionProjects/hello/main.cpp,,8,16,Default task
2021-06-24T21:21:46.650+09:00,User,Action,EditorBackSpace,hello,Editor,C:/Users/User/CLionProjects/hello/main.cpp,,8,17,Default task
2021-06-24T21:21:46.652+09:00,User,KeyEvent,8:8:0,hello,Editor,C:/Users/User/CLionProjects/hello/main.cpp,,8,16,Default task
2021-06-24T21:21:46.778+09:00,User,Action,EditorBackSpace,hello,Editor,C:/Users/User/CLionProjects/hello/main.cpp,,8,16,Default task
2021-06-24T21:21:46.779+09:00,User,KeyEvent,8:8:0,hello,Editor,C:/Users/User/CLionProjects/hello/main.cpp,,8,15,Default task
2021-06-24T21:21:46.892+09:00,User,Action,EditorBackSpace,hello,Editor,C:/Users/User/CLionProjects/hello/main.cpp,,8,15,Default task
2021-06-24T21:21:46.894+09:00,User,KeyEvent,8:8:0,hello,Editor,C:/Users/User/CLionProjects/hello/main.cpp,,8,14,Default task
2021-06-24T21:21:47.418+09:00,User,KeyEvent,61:61:0,hello,Editor,C:/Users/User/CLionProjects/hello/main.cpp,,8,14,Default task
2021-06-24T21:21:47.506+09:00,User,KeyEvent,32:32:0,hello,Editor,C:/Users/User/CLionProjects/hello/main.cpp,,8,15,Default task
2021-06-24T21:21:47.618+09:00,User,KeyEvent,57:57:0,hello,Editor,C:/Users/User/CLionProjects/hello/main.cpp,,8,16,Default task
2021-06-24T21:21:48.467+09:00,User,Action,EditorBackSpace,hello,Editor,C:/Users/User/CLionProjects/hello/main.cpp,,8,17,Default task
2021-06-24T21:21:48.470+09:00,User,KeyEvent,8:8:0,hello,Editor,C:/Users/User/CLionProjects/hello/main.cpp,,8,16,Default task
2021-06-24T21:21:48.747+09:00,User,KeyEvent,48:48:0,hello,Editor,C:/Users/User/CLionProjects/hello/main.cpp,,8,16,Default task
2021-06-24T21:21:49.283+09:00,User,KeyEvent,59:59:0,hello,Editor,C:/Users/User/CLionProjects/hello/main.cpp,,8,17,Default task
2021-06-24T21:21:49.899+09:00,User,Action,EditorDown,hello,Editor,C:/Users/User/CLionProjects/hello/main.cpp,,8,18,Default task
2021-06-24T21:21:49.899+09:00,User,KeyEvent,65535:40:0,hello,Editor,C:/Users/User/CLionProjects/hello/main.cpp,,9,13,Default task
2021-06-24T21:21:50.035+09:00,User,Action,EditorDown,hello,Editor,C:/Users/User/CLionProjects/hello/main.cpp,,9,13,Default task
2021-06-24T21:21:50.037+09:00,User,KeyEvent,65535:40:0,hello,Editor,C:/Users/User/CLionProjects/hello/main.cpp,,10,4,Default task
2021-06-24T21:21:50.544+09:00,User,Action,EditorDown,hello,Editor,C:/Users/User/CLionProjects/hello/main.cpp,,10,4,Default task
2021-06-24T21:21:50.545+09:00,User,KeyEvent,65535:40:0,hello,Editor,C:/Users/User/CLionProjects/hello/main.cpp,,11,16,Default task
2021-06-24T21:21:50.574+09:00,User,Action,EditorDown,hello,Editor,C:/Users/User/CLionProjects/hello/main.cpp,,11,16,Default task
2021-06-24T21:21:50.576+09:00,User,KeyEvent,65535:40:0,hello,Editor,C:/Users/User/CLionProjects/hello/main.cpp,,12,16,Default task
2021-06-24T21:21:50.605+09:00,User,Action,EditorDown,hello,Editor,C:/Users/User/CLionProjects/hello/main.cpp,,12,16,Default task
2021-06-24T21:21:50.606+09:00,User,KeyEvent,65535:40:0,hello,Editor,C:/Users/User/CLionProjects/hello/main.cpp,,13,4,Default task
2021-06-24T21:21:50.636+09:00,User,Action,EditorDown,hello,Editor,C:/Users/User/CLionProjects/hello/main.cpp,,13,4,Default task
2021-06-24T21:21:50.637+09:00,User,KeyEvent,65535:40:0,hello,Editor,C:/Users/User/CLionProjects/hello/main.cpp,,14,17,Default task
2021-06-24T21:21:50.682+09:00,User,Action,EditorDown,hello,Editor,C:/Users/User/CLionProjects/hello/main.cpp,,14,17,Default task
2021-06-24T21:21:50.684+09:00,User,KeyEvent,65535:40:0,hello,Editor,C:/Users/User/CLionProjects/hello/main.cpp,,15,17,Default task
2021-06-24T21:21:50.712+09:00,User,Action,EditorDown,hello,Editor,C:/Users/User/CLionProjects/hello/main.cpp,,15,17,Default task
2021-06-24T21:21:50.712+09:00,User,KeyEvent,65535:40:0,hello,Editor,C:/Users/User/CLionProjects/hello/main.cpp,,16,4,Default task
2021-06-24T21:21:51.011+09:00,User,Action,EditorDown,hello,Editor,C:/Users/User/CLionProjects/hello/main.cpp,,16,4,Default task
2021-06-24T21:21:51.013+09:00,User,KeyEvent,65535:40:0,hello,Editor,C:/Users/User/CLionProjects/hello/main.cpp,,17,18,Default task
2021-06-24T21:21:51.268+09:00,User,Action,EditorLeft,hello,Editor,C:/Users/User/CLionProjects/hello/main.cpp,,17,18,Default task
2021-06-24T21:21:51.269+09:00,User,KeyEvent,65535:37:0,hello,Editor,C:/Users/User/CLionProjects/hello/main.cpp,,17,17,Default task
2021-06-24T21:21:51.410+09:00,User,Action,EditorRight,hello,Editor,C:/Users/User/CLionProjects/hello/main.cpp,,17,17,Default task
2021-06-24T21:21:51.410+09:00,User,KeyEvent,65535:39:0,hello,Editor,C:/Users/User/CLionProjects/hello/main.cpp,,17,18,Default task
2021-06-24T21:21:51.914+09:00,User,Action,EditorRight,hello,Editor,C:/Users/User/CLionProjects/hello/main.cpp,,17,18,Default task
2021-06-24T21:21:51.915+09:00,User,KeyEvent,65535:39:0,hello,Editor,C:/Users/User/CLionProjects/hello/main.cpp,,17,19,Default task
2021-06-24T21:21:51.957+09:00,User,Action,EditorRight,hello,Editor,C:/Users/User/CLionProjects/hello/main.cpp,,17,19,Default task
2021-06-24T21:21:51.958+09:00,User,KeyEvent,65535:39:0,hello,Editor,C:/Users/User/CLionProjects/hello/main.cpp,,17,20,Default task
2021-06-24T21:21:51.989+09:00,User,Action,EditorRight,hello,Editor,C:/Users/User/CLionProjects/hello/main.cpp,,17,20,Default task
2021-06-24T21:21:51.989+09:00,User,KeyEvent,65535:39:0,hello,Editor,C:/Users/User/CLionProjects/hello/main.cpp,,17,21,Default task
2021-06-24T21:21:52.023+09:00,User,Action,EditorRight,hello,Editor,C:/Users/User/CLionProjects/hello/main.cpp,,17,21,Default task
2021-06-24T21:21:52.024+09:00,User,KeyEvent,65535:39:0,hello,Editor,C:/Users/User/CLionProjects/hello/main.cpp,,17,22,Default task
2021-06-24T21:21:52.050+09:00,User,Action,EditorRight,hello,Editor,C:/Users/User/CLionProjects/hello/main.cpp,,17,22,Default task
2021-06-24T21:21:52.050+09:00,User,KeyEvent,65535:39:0,hello,Editor,C:/Users/User/CLionProjects/hello/main.cpp,,17,23,Default task
2021-06-24T21:21:52.081+09:00,User,Action,EditorRight,hello,Editor,C:/Users/User/CLionProjects/hello/main.cpp,,17,23,Default task
2021-06-24T21:21:52.081+09:00,User,KeyEvent,65535:39:0,hello,Editor,C:/Users/User/CLionProjects/hello/main.cpp,,17,24,Default task
2021-06-24T21:21:52.112+09:00,User,Action,EditorRight,hello,Editor,C:/Users/User/CLionProjects/hello/main.cpp,,17,24,Default task
2021-06-24T21:21:52.113+09:00,User,KeyEvent,65535:39:0,hello,Editor,C:/Users/User/CLionProjects/hello/main.cpp,,17,25,Default task
2021-06-24T21:21:52.143+09:00,User,Action,EditorRight,hello,Editor,C:/Users/User/CLionProjects/hello/main.cpp,,17,25,Default task
2021-06-24T21:21:52.144+09:00,User,KeyEvent,65535:39:0,hello,Editor,C:/Users/User/CLionProjects/hello/main.cpp,,17,26,Default task
2021-06-24T21:21:52.189+09:00,User,Action,EditorRight,hello,Editor,C:/Users/User/CLionProjects/hello/main.cpp,,17,26,Default task
2021-06-24T21:21:52.190+09:00,User,KeyEvent,65535:39:0,hello,Editor,C:/Users/User/CLionProjects/hello/main.cpp,,17,27,Default task
2021-06-24T21:21:52.225+09:00,User,Action,EditorRight,hello,Editor,C:/Users/User/CLionProjects/hello/main.cpp,,17,27,Default task
2021-06-24T21:21:52.225+09:00,User,KeyEvent,65535:39:0,hello,Editor,C:/Users/User/CLionProjects/hello/main.cpp,,17,28,Default task
2021-06-24T21:21:52.507+09:00,User,Action,EditorRight,hello,Editor,C:/Users/User/CLionProjects/hello/main.cpp,,17,28,Default task
2021-06-24T21:21:52.509+09:00,User,KeyEvent,65535:39:0,hello,Editor,C:/Users/User/CLionProjects/hello/main.cpp,,17,29,Default task
2021-06-24T21:21:52.668+09:00,User,Action,EditorRight,hello,Editor,C:/Users/User/CLionProjects/hello/main.cpp,,17,29,Default task
2021-06-24T21:21:52.669+09:00,User,KeyEvent,65535:39:0,hello,Editor,C:/Users/User/CLionProjects/hello/main.cpp,,17,30,Default task
2021-06-24T21:21:52.922+09:00,User,Action,EditorRight,hello,Editor,C:/Users/User/CLionProjects/hello/main.cpp,,17,30,Default task
2021-06-24T21:21:52.922+09:00,User,KeyEvent,65535:39:0,hello,Editor,C:/Users/User/CLionProjects/hello/main.cpp,,17,31,Default task
2021-06-24T21:21:53.708+09:00,User,KeyEvent,99:67:0,hello,Editor,C:/Users/User/CLionProjects/hello/main.cpp,,17,31,Default task
2021-06-24T21:21:53.814+09:00,User,KeyEvent,121:89:0,hello,Editor,C:/Users/User/CLionProjects/hello/main.cpp,,17,32,Default task
2021-06-24T21:21:53.921+09:00,User,KeyEvent,99:67:0,hello,Editor,C:/Users/User/CLionProjects/hello/main.cpp,,17,33,Default task
2021-06-24T21:21:54.026+09:00,User,KeyEvent,108:76:0,hello,Editor,C:/Users/User/CLionProjects/hello/main.cpp,,17,34,Default task
2021-06-24T21:21:54.106+09:00,User,KeyEvent,101:69:0,hello,Editor,C:/Users/User/CLionProjects/hello/main.cpp,,17,35,Default task
2021-06-24T21:21:54.282+09:00,User,KeyEvent,32:32:0,hello,Editor,C:/Users/User/CLionProjects/hello/main.cpp,,17,36,Default task
2021-06-24T21:21:54.722+09:00,User,Action,EditorDown,hello,Editor,C:/Users/User/CLionProjects/hello/main.cpp,,17,37,Default task
2021-06-24T21:21:54.723+09:00,User,KeyEvent,65535:40:0,hello,Editor,C:/Users/User/CLionProjects/hello/main.cpp,,18,0,Default task
2021-06-24T21:21:55.228+09:00,User,Action,EditorUp,hello,Editor,C:/Users/User/CLionProjects/hello/main.cpp,,18,0,Default task
2021-06-24T21:21:55.229+09:00,User,KeyEvent,65535:38:0,hello,Editor,C:/Users/User/CLionProjects/hello/main.cpp,,17,37,Default task
2021-06-24T21:21:56.035+09:00,User,Action,EditorDown,hello,Editor,C:/Users/User/CLionProjects/hello/main.cpp,,17,37,Default task
2021-06-24T21:21:56.036+09:00,User,KeyEvent,65535:40:0,hello,Editor,C:/Users/User/CLionProjects/hello/main.cpp,,18,0,Default task
2021-06-24T21:21:56.131+09:00,User,Action,EditorLeft,hello,Editor,C:/Users/User/CLionProjects/hello/main.cpp,,18,0,Default task
2021-06-24T21:21:56.132+09:00,User,KeyEvent,65535:37:0,hello,Editor,C:/Users/User/CLionProjects/hello/main.cpp,,17,43,Default task
2021-06-24T21:21:57.051+09:00,User,Action,EditorEnter,hello,Editor,C:/Users/User/CLionProjects/hello/main.cpp,,17,43,Default task
2021-06-24T21:21:57.055+09:00,User,KeyEvent,10:10:0,hello,Editor,C:/Users/User/CLionProjects/hello/main.cpp,,18,8,Default task
2021-06-24T21:21:57.282+09:00,User,KeyEvent,65535:16:1,hello,Editor,C:/Users/User/CLionProjects/hello/main.cpp,,18,8,Default task
2021-06-24T21:21:57.482+09:00,User,KeyEvent,123:91:1,hello,Editor,C:/Users/User/CLionProjects/hello/main.cpp,,18,8,Default task
2021-06-24T21:21:57.651+09:00,User,Action,EditorEnter,hello,Editor,C:/Users/User/CLionProjects/hello/main.cpp,,18,5,Default task
2021-06-24T21:21:57.654+09:00,User,KeyEvent,10:10:0,hello,Editor,C:/Users/User/CLionProjects/hello/main.cpp,,19,8,Default task
2021-06-24T21:22:04.900+09:00,User,Action,EditorUp,hello,Editor,C:/Users/User/CLionProjects/hello/main.cpp,,19,8,Default task
2021-06-24T21:22:04.902+09:00,User,KeyEvent,65535:38:0,hello,Editor,C:/Users/User/CLionProjects/hello/main.cpp,,18,5,Default task
2021-06-24T21:22:05.219+09:00,User,Action,EditorDown,hello,Editor,C:/Users/User/CLionProjects/hello/main.cpp,,18,5,Default task
2021-06-24T21:22:05.220+09:00,User,KeyEvent,65535:40:0,hello,Editor,C:/Users/User/CLionProjects/hello/main.cpp,,19,8,Default task
2021-06-24T21:22:05.395+09:00,User,KeyEvent,27:27:0,hello,Editor,C:/Users/User/CLionProjects/hello/main.cpp,,19,8,Default task
2021-06-24T21:22:18.067+09:00,User,KeyEvent,100:68:0,hello,Editor,C:/Users/User/CLionProjects/hello/main.cpp,,19,8,Default task
2021-06-24T21:22:18.795+09:00,User,Action,EditorBackSpace,hello,Editor,C:/Users/User/CLionProjects/hello/main.cpp,,19,9,Default task
2021-06-24T21:22:18.812+09:00,User,KeyEvent,8:8:0,hello,Editor,C:/Users/User/CLionProjects/hello/main.cpp,,19,8,Default task
2021-06-24T21:22:18.978+09:00,User,KeyEvent,116:84:0,hello,Editor,C:/Users/User/CLionProjects/hello/main.cpp,,19,8,Default task
2021-06-24T21:22:19.042+09:00,User,KeyEvent,101:69:0,hello,Editor,C:/Users/User/CLionProjects/hello/main.cpp,,19,9,Default task
2021-06-24T21:22:19.150+09:00,User,KeyEvent,110:78:0,hello,Editor,C:/Users/User/CLionProjects/hello/main.cpp,,19,10,Default task
2021-06-24T21:22:19.290+09:00,User,KeyEvent,32:32:0,hello,Editor,C:/Users/User/CLionProjects/hello/main.cpp,,19,11,Default task
2021-06-24T21:22:20.394+09:00,User,KeyEvent,61:61:0,hello,Editor,C:/Users/User/CLionProjects/hello/main.cpp,,19,12,Default task
2021-06-24T21:22:20.539+09:00,User,KeyEvent,32:32:0,hello,Editor,C:/Users/User/CLionProjects/hello/main.cpp,,19,13,Default task
2021-06-24T21:22:21.658+09:00,User,KeyEvent,105:73:0,hello,Editor,C:/Users/User/CLionProjects/hello/main.cpp,,19,14,Default task
2021-06-24T21:22:21.780+09:00,User,KeyEvent,110:78:0,hello,Editor,C:/Users/User/CLionProjects/hello/main.cpp,,19,15,Default task
2021-06-24T21:22:21.834+09:00,User,KeyEvent,112:80:0,hello,Editor,C:/Users/User/CLionProjects/hello/main.cpp,,19,16,Default task
2021-06-24T21:22:21.987+09:00,User,KeyEvent,117:85:0,hello,Editor,C:/Users/User/CLionProjects/hello/main.cpp,,19,17,Default task
2021-06-24T21:22:22.146+09:00,User,KeyEvent,116:84:0,hello,Editor,C:/Users/User/CLionProjects/hello/main.cpp,,19,18,Default task
2021-06-24T21:22:22.290+09:00,User,KeyEvent,32:32:0,hello,Editor,C:/Users/User/CLionProjects/hello/main.cpp,,19,19,Default task
2021-06-24T21:22:22.394+09:00,User,KeyEvent,47:47:0,hello,Editor,C:/Users/User/CLionProjects/hello/main.cpp,,19,20,Default task
2021-06-24T21:22:22.498+09:00,User,KeyEvent,32:32:0,hello,Editor,C:/Users/User/CLionProjects/hello/main.cpp,,19,21,Default task
2021-06-24T21:22:22.570+09:00,User,KeyEvent,49:49:0,hello,Editor,C:/Users/User/CLionProjects/hello/main.cpp,,19,22,Default task
2021-06-24T21:22:22.691+09:00,User,KeyEvent,48:48:0,hello,Editor,C:/Users/User/CLionProjects/hello/main.cpp,,19,23,Default task
2021-06-24T21:22:23.386+09:00,User,KeyEvent,59:59:0,hello,Editor,C:/Users/User/CLionProjects/hello/main.cpp,,19,24,Default task
2021-06-24T21:22:23.547+09:00,User,Action,EditorEnter,hello,Editor,C:/Users/User/CLionProjects/hello/main.cpp,,19,25,Default task
2021-06-24T21:22:23.548+09:00,User,KeyEvent,10:10:0,hello,Editor,C:/Users/User/CLionProjects/hello/main.cpp,,20,8,Default task
2021-06-24T21:22:24.243+09:00,User,KeyEvent,111:79:0,hello,Editor,C:/Users/User/CLionProjects/hello/main.cpp,,20,8,Default task
2021-06-24T21:22:24.330+09:00,User,KeyEvent,110:78:0,hello,Editor,C:/Users/User/CLionProjects/hello/main.cpp,,20,9,Default task
2021-06-24T21:22:24.452+09:00,User,KeyEvent,101:69:0,hello,Editor,C:/Users/User/CLionProjects/hello/main.cpp,,20,10,Default task
2021-06-24T21:22:24.554+09:00,User,KeyEvent,32:32:0,hello,Editor,C:/Users/User/CLionProjects/hello/main.cpp,,20,11,Default task
2021-06-24T21:22:24.930+09:00,User,KeyEvent,61:61:0,hello,Editor,C:/Users/User/CLionProjects/hello/main.cpp,,20,12,Default task
2021-06-24T21:22:25.026+09:00,User,KeyEvent,32:32:0,hello,Editor,C:/Users/User/CLionProjects/hello/main.cpp,,20,13,Default task
2021-06-24T21:22:26.091+09:00,User,KeyEvent,105:73:0,hello,Editor,C:/Users/User/CLionProjects/hello/main.cpp,,20,14,Default task
2021-06-24T21:22:26.178+09:00,User,KeyEvent,110:78:0,hello,Editor,C:/Users/User/CLionProjects/hello/main.cpp,,20,15,Default task
2021-06-24T21:22:26.294+09:00,User,KeyEvent,112:80:0,hello,Editor,C:/Users/User/CLionProjects/hello/main.cpp,,20,16,Default task
2021-06-24T21:22:26.457+09:00,User,KeyEvent,117:85:0,hello,Editor,C:/Users/User/CLionProjects/hello/main.cpp,,20,17,Default task
2021-06-24T21:22:26.594+09:00,User,KeyEvent,116:84:0,hello,Editor,C:/Users/User/CLionProjects/hello/main.cpp,,20,18,Default task
2021-06-24T21:22:26.698+09:00,User,KeyEvent,32:32:0,hello,Editor,C:/Users/User/CLionProjects/hello/main.cpp,,20,19,Default task
2021-06-24T21:22:27.332+09:00,User,KeyEvent,65535:16:1,hello,Editor,C:/Users/User/CLionProjects/hello/main.cpp,,20,20,Default task
2021-06-24T21:22:27.659+09:00,User,KeyEvent,37:53:1,hello,Editor,C:/Users/User/CLionProjects/hello/main.cpp,,20,20,Default task
2021-06-24T21:22:28.203+09:00,User,KeyEvent,32:32:0,hello,Editor,C:/Users/User/CLionProjects/hello/main.cpp,,20,21,Default task
2021-06-24T21:22:28.380+09:00,User,KeyEvent,49:49:0,hello,Editor,C:/Users/User/CLionProjects/hello/main.cpp,,20,22,Default task
2021-06-24T21:22:28.486+09:00,User,KeyEvent,48:48:0,hello,Editor,C:/Users/User/CLionProjects/hello/main.cpp,,20,23,Default task
2021-06-24T21:22:29.235+09:00,User,KeyEvent,59:59:0,hello,Editor,C:/Users/User/CLionProjects/hello/main.cpp,,20,24,Default task
2021-06-24T21:22:29.467+09:00,User,Action,EditorEnter,hello,Editor,C:/Users/User/CLionProjects/hello/main.cpp,,20,25,Default task
2021-06-24T21:22:29.468+09:00,User,KeyEvent,10:10:0,hello,Editor,C:/Users/User/CLionProjects/hello/main.cpp,,21,8,Default task
2021-06-24T21:22:29.603+09:00,User,Action,EditorEnter,hello,Editor,C:/Users/User/CLionProjects/hello/main.cpp,,21,8,Default task
2021-06-24T21:22:29.605+09:00,User,KeyEvent,10:10:0,hello,Editor,C:/Users/User/CLionProjects/hello/main.cpp,,22,8,Default task
2021-06-24T21:22:29.778+09:00,User,KeyEvent,114:82:0,hello,Editor,C:/Users/User/CLionProjects/hello/main.cpp,,22,8,Default task
2021-06-24T21:22:29.834+09:00,User,KeyEvent,101:69:0,hello,Editor,C:/Users/User/CLionProjects/hello/main.cpp,,22,9,Default task
2021-06-24T21:22:29.947+09:00,User,KeyEvent,115:83:0,hello,Editor,C:/Users/User/CLionProjects/hello/main.cpp,,22,10,Default task
2021-06-24T21:22:30.034+09:00,User,KeyEvent,117:85:0,hello,Editor,C:/Users/User/CLionProjects/hello/main.cpp,,22,11,Default task
2021-06-24T21:22:30.194+09:00,User,KeyEvent,108:76:0,hello,Editor,C:/Users/User/CLionProjects/hello/main.cpp,,22,12,Default task
2021-06-24T21:22:30.305+09:00,User,KeyEvent,116:84:0,hello,Editor,C:/Users/User/CLionProjects/hello/main.cpp,,22,13,Default task
2021-06-24T21:22:30.426+09:00,User,KeyEvent,32:32:0,hello,Editor,C:/Users/User/CLionProjects/hello/main.cpp,,22,14,Default task
2021-06-24T21:22:30.707+09:00,User,KeyEvent,61:61:0,hello,Editor,C:/Users/User/CLionProjects/hello/main.cpp,,22,15,Default task
2021-06-24T21:22:30.778+09:00,User,KeyEvent,32:32:0,hello,Editor,C:/Users/User/CLionProjects/hello/main.cpp,,22,16,Default task
2021-06-24T21:22:31.082+09:00,User,KeyEvent,116:84:0,hello,Editor,C:/Users/User/CLionProjects/hello/main.cpp,,22,17,Default task
2021-06-24T21:22:31.154+09:00,User,KeyEvent,101:69:0,hello,Editor,C:/Users/User/CLionProjects/hello/main.cpp,,22,18,Default task
2021-06-24T21:22:31.266+09:00,User,KeyEvent,110:78:0,hello,Editor,C:/Users/User/CLionProjects/hello/main.cpp,,22,19,Default task
2021-06-24T21:22:31.522+09:00,User,KeyEvent,32:32:0,hello,Editor,C:/Users/User/CLionProjects/hello/main.cpp,,22,20,Default task
2021-06-24T21:22:31.674+09:00,User,KeyEvent,65535:16:1,hello,Editor,C:/Users/User/CLionProjects/hello/main.cpp,,22,21,Default task
2021-06-24T21:22:31.881+09:00,User,KeyEvent,43:61:1,hello,Editor,C:/Users/User/CLionProjects/hello/main.cpp,,22,21,Default task
2021-06-24T21:22:32.282+09:00,User,KeyEvent,32:32:0,hello,Editor,C:/Users/User/CLionProjects/hello/main.cpp,,22,22,Default task
2021-06-24T21:22:32.515+09:00,User,KeyEvent,111:79:0,hello,Editor,C:/Users/User/CLionProjects/hello/main.cpp,,22,23,Default task
2021-06-24T21:22:32.569+09:00,User,KeyEvent,110:78:0,hello,Editor,C:/Users/User/CLionProjects/hello/main.cpp,,22,24,Default task
2021-06-24T21:22:32.746+09:00,User,KeyEvent,101:69:0,hello,Editor,C:/Users/User/CLionProjects/hello/main.cpp,,22,25,Default task
2021-06-24T21:22:32.906+09:00,User,KeyEvent,59:59:0,hello,Editor,C:/Users/User/CLionProjects/hello/main.cpp,,22,26,Default task
2021-06-24T21:22:33.082+09:00,User,Action,EditorEnter,hello,Editor,C:/Users/User/CLionProjects/hello/main.cpp,,22,27,Default task
2021-06-24T21:22:33.085+09:00,User,KeyEvent,10:10:0,hello,Editor,C:/Users/User/CLionProjects/hello/main.cpp,,23,8,Default task
2021-06-24T21:22:33.250+09:00,User,Action,EditorEnter,hello,Editor,C:/Users/User/CLionProjects/hello/main.cpp,,23,8,Default task
2021-06-24T21:22:33.252+09:00,User,KeyEvent,10:10:0,hello,Editor,C:/Users/User/CLionProjects/hello/main.cpp,,24,8,Default task
2021-06-24T21:22:33.946+09:00,User,KeyEvent,115:83:0,hello,Editor,C:/Users/User/CLionProjects/hello/main.cpp,,24,8,Default task
2021-06-24T21:22:34.034+09:00,User,KeyEvent,116:84:0,hello,Editor,C:/Users/User/CLionProjects/hello/main.cpp,,24,9,Default task
2021-06-24T21:22:34.202+09:00,User,KeyEvent,114:82:0,hello,Editor,C:/Users/User/CLionProjects/hello/main.cpp,,24,10,Default task
2021-06-24T21:22:34.413+09:00,User,KeyEvent,49:49:0,hello,Editor,C:/Users/User/CLionProjects/hello/main.cpp,,24,11,Default task
2021-06-24T21:22:34.562+09:00,User,KeyEvent,32:32:0,hello,Editor,C:/Users/User/CLionProjects/hello/main.cpp,,24,12,Default task
2021-06-24T21:22:43.195+09:00,User,Action,EditorBackSpace,hello,Editor,C:/Users/User/CLionProjects/hello/main.cpp,,17,31,Default task
2021-06-24T21:22:43.201+09:00,User,KeyEvent,8:8:0,hello,Editor,C:/Users/User/CLionProjects/hello/main.cpp,,17,30,Default task
2021-06-24T21:22:49.859+09:00,User,KeyEvent,61:61:0,hello,Editor,C:/Users/User/CLionProjects/hello/main.cpp,,24,13,Default task
2021-06-24T21:22:50.426+09:00,User,KeyEvent,32:32:0,hello,Editor,C:/Users/User/CLionProjects/hello/main.cpp,,24,14,Default task
2021-06-24T21:22:51.186+09:00,User,KeyEvent,116:84:0,hello,Editor,C:/Users/User/CLionProjects/hello/main.cpp,,24,15,Default task
2021-06-24T21:22:51.266+09:00,User,KeyEvent,111:79:0,hello,Editor,C:/Users/User/CLionProjects/hello/main.cpp,,24,16,Default task
2021-06-24T21:22:51.731+09:00,User,KeyEvent,65535:16:1,hello,Editor,C:/Users/User/CLionProjects/hello/main.cpp,,24,17,Default task
2021-06-24T21:22:51.858+09:00,User,KeyEvent,95:45:1,hello,Editor,C:/Users/User/CLionProjects/hello/main.cpp,,24,17,Default task
2021-06-24T21:22:52.058+09:00,User,KeyEvent,115:83:0,hello,Editor,C:/Users/User/CLionProjects/hello/main.cpp,,24,18,Default task
2021-06-24T21:22:52.154+09:00,User,KeyEvent,116:84:0,hello,Editor,C:/Users/User/CLionProjects/hello/main.cpp,,24,19,Default task
2021-06-24T21:22:52.362+09:00,User,KeyEvent,114:82:0,hello,Editor,C:/Users/User/CLionProjects/hello/main.cpp,,24,20,Default task
2021-06-24T21:22:52.498+09:00,User,KeyEvent,105:73:0,hello,Editor,C:/Users/User/CLionProjects/hello/main.cpp,,24,21,Default task
2021-06-24T21:22:52.562+09:00,User,KeyEvent,110:78:0,hello,Editor,C:/Users/User/CLionProjects/hello/main.cpp,,24,22,Default task
2021-06-24T21:22:52.642+09:00,User,KeyEvent,103:71:0,hello,Editor,C:/Users/User/CLionProjects/hello/main.cpp,,24,23,Default task
2021-06-24T21:22:52.826+09:00,User,Action,EditorChooseLookupItem,hello,Editor,C:/Users/User/CLionProjects/hello/main.cpp,,24,24,Default task
2021-06-24T21:22:52.841+09:00,User,KeyEvent,10:10:0,hello,Editor,C:/Users/User/CLionProjects/hello/main.cpp,,24,25,Default task
2021-06-24T21:22:54.203+09:00,User,KeyEvent,111:79:0,hello,Editor,C:/Users/User/CLionProjects/hello/main.cpp,,24,25,Default task
2021-06-24T21:22:54.273+09:00,User,KeyEvent,110:78:0,hello,Editor,C:/Users/User/CLionProjects/hello/main.cpp,,24,26,Default task
2021-06-24T21:22:54.379+09:00,User,KeyEvent,101:69:0,hello,Editor,C:/Users/User/CLionProjects/hello/main.cpp,,24,27,Default task
2021-06-24T21:22:54.586+09:00,User,KeyEvent,65535:16:1,hello,Editor,C:/Users/User/CLionProjects/hello/main.cpp,,24,28,Default task
2021-06-24T21:22:54.659+09:00,User,KeyEvent,41:48:1,hello,Editor,C:/Users/User/CLionProjects/hello/main.cpp,,24,28,Default task
2021-06-24T21:22:55.229+09:00,User,KeyEvent,59:59:0,hello,Editor,C:/Users/User/CLionProjects/hello/main.cpp,,24,29,Default task
2021-06-24T21:22:55.394+09:00,User,Action,EditorEnter,hello,Editor,C:/Users/User/CLionProjects/hello/main.cpp,,24,30,Default task
2021-06-24T21:22:55.396+09:00,User,KeyEvent,10:10:0,hello,Editor,C:/Users/User/CLionProjects/hello/main.cpp,,25,8,Default task
2021-06-24T21:22:59.363+09:00,User,KeyEvent,115:83:0,hello,Editor,C:/Users/User/CLionProjects/hello/main.cpp,,25,8,Default task
2021-06-24T21:22:59.458+09:00,User,KeyEvent,116:84:0,hello,Editor,C:/Users/User/CLionProjects/hello/main.cpp,,25,9,Default task
2021-06-24T21:22:59.626+09:00,User,KeyEvent,114:82:0,hello,Editor,C:/Users/User/CLionProjects/hello/main.cpp,,25,10,Default task
2021-06-24T21:22:59.842+09:00,User,KeyEvent,50:50:0,hello,Editor,C:/Users/User/CLionProjects/hello/main.cpp,,25,11,Default task
2021-06-24T21:23:00.138+09:00,User,KeyEvent,32:32:0,hello,Editor,C:/Users/User/CLionProjects/hello/main.cpp,,25,12,Default task
2021-06-24T21:23:01.917+09:00,User,KeyEvent,61:61:0,hello,Editor,C:/Users/User/CLionProjects/hello/main.cpp,,25,13,Default task
2021-06-24T21:23:04.338+09:00,User,KeyEvent,32:32:0,hello,Editor,C:/Users/User/CLionProjects/hello/main.cpp,,25,14,Default task
2021-06-24T21:23:04.634+09:00,User,KeyEvent,116:84:0,hello,Editor,C:/Users/User/CLionProjects/hello/main.cpp,,25,15,Default task
2021-06-24T21:23:04.760+09:00,User,KeyEvent,111:79:0,hello,Editor,C:/Users/User/CLionProjects/hello/main.cpp,,25,16,Default task
2021-06-24T21:23:06.154+09:00,User,KeyEvent,65535:16:1,hello,Editor,C:/Users/User/CLionProjects/hello/main.cpp,,25,17,Default task
2021-06-24T21:23:06.450+09:00,User,KeyEvent,95:45:1,hello,Editor,C:/Users/User/CLionProjects/hello/main.cpp,,25,17,Default task
2021-06-24T21:23:07.147+09:00,User,KeyEvent,115:83:0,hello,Editor,C:/Users/User/CLionProjects/hello/main.cpp,,25,18,Default task
2021-06-24T21:23:07.466+09:00,User,KeyEvent,116:84:0,hello,Editor,C:/Users/User/CLionProjects/hello/main.cpp,,25,19,Default task
2021-06-24T21:23:08.162+09:00,User,Action,EditorChooseLookupItem,hello,Editor,C:/Users/User/CLionProjects/hello/main.cpp,,25,20,Default task
2021-06-24T21:23:08.176+09:00,User,KeyEvent,10:10:0,hello,Editor,C:/Users/User/CLionProjects/hello/main.cpp,,25,25,Default task
2021-06-24T21:23:11.187+09:00,User,KeyEvent,65535:16:1,hello,Editor,C:/Users/User/CLionProjects/hello/main.cpp,,25,25,Default task
2021-06-24T21:23:11.314+09:00,User,KeyEvent,40:57:1,hello,Editor,C:/Users/User/CLionProjects/hello/main.cpp,,25,25,Default task
2021-06-24T21:23:12.611+09:00,User,KeyEvent,114:82:0,hello,Editor,C:/Users/User/CLionProjects/hello/main.cpp,,25,26,Default task
2021-06-24T21:23:12.666+09:00,User,KeyEvent,101:69:0,hello,Editor,C:/Users/User/CLionProjects/hello/main.cpp,,25,27,Default task
2021-06-24T21:23:12.826+09:00,User,KeyEvent,115:83:0,hello,Editor,C:/Users/User/CLionProjects/hello/main.cpp,,25,28,Default task
2021-06-24T21:23:12.908+09:00,User,KeyEvent,117:85:0,hello,Editor,C:/Users/User/CLionProjects/hello/main.cpp,,25,29,Default task
2021-06-24T21:23:13.106+09:00,User,KeyEvent,108:76:0,hello,Editor,C:/Users/User/CLionProjects/hello/main.cpp,,25,30,Default task
2021-06-24T21:23:13.226+09:00,User,KeyEvent,116:84:0,hello,Editor,C:/Users/User/CLionProjects/hello/main.cpp,,25,31,Default task
2021-06-24T21:23:14.451+09:00,User,KeyEvent,32:32:0,hello,Editor,C:/Users/User/CLionProjects/hello/main.cpp,,25,32,Default task
2021-06-24T21:23:14.722+09:00,User,KeyEvent,65535:16:1,hello,Editor,C:/Users/User/CLionProjects/hello/main.cpp,,25,33,Default task
2021-06-24T21:23:14.793+09:00,User,KeyEvent,37:53:1,hello,Editor,C:/Users/User/CLionProjects/hello/main.cpp,,25,33,Default task
2021-06-24T21:23:15.162+09:00,User,KeyEvent,32:32:0,hello,Editor,C:/Users/User/CLionProjects/hello/main.cpp,,25,34,Default task
2021-06-24T21:23:15.331+09:00,User,KeyEvent,49:49:0,hello,Editor,C:/Users/User/CLionProjects/hello/main.cpp,,25,35,Default task
2021-06-24T21:23:15.441+09:00,User,KeyEvent,48:48:0,hello,Editor,C:/Users/User/CLionProjects/hello/main.cpp,,25,36,Default task
2021-06-24T21:23:15.826+09:00,User,KeyEvent,65535:16:1,hello,Editor,C:/Users/User/CLionProjects/hello/main.cpp,,25,37,Default task
2021-06-24T21:23:16.194+09:00,User,KeyEvent,41:48:1,hello,Editor,C:/Users/User/CLionProjects/hello/main.cpp,,25,37,Default task
2021-06-24T21:23:16.371+09:00,User,KeyEvent,41:48:1,hello,Editor,C:/Users/User/CLionProjects/hello/main.cpp,,25,38,Default task
2021-06-24T21:23:17.995+09:00,User,KeyEvent,59:59:0,hello,Editor,C:/Users/User/CLionProjects/hello/main.cpp,,25,39,Default task
2021-06-24T21:23:18.194+09:00,User,Action,EditorEnter,hello,Editor,C:/Users/User/CLionProjects/hello/main.cpp,,25,40,Default task
2021-06-24T21:23:18.196+09:00,User,KeyEvent,10:10:0,hello,Editor,C:/Users/User/CLionProjects/hello/main.cpp,,26,8,Default task
2021-06-24T21:23:18.738+09:00,User,KeyEvent,115:83:0,hello,Editor,C:/Users/User/CLionProjects/hello/main.cpp,,26,8,Default task
2021-06-24T21:23:18.810+09:00,User,KeyEvent,116:84:0,hello,Editor,C:/Users/User/CLionProjects/hello/main.cpp,,26,9,Default task
2021-06-24T21:23:19.018+09:00,User,KeyEvent,114:82:0,hello,Editor,C:/Users/User/CLionProjects/hello/main.cpp,,26,10,Default task
2021-06-24T21:23:19.889+09:00,User,KeyEvent,49:49:0,hello,Editor,C:/Users/User/CLionProjects/hello/main.cpp,,26,11,Default task
2021-06-24T21:23:20.058+09:00,User,KeyEvent,32:32:0,hello,Editor,C:/Users/User/CLionProjects/hello/main.cpp,,26,12,Default task
2021-06-24T21:23:20.251+09:00,User,KeyEvent,65535:16:1,hello,Editor,C:/Users/User/CLionProjects/hello/main.cpp,,26,13,Default task
2021-06-24T21:23:20.338+09:00,User,KeyEvent,43:61:1,hello,Editor,C:/Users/User/CLionProjects/hello/main.cpp,,26,13,Default task
2021-06-24T21:23:20.554+09:00,User,KeyEvent,61:61:0,hello,Editor,C:/Users/User/CLionProjects/hello/main.cpp,,26,14,Default task
2021-06-24T21:23:20.690+09:00,User,KeyEvent,32:32:0,hello,Editor,C:/Users/User/CLionProjects/hello/main.cpp,,26,15,Default task
2021-06-24T21:23:20.995+09:00,User,KeyEvent,115:83:0,hello,Editor,C:/Users/User/CLionProjects/hello/main.cpp,,26,16,Default task
2021-06-24T21:23:21.090+09:00,User,KeyEvent,116:84:0,hello,Editor,C:/Users/User/CLionProjects/hello/main.cpp,,26,17,Default task
2021-06-24T21:23:21.218+09:00,User,KeyEvent,114:82:0,hello,Editor,C:/Users/User/CLionProjects/hello/main.cpp,,26,18,Default task
2021-06-24T21:23:21.394+09:00,User,KeyEvent,50:50:0,hello,Editor,C:/Users/User/CLionProjects/hello/main.cpp,,26,19,Default task
2021-06-24T21:23:21.578+09:00,User,KeyEvent,59:59:0,hello,Editor,C:/Users/User/CLionProjects/hello/main.cpp,,26,20,Default task
2021-06-24T21:23:21.771+09:00,User,Action,EditorEnter,hello,Editor,C:/Users/User/CLionProjects/hello/main.cpp,,26,21,Default task
2021-06-24T21:23:21.773+09:00,User,KeyEvent,10:10:0,hello,Editor,C:/Users/User/CLionProjects/hello/main.cpp,,27,8,Default task
2021-06-24T21:23:23.635+09:00,User,Action,EditorEnter,hello,Editor,C:/Users/User/CLionProjects/hello/main.cpp,,27,8,Default task
2021-06-24T21:23:23.637+09:00,User,KeyEvent,10:10:0,hello,Editor,C:/Users/User/CLionProjects/hello/main.cpp,,28,8,Default task
2021-06-24T21:23:54.419+09:00,User,Action,EditorEnter,hello,Editor,C:/Users/User/CLionProjects/hello/main.cpp,,27,8,Default task
2021-06-24T21:23:54.423+09:00,User,KeyEvent,10:10:0,hello,Editor,C:/Users/User/CLionProjects/hello/main.cpp,,28,8,Default task
2021-06-24T21:23:54.747+09:00,User,KeyEvent,105:73:0,hello,Editor,C:/Users/User/CLionProjects/hello/main.cpp,,28,8,Default task
2021-06-24T21:23:54.834+09:00,User,KeyEvent,110:78:0,hello,Editor,C:/Users/User/CLionProjects/hello/main.cpp,,28,9,Default task
2021-06-24T21:23:54.914+09:00,User,KeyEvent,112:80:0,hello,Editor,C:/Users/User/CLionProjects/hello/main.cpp,,28,10,Default task
2021-06-24T21:23:55.061+09:00,User,KeyEvent,117:85:0,hello,Editor,C:/Users/User/CLionProjects/hello/main.cpp,,28,11,Default task
2021-06-24T21:23:55.170+09:00,User,KeyEvent,116:84:0,hello,Editor,C:/Users/User/CLionProjects/hello/main.cpp,,28,12,Default task
2021-06-24T21:23:55.258+09:00,User,KeyEvent,32:32:0,hello,Editor,C:/Users/User/CLionProjects/hello/main.cpp,,28,13,Default task
2021-06-24T21:23:55.507+09:00,User,KeyEvent,61:61:0,hello,Editor,C:/Users/User/CLionProjects/hello/main.cpp,,28,14,Default task
2021-06-24T21:23:55.619+09:00,User,KeyEvent,32:32:0,hello,Editor,C:/Users/User/CLionProjects/hello/main.cpp,,28,15,Default task
2021-06-24T21:23:57.003+09:00,User,KeyEvent,115:83:0,hello,Editor,C:/Users/User/CLionProjects/hello/main.cpp,,28,16,Default task
2021-06-24T21:23:57.177+09:00,User,KeyEvent,116:84:0,hello,Editor,C:/Users/User/CLionProjects/hello/main.cpp,,28,17,Default task
2021-06-24T21:23:57.298+09:00,User,KeyEvent,111:79:0,hello,Editor,C:/Users/User/CLionProjects/hello/main.cpp,,28,18,Default task
2021-06-24T21:23:57.466+09:00,User,KeyEvent,105:73:0,hello,Editor,C:/Users/User/CLionProjects/hello/main.cpp,,28,19,Default task
2021-06-24T21:23:57.737+09:00,User,KeyEvent,65535:16:1,hello,Editor,C:/Users/User/CLionProjects/hello/main.cpp,,28,20,Default task
2021-06-24T21:23:57.923+09:00,User,KeyEvent,40:57:1,hello,Editor,C:/Users/User/CLionProjects/hello/main.cpp,,28,20,Default task
2021-06-24T21:23:58.466+09:00,User,KeyEvent,115:83:0,hello,Editor,C:/Users/User/CLionProjects/hello/main.cpp,,28,21,Default task
2021-06-24T21:23:58.570+09:00,User,KeyEvent,116:84:0,hello,Editor,C:/Users/User/CLionProjects/hello/main.cpp,,28,22,Default task
2021-06-24T21:23:58.715+09:00,User,KeyEvent,114:82:0,hello,Editor,C:/Users/User/CLionProjects/hello/main.cpp,,28,23,Default task
2021-06-24T21:23:58.849+09:00,User,KeyEvent,49:49:0,hello,Editor,C:/Users/User/CLionProjects/hello/main.cpp,,28,24,Default task
2021-06-24T21:23:58.994+09:00,User,KeyEvent,65535:16:1,hello,Editor,C:/Users/User/CLionProjects/hello/main.cpp,,28,25,Default task
2021-06-24T21:23:59.050+09:00,User,KeyEvent,41:48:1,hello,Editor,C:/Users/User/CLionProjects/hello/main.cpp,,28,25,Default task
2021-06-24T21:23:59.386+09:00,User,KeyEvent,59:59:0,hello,Editor,C:/Users/User/CLionProjects/hello/main.cpp,,28,26,Default task
2021-06-24T21:24:01.363+09:00,User,Action,EditorEnter,hello,Editor,C:/Users/User/CLionProjects/hello/main.cpp,,28,27,Default task
2021-06-24T21:24:01.367+09:00,User,KeyEvent,10:10:0,hello,Editor,C:/Users/User/CLionProjects/hello/main.cpp,,29,8,Default task
2021-06-24T21:24:01.554+09:00,User,KeyEvent,99:67:0,hello,Editor,C:/Users/User/CLionProjects/hello/main.cpp,,29,8,Default task
2021-06-24T21:24:01.665+09:00,User,KeyEvent,121:89:0,hello,Editor,C:/Users/User/CLionProjects/hello/main.cpp,,29,9,Default task
2021-06-24T21:24:02.036+09:00,User,KeyEvent,99:67:0,hello,Editor,C:/Users/User/CLionProjects/hello/main.cpp,,29,10,Default task
2021-06-24T21:24:02.145+09:00,User,KeyEvent,108:76:0,hello,Editor,C:/Users/User/CLionProjects/hello/main.cpp,,29,11,Default task
2021-06-24T21:24:02.290+09:00,User,KeyEvent,101:69:0,hello,Editor,C:/Users/User/CLionProjects/hello/main.cpp,,29,12,Default task
2021-06-24T21:24:02.426+09:00,User,KeyEvent,65535:16:1,hello,Editor,C:/Users/User/CLionProjects/hello/main.cpp,,29,13,Default task
2021-06-24T21:24:02.514+09:00,User,KeyEvent,43:61:1,hello,Editor,C:/Users/User/CLionProjects/hello/main.cpp,,29,13,Default task
2021-06-24T21:24:02.667+09:00,User,KeyEvent,43:61:1,hello,Editor,C:/Users/User/CLionProjects/hello/main.cpp,,29,14,Default task
2021-06-24T21:24:02.841+09:00,User,KeyEvent,59:59:0,hello,Editor,C:/Users/User/CLionProjects/hello/main.cpp,,29,15,Default task
2021-06-24T21:24:04.699+09:00,User,Action,EditorDown,hello,Editor,C:/Users/User/CLionProjects/hello/main.cpp,,29,16,Default task
2021-06-24T21:24:04.701+09:00,User,KeyEvent,65535:40:0,hello,Editor,C:/Users/User/CLionProjects/hello/main.cpp,,30,8,Default task
2021-06-24T21:24:05.483+09:00,User,Action,EditorBackSpace,hello,Editor,C:/Users/User/CLionProjects/hello/main.cpp,,30,8,Default task
2021-06-24T21:24:05.487+09:00,User,KeyEvent,8:8:0,hello,Editor,C:/Users/User/CLionProjects/hello/main.cpp,,29,16,Default task
2021-06-24T21:24:07.139+09:00,User,Action,EditorDown,hello,Editor,C:/Users/User/CLionProjects/hello/main.cpp,,29,16,Default task
2021-06-24T21:24:07.141+09:00,User,KeyEvent,65535:40:0,hello,Editor,C:/Users/User/CLionProjects/hello/main.cpp,,30,5,Default task
2021-06-24T21:24:07.444+09:00,User,Action,EditorEnter,hello,Editor,C:/Users/User/CLionProjects/hello/main.cpp,,30,5,Default task
2021-06-24T21:24:07.446+09:00,User,KeyEvent,10:10:0,hello,Editor,C:/Users/User/CLionProjects/hello/main.cpp,,31,4,Default task
2021-06-24T21:24:07.595+09:00,User,Action,EditorEnter,hello,Editor,C:/Users/User/CLionProjects/hello/main.cpp,,31,4,Default task
2021-06-24T21:24:07.598+09:00,User,KeyEvent,10:10:0,hello,Editor,C:/Users/User/CLionProjects/hello/main.cpp,,32,4,Default task
2021-06-24T21:24:07.819+09:00,User,KeyEvent,99:67:0,hello,Editor,C:/Users/User/CLionProjects/hello/main.cpp,,32,4,Default task
2021-06-24T21:24:07.891+09:00,User,KeyEvent,111:79:0,hello,Editor,C:/Users/User/CLionProjects/hello/main.cpp,,32,5,Default task
2021-06-24T21:24:08.058+09:00,User,KeyEvent,117:85:0,hello,Editor,C:/Users/User/CLionProjects/hello/main.cpp,,32,6,Default task
2021-06-24T21:24:08.169+09:00,User,KeyEvent,116:84:0,hello,Editor,C:/Users/User/CLionProjects/hello/main.cpp,,32,7,Default task
2021-06-24T21:24:08.411+09:00,User,KeyEvent,32:32:0,hello,Editor,C:/Users/User/CLionProjects/hello/main.cpp,,32,8,Default task
2021-06-24T21:24:08.635+09:00,User,KeyEvent,65535:16:1,hello,Editor,C:/Users/User/CLionProjects/hello/main.cpp,,32,9,Default task
2021-06-24T21:24:08.810+09:00,User,KeyEvent,60:44:1,hello,Editor,C:/Users/User/CLionProjects/hello/main.cpp,,32,9,Default task
2021-06-24T21:24:08.971+09:00,User,KeyEvent,32:32:0,hello,Editor,C:/Users/User/CLionProjects/hello/main.cpp,,32,10,Default task
2021-06-24T21:24:09.523+09:00,User,Action,EditorBackSpace,hello,Editor,C:/Users/User/CLionProjects/hello/main.cpp,,32,11,Default task
2021-06-24T21:24:09.524+09:00,User,KeyEvent,8:8:0,hello,Editor,C:/Users/User/CLionProjects/hello/main.cpp,,32,10,Default task
2021-06-24T21:24:09.734+09:00,User,KeyEvent,65535:16:1,hello,Editor,C:/Users/User/CLionProjects/hello/main.cpp,,32,10,Default task
2021-06-24T21:24:09.826+09:00,User,KeyEvent,60:44:1,hello,Editor,C:/Users/User/CLionProjects/hello/main.cpp,,32,10,Default task
2021-06-24T21:24:10.012+09:00,User,KeyEvent,32:32:0,hello,Editor,C:/Users/User/CLionProjects/hello/main.cpp,,32,11,Default task
2021-06-24T21:24:10.194+09:00,User,KeyEvent,99:67:0,hello,Editor,C:/Users/User/CLionProjects/hello/main.cpp,,32,12,Default task
2021-06-24T21:24:10.306+09:00,User,KeyEvent,121:89:0,hello,Editor,C:/Users/User/CLionProjects/hello/main.cpp,,32,13,Default task
2021-06-24T21:24:10.425+09:00,User,KeyEvent,99:67:0,hello,Editor,C:/Users/User/CLionProjects/hello/main.cpp,,32,14,Default task
2021-06-24T21:24:10.530+09:00,User,KeyEvent,108:76:0,hello,Editor,C:/Users/User/CLionProjects/hello/main.cpp,,32,15,Default task
2021-06-24T21:24:10.626+09:00,User,KeyEvent,101:69:0,hello,Editor,C:/Users/User/CLionProjects/hello/main.cpp,,32,16,Default task
2021-06-24T21:24:10.777+09:00,User,KeyEvent,32:32:0,hello,Editor,C:/Users/User/CLionProjects/hello/main.cpp,,32,17,Default task
2021-06-24T21:24:10.956+09:00,User,KeyEvent,65535:16:1,hello,Editor,C:/Users/User/CLionProjects/hello/main.cpp,,32,18,Default task
2021-06-24T21:24:11.002+09:00,User,KeyEvent,60:44:1,hello,Editor,C:/Users/User/CLionProjects/hello/main.cpp,,32,18,Default task
2021-06-24T21:24:11.155+09:00,User,KeyEvent,60:44:1,hello,Editor,C:/Users/User/CLionProjects/hello/main.cpp,,32,19,Default task
2021-06-24T21:24:11.348+09:00,User,KeyEvent,101:69:0,hello,Editor,C:/Users/User/CLionProjects/hello/main.cpp,,32,20,Default task
2021-06-24T21:24:11.474+09:00,User,KeyEvent,110:78:0,hello,Editor,C:/Users/User/CLionProjects/hello/main.cpp,,32,21,Default task
2021-06-24T21:24:11.555+09:00,User,KeyEvent,100:68:0,hello,Editor,C:/Users/User/CLionProjects/hello/main.cpp,,32,22,Default task
2021-06-24T21:24:11.649+09:00,User,KeyEvent,108:76:0,hello,Editor,C:/Users/User/CLionProjects/hello/main.cpp,,32,23,Default task
2021-06-24T21:24:11.794+09:00,User,KeyEvent,59:59:0,hello,Editor,C:/Users/User/CLionProjects/hello/main.cpp,,32,24,Default task
2021-06-24T21:24:12.115+09:00,User,KeyEvent,65535:17:2,hello,Editor,C:/Users/User/CLionProjects/hello/main.cpp,,32,25,Default task
2021-06-24T21:24:12.226+09:00,User,Action,SaveAll,hello,Editor,C:/Users/User/CLionProjects/hello/main.cpp,,32,25,Default task
2021-06-24T21:24:12.241+09:00,User,KeyEvent,19:83:2,hello,Editor,C:/Users/User/CLionProjects/hello/main.cpp,,32,25,Default task
2021-06-24T21:24:13.841+09:00,User,Action,EditorBackSpace,hello,Editor,C:/Users/User/CLionProjects/hello/main.cpp,,33,0,Default task
2021-06-24T21:24:13.844+09:00,User,KeyEvent,8:8:0,hello,Editor,C:/Users/User/CLionProjects/hello/main.cpp,,32,25,Default task
2021-06-24T21:24:14.587+09:00,User,KeyEvent,65535:17:2,hello,Editor,C:/Users/User/CLionProjects/hello/main.cpp,,32,25,Default task
2021-06-24T21:24:14.763+09:00,User,Action,SaveAll,hello,Editor,C:/Users/User/CLionProjects/hello/main.cpp,,32,25,Default task
2021-06-24T21:24:14.776+09:00,User,KeyEvent,19:83:2,hello,Editor,C:/Users/User/CLionProjects/hello/main.cpp,,32,25,Default task
2021-06-24T21:24:22.327+09:00,User,Action,Run,hello,Editor,C:/Users/User/CLionProjects/hello/main.cpp,,5,9,Default task
2021-06-24T21:24:30.322+09:00,User,KeyEvent,50:98:0,hello,Editor,C:/Users/User/CLionProjects/hello/main.cpp,,5,9,Default task
2021-06-24T21:24:30.379+09:00,User,KeyEvent,54:102:0,hello,Editor,C:/Users/User/CLionProjects/hello/main.cpp,,5,9,Default task
2021-06-24T21:24:30.581+09:00,User,KeyEvent,10:10:0,hello,Editor,C:/Users/User/CLionProjects/hello/main.cpp,,5,9,Default task
2021-06-24T21:24:32.208+09:00,User,Action,Run,hello,Editor,C:/Users/User/CLionProjects/hello/main.cpp,,5,9,Default task
2021-06-24T21:24:34.242+09:00,User,KeyEvent,53:101:0,hello,Editor,C:/Users/User/CLionProjects/hello/main.cpp,,5,9,Default task
2021-06-24T21:24:34.379+09:00,User,KeyEvent,53:101:0,hello,Editor,C:/Users/User/CLionProjects/hello/main.cpp,,5,9,Default task
2021-06-24T21:24:34.539+09:00,User,KeyEvent,10:10:0,hello,Editor,C:/Users/User/CLionProjects/hello/main.cpp,,5,9,Default task
2021-06-24T21:24:37.361+09:00,User,Action,Run,hello,Editor,C:/Users/User/CLionProjects/hello/main.cpp,,5,9,Default task
2021-06-24T21:24:39.402+09:00,User,KeyEvent,49:97:0,hello,Editor,C:/Users/User/CLionProjects/hello/main.cpp,,5,9,Default task
2021-06-24T21:24:39.548+09:00,User,KeyEvent,10:10:0,hello,Editor,C:/Users/User/CLionProjects/hello/main.cpp,,5,9,Default task
2021-06-24T21:24:41.173+09:00,User,Action,Run,hello,Editor,C:/Users/User/CLionProjects/hello/main.cpp,,5,9,Default task
2021-06-24T21:24:43.851+09:00,User,KeyEvent,48:96:0,hello,Editor,C:/Users/User/CLionProjects/hello/main.cpp,,5,9,Default task
2021-06-24T21:24:43.948+09:00,User,KeyEvent,10:10:0,hello,Editor,C:/Users/User/CLionProjects/hello/main.cpp,,5,9,Default task
2021-06-24T21:24:51.503+09:00,User,KeyEvent,65535:17:2,hello,Editor,C:/Users/User/CLionProjects/hello/main.cpp,,0,0,Default task
2021-06-24T21:24:51.743+09:00,User,Action,EditorCopy,hello,Editor,C:/Users/User/CLionProjects/hello/main.cpp,,0,0,Default task
2021-06-24T21:24:51.748+09:00,User,KeyEvent,3:67:2,hello,Editor,C:/Users/User/CLionProjects/hello/main.cpp,,0,0,Default task
2021-06-24T21:25:20.437+09:00,User,KeyEvent,65535:17:2,hello,Editor,C:/Users/User/CLionProjects/hello/main.cpp,,11,16,Default task
2021-06-24T21:25:20.618+09:00,User,Action,SaveAll,hello,Editor,C:/Users/User/CLionProjects/hello/main.cpp,,11,16,Default task
2021-06-24T21:25:20.618+09:00,User,KeyEvent,19:83:2,hello,Editor,C:/Users/User/CLionProjects/hello/main.cpp,,11,16,Default task
