2021-06-22T19:59:40.477+09:00,User,Action,Roll Tracking Log,,,,,-1,-1,
2021-06-22T20:01:45.118+09:00,User,Action,CPP.CreateCMakeProject,warmup3,Popup,C:/Users/User/CLionProjects/warmup3/main.cpp,,14,0,Default task
2021-06-22T20:01:53.401+09:00,User,Action,EditorBackSpace,warmup3,Popup,C:/Users/User/CLionProjects/warmup3/main.cpp,,14,0,Default task
2021-06-22T20:01:53.403+09:00,User,KeyEvent,8:8:0,warmup3,Popup,C:/Users/User/CLionProjects/warmup3/main.cpp,,14,0,Default task
2021-06-22T20:01:53.553+09:00,User,Action,EditorBackSpace,warmup3,Popup,C:/Users/User/CLionProjects/warmup3/main.cpp,,14,0,Default task
2021-06-22T20:01:53.554+09:00,User,KeyEvent,8:8:0,warmup3,Popup,C:/Users/User/CLionProjects/warmup3/main.cpp,,14,0,Default task
2021-06-22T20:01:53.706+09:00,User,Action,EditorBackSpace,warmup3,Popup,C:/Users/User/CLionProjects/warmup3/main.cpp,,14,0,Default task
2021-06-22T20:01:53.710+09:00,User,KeyEvent,8:8:0,warmup3,Popup,C:/Users/User/CLionProjects/warmup3/main.cpp,,14,0,Default task
2021-06-22T20:01:53.826+09:00,User,Action,EditorBackSpace,warmup3,Popup,C:/Users/User/CLionProjects/warmup3/main.cpp,,14,0,Default task
2021-06-22T20:01:53.829+09:00,User,KeyEvent,8:8:0,warmup3,Popup,C:/Users/User/CLionProjects/warmup3/main.cpp,,14,0,Default task
2021-06-22T20:01:53.961+09:00,User,Action,EditorBackSpace,warmup3,Popup,C:/Users/User/CLionProjects/warmup3/main.cpp,,14,0,Default task
2021-06-22T20:01:53.965+09:00,User,KeyEvent,8:8:0,warmup3,Popup,C:/Users/User/CLionProjects/warmup3/main.cpp,,14,0,Default task
2021-06-22T20:01:54.098+09:00,User,Action,EditorBackSpace,warmup3,Popup,C:/Users/User/CLionProjects/warmup3/main.cpp,,14,0,Default task
2021-06-22T20:01:54.102+09:00,User,KeyEvent,8:8:0,warmup3,Popup,C:/Users/User/CLionProjects/warmup3/main.cpp,,14,0,Default task
2021-06-22T20:01:54.330+09:00,User,Action,EditorBackSpace,warmup3,Popup,C:/Users/User/CLionProjects/warmup3/main.cpp,,14,0,Default task
2021-06-22T20:01:54.333+09:00,User,KeyEvent,8:8:0,warmup3,Popup,C:/Users/User/CLionProjects/warmup3/main.cpp,,14,0,Default task
2021-06-22T20:01:54.634+09:00,User,KeyEvent,119:87:0,warmup3,Popup,C:/Users/User/CLionProjects/warmup3/main.cpp,,14,0,Default task
2021-06-22T20:01:55.000+09:00,User,Action,EditorBackSpace,warmup3,Popup,C:/Users/User/CLionProjects/warmup3/main.cpp,,14,0,Default task
2021-06-22T20:01:55.002+09:00,User,KeyEvent,8:8:0,warmup3,Popup,C:/Users/User/CLionProjects/warmup3/main.cpp,,14,0,Default task
2021-06-22T20:01:55.129+09:00,User,Action,EditorBackSpace,warmup3,Popup,C:/Users/User/CLionProjects/warmup3/main.cpp,,14,0,Default task
2021-06-22T20:01:55.131+09:00,User,KeyEvent,8:8:0,warmup3,Popup,C:/Users/User/CLionProjects/warmup3/main.cpp,,14,0,Default task
2021-06-22T20:01:55.336+09:00,User,KeyEvent,119:87:0,warmup3,Popup,C:/Users/User/CLionProjects/warmup3/main.cpp,,14,0,Default task
2021-06-22T20:01:55.474+09:00,User,KeyEvent,97:65:0,warmup3,Popup,C:/Users/User/CLionProjects/warmup3/main.cpp,,14,0,Default task
2021-06-22T20:01:55.697+09:00,User,KeyEvent,114:82:0,warmup3,Popup,C:/Users/User/CLionProjects/warmup3/main.cpp,,14,0,Default task
2021-06-22T20:01:55.849+09:00,User,KeyEvent,109:77:0,warmup3,Popup,C:/Users/User/CLionProjects/warmup3/main.cpp,,14,0,Default task
2021-06-22T20:01:56.000+09:00,User,KeyEvent,117:85:0,warmup3,Popup,C:/Users/User/CLionProjects/warmup3/main.cpp,,14,0,Default task
2021-06-22T20:01:56.177+09:00,User,KeyEvent,112:80:0,warmup3,Popup,C:/Users/User/CLionProjects/warmup3/main.cpp,,14,0,Default task
2021-06-22T20:01:56.673+09:00,User,KeyEvent,52:52:0,warmup3,Popup,C:/Users/User/CLionProjects/warmup3/main.cpp,,14,0,Default task
2021-06-22T20:01:59.320+09:00,User,KeyEvent,10:10:0,warmup3,Popup,C:/Users/User/CLionProjects/warmup3/main.cpp,,14,0,Default task
2021-06-22T20:02:00.449+09:00,User,KeyEvent,10:10:0,warmup4,Project,C:/Users/User/CLionProjects/warmup4/main.cpp,,0,0,Default task
2021-06-22T20:02:03.448+09:00,User,KeyEvent,65535:17:2,warmup4,Editor,C:/Users/User/CLionProjects/warmup4/main.cpp,,5,1,Default task
2021-06-22T20:02:03.679+09:00,User,Action,SaveAll,warmup4,Editor,C:/Users/User/CLionProjects/warmup4/main.cpp,,5,1,Default task
2021-06-22T20:02:03.680+09:00,User,KeyEvent,19:83:2,warmup4,Editor,C:/Users/User/CLionProjects/warmup4/main.cpp,,5,1,Default task
2021-06-22T20:02:05.400+09:00,User,KeyEvent,117:85:0,warmup4,Editor,C:/Users/User/CLionProjects/warmup4/main.cpp,,1,0,Default task
2021-06-22T20:02:05.872+09:00,User,KeyEvent,115:83:0,warmup4,Editor,C:/Users/User/CLionProjects/warmup4/main.cpp,,1,1,Default task
2021-06-22T20:02:06.240+09:00,User,KeyEvent,105:73:0,warmup4,Editor,C:/Users/User/CLionProjects/warmup4/main.cpp,,1,2,Default task
2021-06-22T20:02:06.349+09:00,User,KeyEvent,110:78:0,warmup4,Editor,C:/Users/User/CLionProjects/warmup4/main.cpp,,1,3,Default task
2021-06-22T20:02:06.443+09:00,User,KeyEvent,103:71:0,warmup4,Editor,C:/Users/User/CLionProjects/warmup4/main.cpp,,1,4,Default task
2021-06-22T20:02:07.001+09:00,User,KeyEvent,32:32:0,warmup4,Editor,C:/Users/User/CLionProjects/warmup4/main.cpp,,1,5,Default task
2021-06-22T20:02:09.704+09:00,User,KeyEvent,110:78:0,warmup4,Editor,C:/Users/User/CLionProjects/warmup4/main.cpp,,1,6,Default task
2021-06-22T20:02:09.776+09:00,User,KeyEvent,97:65:0,warmup4,Editor,C:/Users/User/CLionProjects/warmup4/main.cpp,,1,7,Default task
2021-06-22T20:02:10.080+09:00,User,KeyEvent,109:77:0,warmup4,Editor,C:/Users/User/CLionProjects/warmup4/main.cpp,,1,8,Default task
2021-06-22T20:02:10.632+09:00,User,KeyEvent,101:69:0,warmup4,Editor,C:/Users/User/CLionProjects/warmup4/main.cpp,,1,9,Default task
2021-06-22T20:02:11.064+09:00,User,KeyEvent,115:83:0,warmup4,Editor,C:/Users/User/CLionProjects/warmup4/main.cpp,,1,10,Default task
2021-06-22T20:02:11.144+09:00,User,KeyEvent,112:80:0,warmup4,Editor,C:/Users/User/CLionProjects/warmup4/main.cpp,,1,11,Default task
2021-06-22T20:02:11.344+09:00,User,KeyEvent,97:65:0,warmup4,Editor,C:/Users/User/CLionProjects/warmup4/main.cpp,,1,12,Default task
2021-06-22T20:02:11.488+09:00,User,KeyEvent,99:67:0,warmup4,Editor,C:/Users/User/CLionProjects/warmup4/main.cpp,,1,13,Default task
2021-06-22T20:02:11.696+09:00,User,KeyEvent,101:69:0,warmup4,Editor,C:/Users/User/CLionProjects/warmup4/main.cpp,,1,14,Default task
2021-06-22T20:02:11.864+09:00,User,KeyEvent,32:32:0,warmup4,Editor,C:/Users/User/CLionProjects/warmup4/main.cpp,,1,15,Default task
2021-06-22T20:02:11.912+09:00,User,KeyEvent,115:83:0,warmup4,Editor,C:/Users/User/CLionProjects/warmup4/main.cpp,,1,16,Default task
2021-06-22T20:02:12.024+09:00,User,KeyEvent,116:84:0,warmup4,Editor,C:/Users/User/CLionProjects/warmup4/main.cpp,,1,17,Default task
2021-06-22T20:02:12.159+09:00,User,KeyEvent,100:68:0,warmup4,Editor,C:/Users/User/CLionProjects/warmup4/main.cpp,,1,18,Default task
2021-06-22T20:02:12.327+09:00,User,KeyEvent,59:59:0,warmup4,Editor,C:/Users/User/CLionProjects/warmup4/main.cpp,,1,19,Default task
2021-06-22T20:02:12.653+09:00,User,Action,EditorEnter,warmup4,Editor,C:/Users/User/CLionProjects/warmup4/main.cpp,,1,20,Default task
2021-06-22T20:02:12.657+09:00,User,KeyEvent,10:10:0,warmup4,Editor,C:/Users/User/CLionProjects/warmup4/main.cpp,,2,0,Default task
2021-06-22T20:02:16.585+09:00,User,KeyEvent,65535:17:2,warmup4,Editor,C:/Users/User/CLionProjects/warmup4/main.cpp,,7,0,Default task
2021-06-22T20:02:16.840+09:00,User,Action,SaveAll,warmup4,Editor,C:/Users/User/CLionProjects/warmup4/main.cpp,,7,0,Default task
2021-06-22T20:02:16.855+09:00,User,KeyEvent,19:83:2,warmup4,Editor,C:/Users/User/CLionProjects/warmup4/main.cpp,,7,0,Default task
2021-06-22T20:02:25.112+09:00,User,Action,EditorUp,warmup4,Editor,C:/Users/User/CLionProjects/warmup4/main.cpp,,4,46,Default task
2021-06-22T20:02:25.113+09:00,User,KeyEvent,65535:38:0,warmup4,Editor,C:/Users/User/CLionProjects/warmup4/main.cpp,,3,12,Default task
2021-06-22T20:02:25.569+09:00,User,Action,EditorEnter,warmup4,Editor,C:/Users/User/CLionProjects/warmup4/main.cpp,,3,12,Default task
2021-06-22T20:02:25.576+09:00,User,KeyEvent,10:10:0,warmup4,Editor,C:/Users/User/CLionProjects/warmup4/main.cpp,,4,4,Default task
2021-06-22T20:02:26.032+09:00,User,KeyEvent,105:73:0,warmup4,Editor,C:/Users/User/CLionProjects/warmup4/main.cpp,,4,4,Default task
2021-06-22T20:02:26.152+09:00,User,KeyEvent,110:78:0,warmup4,Editor,C:/Users/User/CLionProjects/warmup4/main.cpp,,4,5,Default task
2021-06-22T20:02:26.216+09:00,User,KeyEvent,116:84:0,warmup4,Editor,C:/Users/User/CLionProjects/warmup4/main.cpp,,4,6,Default task
2021-06-22T20:02:26.376+09:00,User,KeyEvent,32:32:0,warmup4,Editor,C:/Users/User/CLionProjects/warmup4/main.cpp,,4,7,Default task
2021-06-22T20:02:26.506+09:00,User,KeyEvent,110:78:0,warmup4,Editor,C:/Users/User/CLionProjects/warmup4/main.cpp,,4,8,Default task
2021-06-22T20:02:26.600+09:00,User,KeyEvent,117:85:0,warmup4,Editor,C:/Users/User/CLionProjects/warmup4/main.cpp,,4,9,Default task
2021-06-22T20:02:26.752+09:00,User,KeyEvent,109:77:0,warmup4,Editor,C:/Users/User/CLionProjects/warmup4/main.cpp,,4,10,Default task
2021-06-22T20:02:26.897+09:00,User,KeyEvent,49:49:0,warmup4,Editor,C:/Users/User/CLionProjects/warmup4/main.cpp,,4,11,Default task
2021-06-22T20:02:27.280+09:00,User,KeyEvent,44:44:0,warmup4,Editor,C:/Users/User/CLionProjects/warmup4/main.cpp,,4,12,Default task
2021-06-22T20:02:27.376+09:00,User,KeyEvent,32:32:0,warmup4,Editor,C:/Users/User/CLionProjects/warmup4/main.cpp,,4,13,Default task
2021-06-22T20:02:27.585+09:00,User,KeyEvent,110:78:0,warmup4,Editor,C:/Users/User/CLionProjects/warmup4/main.cpp,,4,14,Default task
2021-06-22T20:02:27.672+09:00,User,KeyEvent,117:85:0,warmup4,Editor,C:/Users/User/CLionProjects/warmup4/main.cpp,,4,15,Default task
2021-06-22T20:02:27.807+09:00,User,KeyEvent,109:77:0,warmup4,Editor,C:/Users/User/CLionProjects/warmup4/main.cpp,,4,16,Default task
2021-06-22T20:02:27.944+09:00,User,KeyEvent,50:50:0,warmup4,Editor,C:/Users/User/CLionProjects/warmup4/main.cpp,,4,17,Default task
2021-06-22T20:02:28.544+09:00,User,KeyEvent,44:44:0,warmup4,Editor,C:/Users/User/CLionProjects/warmup4/main.cpp,,4,18,Default task
2021-06-22T20:02:28.657+09:00,User,KeyEvent,32:32:0,warmup4,Editor,C:/Users/User/CLionProjects/warmup4/main.cpp,,4,19,Default task
2021-06-22T20:02:28.769+09:00,User,KeyEvent,110:78:0,warmup4,Editor,C:/Users/User/CLionProjects/warmup4/main.cpp,,4,20,Default task
2021-06-22T20:02:28.864+09:00,User,KeyEvent,117:85:0,warmup4,Editor,C:/Users/User/CLionProjects/warmup4/main.cpp,,4,21,Default task
2021-06-22T20:02:29.008+09:00,User,KeyEvent,109:77:0,warmup4,Editor,C:/Users/User/CLionProjects/warmup4/main.cpp,,4,22,Default task
2021-06-22T20:02:29.224+09:00,User,KeyEvent,51:51:0,warmup4,Editor,C:/Users/User/CLionProjects/warmup4/main.cpp,,4,23,Default task
2021-06-22T20:02:30.080+09:00,User,KeyEvent,59:59:0,warmup4,Editor,C:/Users/User/CLionProjects/warmup4/main.cpp,,4,24,Default task
2021-06-22T20:02:30.224+09:00,User,Action,EditorEnter,warmup4,Editor,C:/Users/User/CLionProjects/warmup4/main.cpp,,4,25,Default task
2021-06-22T20:02:30.229+09:00,User,KeyEvent,10:10:0,warmup4,Editor,C:/Users/User/CLionProjects/warmup4/main.cpp,,5,4,Default task
2021-06-22T20:02:30.600+09:00,User,Action,EditorEnter,warmup4,Editor,C:/Users/User/CLionProjects/warmup4/main.cpp,,5,4,Default task
2021-06-22T20:02:30.609+09:00,User,KeyEvent,10:10:0,warmup4,Editor,C:/Users/User/CLionProjects/warmup4/main.cpp,,6,4,Default task
2021-06-22T20:02:30.792+09:00,User,KeyEvent,99:67:0,warmup4,Editor,C:/Users/User/CLionProjects/warmup4/main.cpp,,6,4,Default task
2021-06-22T20:02:30.917+09:00,User,KeyEvent,105:73:0,warmup4,Editor,C:/Users/User/CLionProjects/warmup4/main.cpp,,6,5,Default task
2021-06-22T20:02:30.999+09:00,User,KeyEvent,110:78:0,warmup4,Editor,C:/Users/User/CLionProjects/warmup4/main.cpp,,6,6,Default task
2021-06-22T20:02:31.304+09:00,User,KeyEvent,116:84:0,warmup4,Editor,C:/Users/User/CLionProjects/warmup4/main.cpp,,6,7,Default task
2021-06-22T20:02:31.652+09:00,User,Action,EditorBackSpace,warmup4,Editor,C:/Users/User/CLionProjects/warmup4/main.cpp,,6,8,Default task
2021-06-22T20:02:31.666+09:00,User,KeyEvent,8:8:0,warmup4,Editor,C:/Users/User/CLionProjects/warmup4/main.cpp,,6,7,Default task
2021-06-22T20:02:31.767+09:00,User,KeyEvent,32:32:0,warmup4,Editor,C:/Users/User/CLionProjects/warmup4/main.cpp,,6,7,Default task
2021-06-22T20:02:31.929+09:00,User,KeyEvent,65535:16:1,warmup4,Editor,C:/Users/User/CLionProjects/warmup4/main.cpp,,6,8,Default task
2021-06-22T20:02:32.008+09:00,User,KeyEvent,62:46:1,warmup4,Editor,C:/Users/User/CLionProjects/warmup4/main.cpp,,6,8,Default task
2021-06-22T20:02:32.167+09:00,User,KeyEvent,62:46:1,warmup4,Editor,C:/Users/User/CLionProjects/warmup4/main.cpp,,6,9,Default task
2021-06-22T20:02:32.536+09:00,User,KeyEvent,32:32:0,warmup4,Editor,C:/Users/User/CLionProjects/warmup4/main.cpp,,6,10,Default task
2021-06-22T20:02:32.768+09:00,User,KeyEvent,110:78:0,warmup4,Editor,C:/Users/User/CLionProjects/warmup4/main.cpp,,6,11,Default task
2021-06-22T20:02:32.839+09:00,User,KeyEvent,117:85:0,warmup4,Editor,C:/Users/User/CLionProjects/warmup4/main.cpp,,6,12,Default task
2021-06-22T20:02:32.975+09:00,User,KeyEvent,109:77:0,warmup4,Editor,C:/Users/User/CLionProjects/warmup4/main.cpp,,6,13,Default task
2021-06-22T20:02:33.104+09:00,User,KeyEvent,49:49:0,warmup4,Editor,C:/Users/User/CLionProjects/warmup4/main.cpp,,6,14,Default task
2021-06-22T20:02:33.496+09:00,User,KeyEvent,32:32:0,warmup4,Editor,C:/Users/User/CLionProjects/warmup4/main.cpp,,6,15,Default task
2021-06-22T20:02:33.656+09:00,User,KeyEvent,65535:16:1,warmup4,Editor,C:/Users/User/CLionProjects/warmup4/main.cpp,,6,16,Default task
2021-06-22T20:02:33.721+09:00,User,KeyEvent,62:46:1,warmup4,Editor,C:/Users/User/CLionProjects/warmup4/main.cpp,,6,16,Default task
2021-06-22T20:02:33.847+09:00,User,KeyEvent,62:46:1,warmup4,Editor,C:/Users/User/CLionProjects/warmup4/main.cpp,,6,17,Default task
2021-06-22T20:02:34.272+09:00,User,KeyEvent,32:32:0,warmup4,Editor,C:/Users/User/CLionProjects/warmup4/main.cpp,,6,18,Default task
2021-06-22T20:02:34.407+09:00,User,KeyEvent,110:78:0,warmup4,Editor,C:/Users/User/CLionProjects/warmup4/main.cpp,,6,19,Default task
2021-06-22T20:02:34.479+09:00,User,KeyEvent,117:85:0,warmup4,Editor,C:/Users/User/CLionProjects/warmup4/main.cpp,,6,20,Default task
2021-06-22T20:02:34.640+09:00,User,KeyEvent,109:77:0,warmup4,Editor,C:/Users/User/CLionProjects/warmup4/main.cpp,,6,21,Default task
2021-06-22T20:02:34.760+09:00,User,KeyEvent,50:50:0,warmup4,Editor,C:/Users/User/CLionProjects/warmup4/main.cpp,,6,22,Default task
2021-06-22T20:02:34.976+09:00,User,KeyEvent,32:32:0,warmup4,Editor,C:/Users/User/CLionProjects/warmup4/main.cpp,,6,23,Default task
2021-06-22T20:02:35.120+09:00,User,KeyEvent,65535:16:1,warmup4,Editor,C:/Users/User/CLionProjects/warmup4/main.cpp,,6,24,Default task
2021-06-22T20:02:35.191+09:00,User,KeyEvent,62:46:1,warmup4,Editor,C:/Users/User/CLionProjects/warmup4/main.cpp,,6,24,Default task
2021-06-22T20:02:35.287+09:00,User,KeyEvent,62:46:1,warmup4,Editor,C:/Users/User/CLionProjects/warmup4/main.cpp,,6,25,Default task
2021-06-22T20:02:35.793+09:00,User,KeyEvent,32:32:0,warmup4,Editor,C:/Users/User/CLionProjects/warmup4/main.cpp,,6,26,Default task
2021-06-22T20:02:35.975+09:00,User,KeyEvent,110:78:0,warmup4,Editor,C:/Users/User/CLionProjects/warmup4/main.cpp,,6,27,Default task
2021-06-22T20:02:36.056+09:00,User,KeyEvent,117:85:0,warmup4,Editor,C:/Users/User/CLionProjects/warmup4/main.cpp,,6,28,Default task
2021-06-22T20:02:36.248+09:00,User,KeyEvent,109:77:0,warmup4,Editor,C:/Users/User/CLionProjects/warmup4/main.cpp,,6,29,Default task
2021-06-22T20:02:36.753+09:00,User,KeyEvent,51:51:0,warmup4,Editor,C:/Users/User/CLionProjects/warmup4/main.cpp,,6,30,Default task
2021-06-22T20:02:37.216+09:00,User,KeyEvent,59:59:0,warmup4,Editor,C:/Users/User/CLionProjects/warmup4/main.cpp,,6,31,Default task
2021-06-22T20:02:37.402+09:00,User,Action,EditorEnter,warmup4,Editor,C:/Users/User/CLionProjects/warmup4/main.cpp,,6,32,Default task
2021-06-22T20:02:37.409+09:00,User,KeyEvent,10:10:0,warmup4,Editor,C:/Users/User/CLionProjects/warmup4/main.cpp,,7,4,Default task
2021-06-22T20:02:37.831+09:00,User,Action,EditorEnter,warmup4,Editor,C:/Users/User/CLionProjects/warmup4/main.cpp,,7,4,Default task
2021-06-22T20:02:37.845+09:00,User,KeyEvent,10:10:0,warmup4,Editor,C:/Users/User/CLionProjects/warmup4/main.cpp,,8,4,Default task
2021-06-22T20:02:38.032+09:00,User,KeyEvent,99:67:0,warmup4,Editor,C:/Users/User/CLionProjects/warmup4/main.cpp,,8,4,Default task
2021-06-22T20:02:38.149+09:00,User,KeyEvent,111:79:0,warmup4,Editor,C:/Users/User/CLionProjects/warmup4/main.cpp,,8,5,Default task
2021-06-22T20:02:38.360+09:00,User,KeyEvent,117:85:0,warmup4,Editor,C:/Users/User/CLionProjects/warmup4/main.cpp,,8,6,Default task
2021-06-22T20:02:38.496+09:00,User,KeyEvent,116:84:0,warmup4,Editor,C:/Users/User/CLionProjects/warmup4/main.cpp,,8,7,Default task
2021-06-22T20:02:38.865+09:00,User,KeyEvent,65535:16:1,warmup4,Editor,C:/Users/User/CLionProjects/warmup4/main.cpp,,8,8,Default task
2021-06-22T20:02:38.905+09:00,User,KeyEvent,60:44:1,warmup4,Editor,C:/Users/User/CLionProjects/warmup4/main.cpp,,8,8,Default task
2021-06-22T20:02:39.024+09:00,User,KeyEvent,60:44:1,warmup4,Editor,C:/Users/User/CLionProjects/warmup4/main.cpp,,8,9,Default task
2021-06-22T20:02:40.834+09:00,User,KeyEvent,65535:16:1,warmup4,Editor,C:/Users/User/CLionProjects/warmup4/main.cpp,,8,10,Default task
2021-06-22T20:02:40.960+09:00,User,KeyEvent,40:57:1,warmup4,Editor,C:/Users/User/CLionProjects/warmup4/main.cpp,,8,10,Default task
2021-06-22T20:02:41.896+09:00,User,KeyEvent,65535:20:0,warmup4,Editor,C:/Users/User/CLionProjects/warmup4/main.cpp,,8,11,Default task
2021-06-22T20:02:42.137+09:00,User,KeyEvent,65:65:0,warmup4,Editor,C:/Users/User/CLionProjects/warmup4/main.cpp,,8,11,Default task
2021-06-22T20:02:42.328+09:00,User,KeyEvent,65535:20:0,warmup4,Editor,C:/Users/User/CLionProjects/warmup4/main.cpp,,8,12,Default task
2021-06-22T20:02:43.128+09:00,User,KeyEvent,65535:16:1,warmup4,Editor,C:/Users/User/CLionProjects/warmup4/main.cpp,,8,12,Default task
2021-06-22T20:02:43.152+09:00,User,KeyEvent,43:61:1,warmup4,Editor,C:/Users/User/CLionProjects/warmup4/main.cpp,,8,12,Default task
2021-06-22T20:02:43.335+09:00,User,KeyEvent,98:66:0,warmup4,Editor,C:/Users/User/CLionProjects/warmup4/main.cpp,,8,13,Default task
2021-06-22T20:02:44.817+09:00,User,Action,EditorBackSpace,warmup4,Editor,C:/Users/User/CLionProjects/warmup4/main.cpp,,8,14,Default task
2021-06-22T20:02:44.825+09:00,User,KeyEvent,8:8:0,warmup4,Editor,C:/Users/User/CLionProjects/warmup4/main.cpp,,8,13,Default task
2021-06-22T20:02:44.968+09:00,User,Action,EditorBackSpace,warmup4,Editor,C:/Users/User/CLionProjects/warmup4/main.cpp,,8,13,Default task
2021-06-22T20:02:44.972+09:00,User,KeyEvent,8:8:0,warmup4,Editor,C:/Users/User/CLionProjects/warmup4/main.cpp,,8,12,Default task
2021-06-22T20:02:45.114+09:00,User,Action,EditorBackSpace,warmup4,Editor,C:/Users/User/CLionProjects/warmup4/main.cpp,,8,12,Default task
2021-06-22T20:02:45.118+09:00,User,KeyEvent,8:8:0,warmup4,Editor,C:/Users/User/CLionProjects/warmup4/main.cpp,,8,11,Default task
2021-06-22T20:02:45.435+09:00,User,KeyEvent,65535:20:0,warmup4,Editor,C:/Users/User/CLionProjects/warmup4/main.cpp,,8,11,Default task
2021-06-22T20:02:46.032+09:00,User,KeyEvent,78:78:0,warmup4,Editor,C:/Users/User/CLionProjects/warmup4/main.cpp,,8,11,Default task
2021-06-22T20:02:46.136+09:00,User,KeyEvent,85:85:0,warmup4,Editor,C:/Users/User/CLionProjects/warmup4/main.cpp,,8,12,Default task
2021-06-22T20:02:46.328+09:00,User,KeyEvent,77:77:0,warmup4,Editor,C:/Users/User/CLionProjects/warmup4/main.cpp,,8,13,Default task
2021-06-22T20:02:46.720+09:00,User,Action,EditorBackSpace,warmup4,Editor,C:/Users/User/CLionProjects/warmup4/main.cpp,,8,14,Default task
2021-06-22T20:02:46.727+09:00,User,KeyEvent,8:8:0,warmup4,Editor,C:/Users/User/CLionProjects/warmup4/main.cpp,,8,13,Default task
2021-06-22T20:02:46.976+09:00,User,Action,EditorBackSpace,warmup4,Editor,C:/Users/User/CLionProjects/warmup4/main.cpp,,8,13,Default task
2021-06-22T20:02:46.983+09:00,User,KeyEvent,8:8:0,warmup4,Editor,C:/Users/User/CLionProjects/warmup4/main.cpp,,8,12,Default task
2021-06-22T20:02:47.144+09:00,User,Action,EditorBackSpace,warmup4,Editor,C:/Users/User/CLionProjects/warmup4/main.cpp,,8,12,Default task
2021-06-22T20:02:47.151+09:00,User,KeyEvent,8:8:0,warmup4,Editor,C:/Users/User/CLionProjects/warmup4/main.cpp,,8,11,Default task
2021-06-22T20:02:47.260+09:00,User,KeyEvent,65535:20:0,warmup4,Editor,C:/Users/User/CLionProjects/warmup4/main.cpp,,8,11,Default task
2021-06-22T20:02:47.511+09:00,User,KeyEvent,110:78:0,warmup4,Editor,C:/Users/User/CLionProjects/warmup4/main.cpp,,8,11,Default task
2021-06-22T20:02:47.617+09:00,User,KeyEvent,117:85:0,warmup4,Editor,C:/Users/User/CLionProjects/warmup4/main.cpp,,8,12,Default task
2021-06-22T20:02:47.768+09:00,User,KeyEvent,109:77:0,warmup4,Editor,C:/Users/User/CLionProjects/warmup4/main.cpp,,8,13,Default task
2021-06-22T20:02:47.954+09:00,User,KeyEvent,49:49:0,warmup4,Editor,C:/Users/User/CLionProjects/warmup4/main.cpp,,8,14,Default task
2021-06-22T20:02:49.202+09:00,User,KeyEvent,65535:16:1,warmup4,Editor,C:/Users/User/CLionProjects/warmup4/main.cpp,,8,15,Default task
2021-06-22T20:02:49.353+09:00,User,KeyEvent,43:61:1,warmup4,Editor,C:/Users/User/CLionProjects/warmup4/main.cpp,,8,15,Default task
2021-06-22T20:02:49.800+09:00,User,KeyEvent,110:78:0,warmup4,Editor,C:/Users/User/CLionProjects/warmup4/main.cpp,,8,16,Default task
2021-06-22T20:02:49.864+09:00,User,KeyEvent,117:85:0,warmup4,Editor,C:/Users/User/CLionProjects/warmup4/main.cpp,,8,17,Default task
2021-06-22T20:02:50.047+09:00,User,KeyEvent,109:77:0,warmup4,Editor,C:/Users/User/CLionProjects/warmup4/main.cpp,,8,18,Default task
2021-06-22T20:02:50.176+09:00,User,KeyEvent,50:50:0,warmup4,Editor,C:/Users/User/CLionProjects/warmup4/main.cpp,,8,19,Default task
2021-06-22T20:02:50.464+09:00,User,KeyEvent,65535:16:1,warmup4,Editor,C:/Users/User/CLionProjects/warmup4/main.cpp,,8,20,Default task
2021-06-22T20:02:50.591+09:00,User,KeyEvent,41:48:1,warmup4,Editor,C:/Users/User/CLionProjects/warmup4/main.cpp,,8,20,Default task
2021-06-22T20:02:51.640+09:00,User,KeyEvent,65535:16:1,warmup4,Editor,C:/Users/User/CLionProjects/warmup4/main.cpp,,8,21,Default task
2021-06-22T20:02:51.857+09:00,User,KeyEvent,37:53:1,warmup4,Editor,C:/Users/User/CLionProjects/warmup4/main.cpp,,8,21,Default task
2021-06-22T20:02:52.239+09:00,User,KeyEvent,110:78:0,warmup4,Editor,C:/Users/User/CLionProjects/warmup4/main.cpp,,8,22,Default task
2021-06-22T20:02:52.358+09:00,User,KeyEvent,117:85:0,warmup4,Editor,C:/Users/User/CLionProjects/warmup4/main.cpp,,8,23,Default task
2021-06-22T20:02:53.498+09:00,User,KeyEvent,109:77:0,warmup4,Editor,C:/Users/User/CLionProjects/warmup4/main.cpp,,8,24,Default task
2021-06-22T20:02:53.913+09:00,User,KeyEvent,51:51:0,warmup4,Editor,C:/Users/User/CLionProjects/warmup4/main.cpp,,8,25,Default task
2021-06-22T20:02:54.167+09:00,User,KeyEvent,32:32:0,warmup4,Editor,C:/Users/User/CLionProjects/warmup4/main.cpp,,8,26,Default task
2021-06-22T20:02:54.384+09:00,User,KeyEvent,65535:16:1,warmup4,Editor,C:/Users/User/CLionProjects/warmup4/main.cpp,,8,27,Default task
2021-06-22T20:02:54.416+09:00,User,KeyEvent,60:44:1,warmup4,Editor,C:/Users/User/CLionProjects/warmup4/main.cpp,,8,27,Default task
2021-06-22T20:02:54.599+09:00,User,KeyEvent,60:44:1,warmup4,Editor,C:/Users/User/CLionProjects/warmup4/main.cpp,,8,28,Default task
2021-06-22T20:02:54.817+09:00,User,KeyEvent,101:69:0,warmup4,Editor,C:/Users/User/CLionProjects/warmup4/main.cpp,,8,29,Default task
2021-06-22T20:02:54.880+09:00,User,KeyEvent,110:78:0,warmup4,Editor,C:/Users/User/CLionProjects/warmup4/main.cpp,,8,30,Default task
2021-06-22T20:02:55.020+09:00,User,KeyEvent,100:68:0,warmup4,Editor,C:/Users/User/CLionProjects/warmup4/main.cpp,,8,31,Default task
2021-06-22T20:02:55.096+09:00,User,KeyEvent,108:76:0,warmup4,Editor,C:/Users/User/CLionProjects/warmup4/main.cpp,,8,32,Default task
2021-06-22T20:02:55.295+09:00,User,KeyEvent,59:59:0,warmup4,Editor,C:/Users/User/CLionProjects/warmup4/main.cpp,,8,33,Default task
2021-06-22T20:02:55.521+09:00,User,Action,EditorEnter,warmup4,Editor,C:/Users/User/CLionProjects/warmup4/main.cpp,,8,34,Default task
2021-06-22T20:02:55.526+09:00,User,KeyEvent,10:10:0,warmup4,Editor,C:/Users/User/CLionProjects/warmup4/main.cpp,,9,4,Default task
2021-06-22T20:02:55.984+09:00,User,KeyEvent,99:67:0,warmup4,Editor,C:/Users/User/CLionProjects/warmup4/main.cpp,,9,4,Default task
2021-06-22T20:02:56.079+09:00,User,KeyEvent,111:79:0,warmup4,Editor,C:/Users/User/CLionProjects/warmup4/main.cpp,,9,5,Default task
2021-06-22T20:02:56.256+09:00,User,KeyEvent,117:85:0,warmup4,Editor,C:/Users/User/CLionProjects/warmup4/main.cpp,,9,6,Default task
2021-06-22T20:02:56.415+09:00,User,KeyEvent,116:84:0,warmup4,Editor,C:/Users/User/CLionProjects/warmup4/main.cpp,,9,7,Default task
2021-06-22T20:02:56.745+09:00,User,KeyEvent,65535:16:1,warmup4,Editor,C:/Users/User/CLionProjects/warmup4/main.cpp,,9,8,Default task
2021-06-22T20:02:56.746+09:00,User,KeyEvent,60:44:1,warmup4,Editor,C:/Users/User/CLionProjects/warmup4/main.cpp,,9,8,Default task
2021-06-22T20:02:56.895+09:00,User,KeyEvent,60:44:1,warmup4,Editor,C:/Users/User/CLionProjects/warmup4/main.cpp,,9,9,Default task
2021-06-22T20:02:57.161+09:00,User,KeyEvent,32:32:0,warmup4,Editor,C:/Users/User/CLionProjects/warmup4/main.cpp,,9,10,Default task
2021-06-22T20:02:58.015+09:00,User,Action,EditorBackSpace,warmup4,Editor,C:/Users/User/CLionProjects/warmup4/main.cpp,,9,11,Default task
2021-06-22T20:02:58.017+09:00,User,KeyEvent,8:8:0,warmup4,Editor,C:/Users/User/CLionProjects/warmup4/main.cpp,,9,10,Default task
2021-06-22T20:03:01.057+09:00,User,KeyEvent,65535:16:1,warmup4,Editor,C:/Users/User/CLionProjects/warmup4/main.cpp,,9,10,Default task
2021-06-22T20:03:01.564+09:00,User,KeyEvent,65535:16:1,warmup4,Editor,C:/Users/User/CLionProjects/warmup4/main.cpp,,9,10,Default task
2021-06-22T20:03:01.594+09:00,User,KeyEvent,65535:16:1,warmup4,Editor,C:/Users/User/CLionProjects/warmup4/main.cpp,,9,10,Default task
2021-06-22T20:03:01.624+09:00,User,KeyEvent,65535:16:1,warmup4,Editor,C:/Users/User/CLionProjects/warmup4/main.cpp,,9,10,Default task
2021-06-22T20:03:01.671+09:00,User,KeyEvent,65535:16:1,warmup4,Editor,C:/Users/User/CLionProjects/warmup4/main.cpp,,9,10,Default task
2021-06-22T20:03:01.702+09:00,User,KeyEvent,65535:16:1,warmup4,Editor,C:/Users/User/CLionProjects/warmup4/main.cpp,,9,10,Default task
2021-06-22T20:03:01.733+09:00,User,KeyEvent,65535:16:1,warmup4,Editor,C:/Users/User/CLionProjects/warmup4/main.cpp,,9,10,Default task
2021-06-22T20:03:01.764+09:00,User,KeyEvent,65535:16:1,warmup4,Editor,C:/Users/User/CLionProjects/warmup4/main.cpp,,9,10,Default task
2021-06-22T20:03:01.795+09:00,User,KeyEvent,65535:16:1,warmup4,Editor,C:/Users/User/CLionProjects/warmup4/main.cpp,,9,10,Default task
2021-06-22T20:03:01.826+09:00,User,KeyEvent,65535:16:1,warmup4,Editor,C:/Users/User/CLionProjects/warmup4/main.cpp,,9,10,Default task
2021-06-22T20:03:01.857+09:00,User,KeyEvent,65535:16:1,warmup4,Editor,C:/Users/User/CLionProjects/warmup4/main.cpp,,9,10,Default task
2021-06-22T20:03:01.906+09:00,User,KeyEvent,65535:16:1,warmup4,Editor,C:/Users/User/CLionProjects/warmup4/main.cpp,,9,10,Default task
2021-06-22T20:03:01.932+09:00,User,KeyEvent,65535:16:1,warmup4,Editor,C:/Users/User/CLionProjects/warmup4/main.cpp,,9,10,Default task
2021-06-22T20:03:01.963+09:00,User,KeyEvent,65535:16:1,warmup4,Editor,C:/Users/User/CLionProjects/warmup4/main.cpp,,9,10,Default task
2021-06-22T20:03:01.994+09:00,User,KeyEvent,65535:16:1,warmup4,Editor,C:/Users/User/CLionProjects/warmup4/main.cpp,,9,10,Default task
2021-06-22T20:03:02.026+09:00,User,KeyEvent,65535:16:1,warmup4,Editor,C:/Users/User/CLionProjects/warmup4/main.cpp,,9,10,Default task
2021-06-22T20:03:02.057+09:00,User,KeyEvent,65535:16:1,warmup4,Editor,C:/Users/User/CLionProjects/warmup4/main.cpp,,9,10,Default task
2021-06-22T20:03:02.088+09:00,User,KeyEvent,65535:16:1,warmup4,Editor,C:/Users/User/CLionProjects/warmup4/main.cpp,,9,10,Default task
2021-06-22T20:03:02.135+09:00,User,KeyEvent,65535:16:1,warmup4,Editor,C:/Users/User/CLionProjects/warmup4/main.cpp,,9,10,Default task
2021-06-22T20:03:02.165+09:00,User,KeyEvent,65535:16:1,warmup4,Editor,C:/Users/User/CLionProjects/warmup4/main.cpp,,9,10,Default task
2021-06-22T20:03:02.195+09:00,User,KeyEvent,65535:16:1,warmup4,Editor,C:/Users/User/CLionProjects/warmup4/main.cpp,,9,10,Default task
2021-06-22T20:03:02.225+09:00,User,KeyEvent,40:57:1,warmup4,Editor,C:/Users/User/CLionProjects/warmup4/main.cpp,,9,10,Default task
2021-06-22T20:03:02.487+09:00,User,KeyEvent,40:57:1,warmup4,Editor,C:/Users/User/CLionProjects/warmup4/main.cpp,,9,11,Default task
2021-06-22T20:03:03.560+09:00,User,KeyEvent,110:78:0,warmup4,Editor,C:/Users/User/CLionProjects/warmup4/main.cpp,,9,12,Default task
2021-06-22T20:03:03.676+09:00,User,KeyEvent,117:85:0,warmup4,Editor,C:/Users/User/CLionProjects/warmup4/main.cpp,,9,13,Default task
2021-06-22T20:03:03.856+09:00,User,KeyEvent,109:77:0,warmup4,Editor,C:/Users/User/CLionProjects/warmup4/main.cpp,,9,14,Default task
2021-06-22T20:03:05.001+09:00,User,KeyEvent,49:49:0,warmup4,Editor,C:/Users/User/CLionProjects/warmup4/main.cpp,,9,15,Default task
2021-06-22T20:03:05.680+09:00,User,KeyEvent,65535:16:1,warmup4,Editor,C:/Users/User/CLionProjects/warmup4/main.cpp,,9,16,Default task
2021-06-22T20:03:05.848+09:00,User,KeyEvent,37:53:1,warmup4,Editor,C:/Users/User/CLionProjects/warmup4/main.cpp,,9,16,Default task
2021-06-22T20:03:06.179+09:00,User,KeyEvent,110:78:0,warmup4,Editor,C:/Users/User/CLionProjects/warmup4/main.cpp,,9,17,Default task
2021-06-22T20:03:06.295+09:00,User,KeyEvent,117:85:0,warmup4,Editor,C:/Users/User/CLionProjects/warmup4/main.cpp,,9,18,Default task
2021-06-22T20:03:06.487+09:00,User,KeyEvent,109:77:0,warmup4,Editor,C:/Users/User/CLionProjects/warmup4/main.cpp,,9,19,Default task
2021-06-22T20:03:06.922+09:00,User,KeyEvent,99:67:0,warmup4,Editor,C:/Users/User/CLionProjects/warmup4/main.cpp,,9,20,Default task
2021-06-22T20:03:07.457+09:00,User,Action,EditorBackSpace,warmup4,Editor,C:/Users/User/CLionProjects/warmup4/main.cpp,,9,21,Default task
2021-06-22T20:03:07.462+09:00,User,KeyEvent,8:8:0,warmup4,Editor,C:/Users/User/CLionProjects/warmup4/main.cpp,,9,20,Default task
2021-06-22T20:03:07.551+09:00,User,KeyEvent,51:51:0,warmup4,Editor,C:/Users/User/CLionProjects/warmup4/main.cpp,,9,20,Default task
2021-06-22T20:03:09.394+09:00,User,KeyEvent,65535:16:1,warmup4,Editor,C:/Users/User/CLionProjects/warmup4/main.cpp,,9,21,Default task
2021-06-22T20:03:09.624+09:00,User,KeyEvent,41:48:1,warmup4,Editor,C:/Users/User/CLionProjects/warmup4/main.cpp,,9,21,Default task
2021-06-22T20:03:11.649+09:00,User,KeyEvent,32:32:0,warmup4,Editor,C:/Users/User/CLionProjects/warmup4/main.cpp,,9,22,Default task
2021-06-22T20:03:11.928+09:00,User,KeyEvent,65535:16:1,warmup4,Editor,C:/Users/User/CLionProjects/warmup4/main.cpp,,9,23,Default task
2021-06-22T20:03:12.096+09:00,User,KeyEvent,43:61:1,warmup4,Editor,C:/Users/User/CLionProjects/warmup4/main.cpp,,9,23,Default task
2021-06-22T20:03:12.313+09:00,User,KeyEvent,32:32:0,warmup4,Editor,C:/Users/User/CLionProjects/warmup4/main.cpp,,9,24,Default task
2021-06-22T20:03:12.512+09:00,User,KeyEvent,65535:16:1,warmup4,Editor,C:/Users/User/CLionProjects/warmup4/main.cpp,,9,25,Default task
2021-06-22T20:03:12.651+09:00,User,KeyEvent,40:57:1,warmup4,Editor,C:/Users/User/CLionProjects/warmup4/main.cpp,,9,25,Default task
2021-06-22T20:03:14.337+09:00,User,KeyEvent,110:78:0,warmup4,Editor,C:/Users/User/CLionProjects/warmup4/main.cpp,,9,26,Default task
2021-06-22T20:03:14.416+09:00,User,KeyEvent,117:85:0,warmup4,Editor,C:/Users/User/CLionProjects/warmup4/main.cpp,,9,27,Default task
2021-06-22T20:03:14.648+09:00,User,KeyEvent,109:77:0,warmup4,Editor,C:/Users/User/CLionProjects/warmup4/main.cpp,,9,28,Default task
2021-06-22T20:03:15.449+09:00,User,KeyEvent,50:50:0,warmup4,Editor,C:/Users/User/CLionProjects/warmup4/main.cpp,,9,29,Default task
2021-06-22T20:03:16.418+09:00,User,KeyEvent,65535:16:1,warmup4,Editor,C:/Users/User/CLionProjects/warmup4/main.cpp,,9,30,Default task
2021-06-22T20:03:16.592+09:00,User,KeyEvent,37:53:1,warmup4,Editor,C:/Users/User/CLionProjects/warmup4/main.cpp,,9,30,Default task
2021-06-22T20:03:16.927+09:00,User,KeyEvent,110:78:0,warmup4,Editor,C:/Users/User/CLionProjects/warmup4/main.cpp,,9,31,Default task
2021-06-22T20:03:17.037+09:00,User,KeyEvent,117:85:0,warmup4,Editor,C:/Users/User/CLionProjects/warmup4/main.cpp,,9,32,Default task
2021-06-22T20:03:17.272+09:00,User,KeyEvent,109:77:0,warmup4,Editor,C:/Users/User/CLionProjects/warmup4/main.cpp,,9,33,Default task
2021-06-22T20:03:18.113+09:00,User,KeyEvent,51:51:0,warmup4,Editor,C:/Users/User/CLionProjects/warmup4/main.cpp,,9,34,Default task
2021-06-22T20:03:18.544+09:00,User,KeyEvent,65535:16:1,warmup4,Editor,C:/Users/User/CLionProjects/warmup4/main.cpp,,9,35,Default task
2021-06-22T20:03:18.663+09:00,User,KeyEvent,41:48:1,warmup4,Editor,C:/Users/User/CLionProjects/warmup4/main.cpp,,9,35,Default task
2021-06-22T20:03:22.513+09:00,User,KeyEvent,65535:16:1,warmup4,Editor,C:/Users/User/CLionProjects/warmup4/main.cpp,,9,36,Default task
2021-06-22T20:03:22.800+09:00,User,KeyEvent,41:48:1,warmup4,Editor,C:/Users/User/CLionProjects/warmup4/main.cpp,,9,36,Default task
2021-06-22T20:03:23.945+09:00,User,KeyEvent,65535:16:1,warmup4,Editor,C:/Users/User/CLionProjects/warmup4/main.cpp,,9,37,Default task
2021-06-22T20:03:24.200+09:00,User,KeyEvent,37:53:1,warmup4,Editor,C:/Users/User/CLionProjects/warmup4/main.cpp,,9,37,Default task
2021-06-22T20:03:24.647+09:00,User,KeyEvent,110:78:0,warmup4,Editor,C:/Users/User/CLionProjects/warmup4/main.cpp,,9,38,Default task
2021-06-22T20:03:24.799+09:00,User,KeyEvent,117:85:0,warmup4,Editor,C:/Users/User/CLionProjects/warmup4/main.cpp,,9,39,Default task
2021-06-22T20:03:25.023+09:00,User,KeyEvent,109:77:0,warmup4,Editor,C:/Users/User/CLionProjects/warmup4/main.cpp,,9,40,Default task
2021-06-22T20:03:26.233+09:00,User,KeyEvent,51:51:0,warmup4,Editor,C:/Users/User/CLionProjects/warmup4/main.cpp,,9,41,Default task
2021-06-22T20:03:27.122+09:00,User,KeyEvent,32:32:0,warmup4,Editor,C:/Users/User/CLionProjects/warmup4/main.cpp,,9,42,Default task
2021-06-22T20:03:27.330+09:00,User,KeyEvent,65535:16:1,warmup4,Editor,C:/Users/User/CLionProjects/warmup4/main.cpp,,9,43,Default task
2021-06-22T20:03:27.408+09:00,User,KeyEvent,60:44:1,warmup4,Editor,C:/Users/User/CLionProjects/warmup4/main.cpp,,9,43,Default task
2021-06-22T20:03:27.520+09:00,User,KeyEvent,60:44:1,warmup4,Editor,C:/Users/User/CLionProjects/warmup4/main.cpp,,9,44,Default task
2021-06-22T20:03:27.823+09:00,User,KeyEvent,101:69:0,warmup4,Editor,C:/Users/User/CLionProjects/warmup4/main.cpp,,9,45,Default task
2021-06-22T20:03:27.985+09:00,User,KeyEvent,110:78:0,warmup4,Editor,C:/Users/User/CLionProjects/warmup4/main.cpp,,9,46,Default task
2021-06-22T20:03:28.088+09:00,User,KeyEvent,100:68:0,warmup4,Editor,C:/Users/User/CLionProjects/warmup4/main.cpp,,9,47,Default task
2021-06-22T20:03:28.192+09:00,User,KeyEvent,108:76:0,warmup4,Editor,C:/Users/User/CLionProjects/warmup4/main.cpp,,9,48,Default task
2021-06-22T20:03:28.384+09:00,User,KeyEvent,59:59:0,warmup4,Editor,C:/Users/User/CLionProjects/warmup4/main.cpp,,9,49,Default task
2021-06-22T20:03:28.624+09:00,User,Action,EditorEnter,warmup4,Editor,C:/Users/User/CLionProjects/warmup4/main.cpp,,9,50,Default task
2021-06-22T20:03:28.627+09:00,User,KeyEvent,10:10:0,warmup4,Editor,C:/Users/User/CLionProjects/warmup4/main.cpp,,10,4,Default task
2021-06-22T20:03:29.407+09:00,User,KeyEvent,99:67:0,warmup4,Editor,C:/Users/User/CLionProjects/warmup4/main.cpp,,10,4,Default task
2021-06-22T20:03:29.488+09:00,User,KeyEvent,111:79:0,warmup4,Editor,C:/Users/User/CLionProjects/warmup4/main.cpp,,10,5,Default task
2021-06-22T20:03:29.736+09:00,User,KeyEvent,117:85:0,warmup4,Editor,C:/Users/User/CLionProjects/warmup4/main.cpp,,10,6,Default task
2021-06-22T20:03:29.992+09:00,User,KeyEvent,116:84:0,warmup4,Editor,C:/Users/User/CLionProjects/warmup4/main.cpp,,10,7,Default task
2021-06-22T20:03:30.593+09:00,User,KeyEvent,32:32:0,warmup4,Editor,C:/Users/User/CLionProjects/warmup4/main.cpp,,10,8,Default task
2021-06-22T20:03:30.905+09:00,User,KeyEvent,65535:16:1,warmup4,Editor,C:/Users/User/CLionProjects/warmup4/main.cpp,,10,9,Default task
2021-06-22T20:03:31.136+09:00,User,Action,EditorBackSpace,warmup4,Editor,C:/Users/User/CLionProjects/warmup4/main.cpp,,10,9,Default task
2021-06-22T20:03:31.138+09:00,User,KeyEvent,8:8:0,warmup4,Editor,C:/Users/User/CLionProjects/warmup4/main.cpp,,10,8,Default task
2021-06-22T20:03:31.458+09:00,User,KeyEvent,65535:16:1,warmup4,Editor,C:/Users/User/CLionProjects/warmup4/main.cpp,,10,8,Default task
2021-06-22T20:03:31.511+09:00,User,KeyEvent,60:44:1,warmup4,Editor,C:/Users/User/CLionProjects/warmup4/main.cpp,,10,8,Default task
2021-06-22T20:03:31.647+09:00,User,KeyEvent,60:44:1,warmup4,Editor,C:/Users/User/CLionProjects/warmup4/main.cpp,,10,9,Default task
2021-06-22T20:03:31.944+09:00,User,KeyEvent,32:32:0,warmup4,Editor,C:/Users/User/CLionProjects/warmup4/main.cpp,,10,10,Default task
2021-06-22T20:03:33.281+09:00,User,Action,EditorBackSpace,warmup4,Editor,C:/Users/User/CLionProjects/warmup4/main.cpp,,10,11,Default task
2021-06-22T20:03:33.283+09:00,User,KeyEvent,8:8:0,warmup4,Editor,C:/Users/User/CLionProjects/warmup4/main.cpp,,10,10,Default task
2021-06-22T20:03:35.889+09:00,User,KeyEvent,65535:16:1,warmup4,Editor,C:/Users/User/CLionProjects/warmup4/main.cpp,,10,10,Default task
2021-06-22T20:03:36.025+09:00,User,KeyEvent,40:57:1,warmup4,Editor,C:/Users/User/CLionProjects/warmup4/main.cpp,,10,10,Default task
2021-06-22T20:03:36.424+09:00,User,KeyEvent,110:78:0,warmup4,Editor,C:/Users/User/CLionProjects/warmup4/main.cpp,,10,11,Default task
2021-06-22T20:03:36.528+09:00,User,KeyEvent,117:85:0,warmup4,Editor,C:/Users/User/CLionProjects/warmup4/main.cpp,,10,12,Default task
2021-06-22T20:03:36.697+09:00,User,KeyEvent,109:77:0,warmup4,Editor,C:/Users/User/CLionProjects/warmup4/main.cpp,,10,13,Default task
2021-06-22T20:03:37.713+09:00,User,KeyEvent,49:49:0,warmup4,Editor,C:/Users/User/CLionProjects/warmup4/main.cpp,,10,14,Default task
2021-06-22T20:03:38.498+09:00,User,KeyEvent,65535:16:1,warmup4,Editor,C:/Users/User/CLionProjects/warmup4/main.cpp,,10,15,Default task
2021-06-22T20:03:39.004+09:00,User,KeyEvent,65535:16:1,warmup4,Editor,C:/Users/User/CLionProjects/warmup4/main.cpp,,10,15,Default task
2021-06-22T20:03:39.036+09:00,User,KeyEvent,65535:16:1,warmup4,Editor,C:/Users/User/CLionProjects/warmup4/main.cpp,,10,15,Default task
2021-06-22T20:03:39.068+09:00,User,KeyEvent,65535:16:1,warmup4,Editor,C:/Users/User/CLionProjects/warmup4/main.cpp,,10,15,Default task
2021-06-22T20:03:39.098+09:00,User,KeyEvent,65535:16:1,warmup4,Editor,C:/Users/User/CLionProjects/warmup4/main.cpp,,10,15,Default task
2021-06-22T20:03:39.143+09:00,User,KeyEvent,65535:16:1,warmup4,Editor,C:/Users/User/CLionProjects/warmup4/main.cpp,,10,15,Default task
2021-06-22T20:03:39.174+09:00,User,KeyEvent,65535:16:1,warmup4,Editor,C:/Users/User/CLionProjects/warmup4/main.cpp,,10,15,Default task
2021-06-22T20:03:39.192+09:00,User,KeyEvent,42:56:1,warmup4,Editor,C:/Users/User/CLionProjects/warmup4/main.cpp,,10,15,Default task
2021-06-22T20:03:40.704+09:00,User,KeyEvent,110:78:0,warmup4,Editor,C:/Users/User/CLionProjects/warmup4/main.cpp,,10,16,Default task
2021-06-22T20:03:40.829+09:00,User,KeyEvent,117:85:0,warmup4,Editor,C:/Users/User/CLionProjects/warmup4/main.cpp,,10,17,Default task
2021-06-22T20:03:40.976+09:00,User,KeyEvent,109:77:0,warmup4,Editor,C:/Users/User/CLionProjects/warmup4/main.cpp,,10,18,Default task
2021-06-22T20:03:41.457+09:00,User,KeyEvent,50:50:0,warmup4,Editor,C:/Users/User/CLionProjects/warmup4/main.cpp,,10,19,Default task
2021-06-22T20:03:41.664+09:00,User,KeyEvent,65535:16:1,warmup4,Editor,C:/Users/User/CLionProjects/warmup4/main.cpp,,10,20,Default task
2021-06-22T20:03:41.760+09:00,User,KeyEvent,41:48:1,warmup4,Editor,C:/Users/User/CLionProjects/warmup4/main.cpp,,10,20,Default task
2021-06-22T20:03:42.770+09:00,User,KeyEvent,65535:16:1,warmup4,Editor,C:/Users/User/CLionProjects/warmup4/main.cpp,,10,21,Default task
2021-06-22T20:03:42.927+09:00,User,KeyEvent,37:53:1,warmup4,Editor,C:/Users/User/CLionProjects/warmup4/main.cpp,,10,21,Default task
2021-06-22T20:03:43.280+09:00,User,KeyEvent,110:78:0,warmup4,Editor,C:/Users/User/CLionProjects/warmup4/main.cpp,,10,22,Default task
2021-06-22T20:03:43.368+09:00,User,KeyEvent,117:85:0,warmup4,Editor,C:/Users/User/CLionProjects/warmup4/main.cpp,,10,23,Default task
2021-06-22T20:03:43.538+09:00,User,KeyEvent,109:77:0,warmup4,Editor,C:/Users/User/CLionProjects/warmup4/main.cpp,,10,24,Default task
2021-06-22T20:03:43.687+09:00,User,KeyEvent,51:51:0,warmup4,Editor,C:/Users/User/CLionProjects/warmup4/main.cpp,,10,25,Default task
2021-06-22T20:03:44.688+09:00,User,KeyEvent,65535:16:1,warmup4,Editor,C:/Users/User/CLionProjects/warmup4/main.cpp,,10,26,Default task
2021-06-22T20:03:44.720+09:00,User,KeyEvent,60:44:1,warmup4,Editor,C:/Users/User/CLionProjects/warmup4/main.cpp,,10,26,Default task
2021-06-22T20:03:44.880+09:00,User,KeyEvent,60:44:1,warmup4,Editor,C:/Users/User/CLionProjects/warmup4/main.cpp,,10,27,Default task
2021-06-22T20:03:45.544+09:00,User,KeyEvent,110:78:0,warmup4,Editor,C:/Users/User/CLionProjects/warmup4/main.cpp,,10,28,Default task
2021-06-22T20:03:45.672+09:00,User,KeyEvent,100:68:0,warmup4,Editor,C:/Users/User/CLionProjects/warmup4/main.cpp,,10,29,Default task
2021-06-22T20:03:45.992+09:00,User,Action,EditorBackSpace,warmup4,Editor,C:/Users/User/CLionProjects/warmup4/main.cpp,,10,30,Default task
2021-06-22T20:03:45.999+09:00,User,KeyEvent,8:8:0,warmup4,Editor,C:/Users/User/CLionProjects/warmup4/main.cpp,,10,29,Default task
2021-06-22T20:03:46.136+09:00,User,Action,EditorBackSpace,warmup4,Editor,C:/Users/User/CLionProjects/warmup4/main.cpp,,10,29,Default task
2021-06-22T20:03:46.148+09:00,User,KeyEvent,8:8:0,warmup4,Editor,C:/Users/User/CLionProjects/warmup4/main.cpp,,10,28,Default task
2021-06-22T20:03:46.383+09:00,User,KeyEvent,101:69:0,warmup4,Editor,C:/Users/User/CLionProjects/warmup4/main.cpp,,10,28,Default task
2021-06-22T20:03:46.498+09:00,User,KeyEvent,110:78:0,warmup4,Editor,C:/Users/User/CLionProjects/warmup4/main.cpp,,10,29,Default task
2021-06-22T20:03:46.608+09:00,User,KeyEvent,100:68:0,warmup4,Editor,C:/Users/User/CLionProjects/warmup4/main.cpp,,10,30,Default task
2021-06-22T20:03:46.807+09:00,User,KeyEvent,108:76:0,warmup4,Editor,C:/Users/User/CLionProjects/warmup4/main.cpp,,10,31,Default task
2021-06-22T20:03:47.000+09:00,User,KeyEvent,59:59:0,warmup4,Editor,C:/Users/User/CLionProjects/warmup4/main.cpp,,10,32,Default task
2021-06-22T20:03:48.280+09:00,User,Action,EditorEnter,warmup4,Editor,C:/Users/User/CLionProjects/warmup4/main.cpp,,10,33,Default task
2021-06-22T20:03:48.285+09:00,User,KeyEvent,10:10:0,warmup4,Editor,C:/Users/User/CLionProjects/warmup4/main.cpp,,11,4,Default task
2021-06-22T20:03:48.848+09:00,User,KeyEvent,99:67:0,warmup4,Editor,C:/Users/User/CLionProjects/warmup4/main.cpp,,11,4,Default task
2021-06-22T20:03:48.928+09:00,User,KeyEvent,111:79:0,warmup4,Editor,C:/Users/User/CLionProjects/warmup4/main.cpp,,11,5,Default task
2021-06-22T20:03:49.111+09:00,User,KeyEvent,117:85:0,warmup4,Editor,C:/Users/User/CLionProjects/warmup4/main.cpp,,11,6,Default task
2021-06-22T20:03:49.223+09:00,User,KeyEvent,116:84:0,warmup4,Editor,C:/Users/User/CLionProjects/warmup4/main.cpp,,11,7,Default task
2021-06-22T20:03:49.488+09:00,User,KeyEvent,65535:16:1,warmup4,Editor,C:/Users/User/CLionProjects/warmup4/main.cpp,,11,8,Default task
2021-06-22T20:03:49.568+09:00,User,KeyEvent,60:44:1,warmup4,Editor,C:/Users/User/CLionProjects/warmup4/main.cpp,,11,8,Default task
2021-06-22T20:03:49.711+09:00,User,KeyEvent,60:44:1,warmup4,Editor,C:/Users/User/CLionProjects/warmup4/main.cpp,,11,9,Default task
2021-06-22T20:03:50.151+09:00,User,KeyEvent,65535:16:1,warmup4,Editor,C:/Users/User/CLionProjects/warmup4/main.cpp,,11,10,Default task
2021-06-22T20:03:50.592+09:00,User,KeyEvent,40:57:1,warmup4,Editor,C:/Users/User/CLionProjects/warmup4/main.cpp,,11,10,Default task
2021-06-22T20:03:50.720+09:00,User,KeyEvent,40:57:1,warmup4,Editor,C:/Users/User/CLionProjects/warmup4/main.cpp,,11,11,Default task
2021-06-22T20:03:51.857+09:00,User,KeyEvent,110:78:0,warmup4,Editor,C:/Users/User/CLionProjects/warmup4/main.cpp,,11,12,Default task
2021-06-22T20:03:51.960+09:00,User,KeyEvent,117:85:0,warmup4,Editor,C:/Users/User/CLionProjects/warmup4/main.cpp,,11,13,Default task
2021-06-22T20:03:52.136+09:00,User,KeyEvent,109:77:0,warmup4,Editor,C:/Users/User/CLionProjects/warmup4/main.cpp,,11,14,Default task
2021-06-22T20:03:52.335+09:00,User,KeyEvent,49:49:0,warmup4,Editor,C:/Users/User/CLionProjects/warmup4/main.cpp,,11,15,Default task
2021-06-22T20:03:52.857+09:00,User,KeyEvent,65535:16:1,warmup4,Editor,C:/Users/User/CLionProjects/warmup4/main.cpp,,11,16,Default task
2021-06-22T20:03:53.072+09:00,User,KeyEvent,37:53:1,warmup4,Editor,C:/Users/User/CLionProjects/warmup4/main.cpp,,11,16,Default task
2021-06-22T20:03:53.511+09:00,User,KeyEvent,110:78:0,warmup4,Editor,C:/Users/User/CLionProjects/warmup4/main.cpp,,11,17,Default task
2021-06-22T20:03:53.627+09:00,User,KeyEvent,117:85:0,warmup4,Editor,C:/Users/User/CLionProjects/warmup4/main.cpp,,11,18,Default task
2021-06-22T20:03:53.792+09:00,User,KeyEvent,109:77:0,warmup4,Editor,C:/Users/User/CLionProjects/warmup4/main.cpp,,11,19,Default task
2021-06-22T20:03:55.482+09:00,User,KeyEvent,51:51:0,warmup4,Editor,C:/Users/User/CLionProjects/warmup4/main.cpp,,11,20,Default task
2021-06-22T20:03:55.895+09:00,User,KeyEvent,65535:16:1,warmup4,Editor,C:/Users/User/CLionProjects/warmup4/main.cpp,,11,21,Default task
2021-06-22T20:03:56.048+09:00,User,KeyEvent,41:48:1,warmup4,Editor,C:/Users/User/CLionProjects/warmup4/main.cpp,,11,21,Default task
2021-06-22T20:03:57.239+09:00,User,KeyEvent,65535:16:1,warmup4,Editor,C:/Users/User/CLionProjects/warmup4/main.cpp,,11,22,Default task
2021-06-22T20:03:57.505+09:00,User,KeyEvent,42:56:1,warmup4,Editor,C:/Users/User/CLionProjects/warmup4/main.cpp,,11,22,Default task
2021-06-22T20:03:58.402+09:00,User,KeyEvent,65535:16:1,warmup4,Editor,C:/Users/User/CLionProjects/warmup4/main.cpp,,11,23,Default task
2021-06-22T20:03:58.544+09:00,User,KeyEvent,40:57:1,warmup4,Editor,C:/Users/User/CLionProjects/warmup4/main.cpp,,11,23,Default task
2021-06-22T20:03:59.279+09:00,User,KeyEvent,110:78:0,warmup4,Editor,C:/Users/User/CLionProjects/warmup4/main.cpp,,11,24,Default task
2021-06-22T20:03:59.352+09:00,User,KeyEvent,117:85:0,warmup4,Editor,C:/Users/User/CLionProjects/warmup4/main.cpp,,11,25,Default task
2021-06-22T20:03:59.527+09:00,User,KeyEvent,109:77:0,warmup4,Editor,C:/Users/User/CLionProjects/warmup4/main.cpp,,11,26,Default task
2021-06-22T20:03:59.904+09:00,User,KeyEvent,50:50:0,warmup4,Editor,C:/Users/User/CLionProjects/warmup4/main.cpp,,11,27,Default task
2021-06-22T20:04:00.936+09:00,User,KeyEvent,65535:16:1,warmup4,Editor,C:/Users/User/CLionProjects/warmup4/main.cpp,,11,28,Default task
2021-06-22T20:04:01.438+09:00,User,KeyEvent,65535:16:1,warmup4,Editor,C:/Users/User/CLionProjects/warmup4/main.cpp,,11,28,Default task
2021-06-22T20:04:01.485+09:00,User,KeyEvent,65535:16:1,warmup4,Editor,C:/Users/User/CLionProjects/warmup4/main.cpp,,11,28,Default task
2021-06-22T20:04:01.516+09:00,User,KeyEvent,65535:16:1,warmup4,Editor,C:/Users/User/CLionProjects/warmup4/main.cpp,,11,28,Default task
2021-06-22T20:04:01.546+09:00,User,KeyEvent,65535:16:1,warmup4,Editor,C:/Users/User/CLionProjects/warmup4/main.cpp,,11,28,Default task
2021-06-22T20:04:01.569+09:00,User,KeyEvent,37:53:1,warmup4,Editor,C:/Users/User/CLionProjects/warmup4/main.cpp,,11,28,Default task
2021-06-22T20:04:02.553+09:00,User,KeyEvent,110:78:0,warmup4,Editor,C:/Users/User/CLionProjects/warmup4/main.cpp,,11,29,Default task
2021-06-22T20:04:02.623+09:00,User,KeyEvent,117:85:0,warmup4,Editor,C:/Users/User/CLionProjects/warmup4/main.cpp,,11,30,Default task
2021-06-22T20:04:02.800+09:00,User,KeyEvent,109:77:0,warmup4,Editor,C:/Users/User/CLionProjects/warmup4/main.cpp,,11,31,Default task
2021-06-22T20:04:03.119+09:00,User,KeyEvent,51:51:0,warmup4,Editor,C:/Users/User/CLionProjects/warmup4/main.cpp,,11,32,Default task
2021-06-22T20:04:03.383+09:00,User,KeyEvent,65535:16:1,warmup4,Editor,C:/Users/User/CLionProjects/warmup4/main.cpp,,11,33,Default task
2021-06-22T20:04:03.721+09:00,User,KeyEvent,41:48:1,warmup4,Editor,C:/Users/User/CLionProjects/warmup4/main.cpp,,11,33,Default task
2021-06-22T20:04:03.906+09:00,User,KeyEvent,41:48:1,warmup4,Editor,C:/Users/User/CLionProjects/warmup4/main.cpp,,11,34,Default task
2021-06-22T20:04:07.569+09:00,User,KeyEvent,65535:16:1,warmup4,Editor,C:/Users/User/CLionProjects/warmup4/main.cpp,,11,35,Default task
2021-06-22T20:04:07.952+09:00,User,KeyEvent,37:53:1,warmup4,Editor,C:/Users/User/CLionProjects/warmup4/main.cpp,,11,35,Default task
2021-06-22T20:04:08.487+09:00,User,KeyEvent,110:78:0,warmup4,Editor,C:/Users/User/CLionProjects/warmup4/main.cpp,,11,36,Default task
2021-06-22T20:04:08.544+09:00,User,KeyEvent,117:85:0,warmup4,Editor,C:/Users/User/CLionProjects/warmup4/main.cpp,,11,37,Default task
2021-06-22T20:04:08.729+09:00,User,KeyEvent,109:77:0,warmup4,Editor,C:/Users/User/CLionProjects/warmup4/main.cpp,,11,38,Default task
2021-06-22T20:04:09.353+09:00,User,KeyEvent,51:51:0,warmup4,Editor,C:/Users/User/CLionProjects/warmup4/main.cpp,,11,39,Default task
2021-06-22T20:04:09.568+09:00,User,KeyEvent,65535:16:1,warmup4,Editor,C:/Users/User/CLionProjects/warmup4/main.cpp,,11,40,Default task
2021-06-22T20:04:10.872+09:00,User,KeyEvent,65535:16:1,warmup4,Editor,C:/Users/User/CLionProjects/warmup4/main.cpp,,11,40,Default task
2021-06-22T20:04:11.184+09:00,User,KeyEvent,60:44:1,warmup4,Editor,C:/Users/User/CLionProjects/warmup4/main.cpp,,11,40,Default task
2021-06-22T20:04:11.343+09:00,User,KeyEvent,60:44:1,warmup4,Editor,C:/Users/User/CLionProjects/warmup4/main.cpp,,11,41,Default task
2021-06-22T20:04:11.641+09:00,User,KeyEvent,101:69:0,warmup4,Editor,C:/Users/User/CLionProjects/warmup4/main.cpp,,11,42,Default task
2021-06-22T20:04:11.762+09:00,User,KeyEvent,110:78:0,warmup4,Editor,C:/Users/User/CLionProjects/warmup4/main.cpp,,11,43,Default task
2021-06-22T20:04:11.855+09:00,User,KeyEvent,100:68:0,warmup4,Editor,C:/Users/User/CLionProjects/warmup4/main.cpp,,11,44,Default task
2021-06-22T20:04:11.992+09:00,User,KeyEvent,108:76:0,warmup4,Editor,C:/Users/User/CLionProjects/warmup4/main.cpp,,11,45,Default task
2021-06-22T20:04:12.392+09:00,User,KeyEvent,59:59:0,warmup4,Editor,C:/Users/User/CLionProjects/warmup4/main.cpp,,11,46,Default task
2021-06-22T20:04:13.048+09:00,User,KeyEvent,65535:16:1,warmup4,Editor,C:/Users/User/CLionProjects/warmup4/main.cpp,,11,47,Default task
2021-06-22T20:04:13.296+09:00,User,Action,EditorDownWithSelection,warmup4,Editor,C:/Users/User/CLionProjects/warmup4/main.cpp,,11,47,Default task
2021-06-22T20:04:13.297+09:00,User,KeyEvent,65535:40:1,warmup4,Editor,C:/Users/User/CLionProjects/warmup4/main.cpp,,12,46,Default task
2021-06-22T20:04:13.680+09:00,User,Action,EditorDelete,warmup4,Editor,C:/Users/User/CLionProjects/warmup4/main.cpp,,12,46,Default task
2021-06-22T20:04:13.682+09:00,User,KeyEvent,127:127:0,warmup4,Editor,C:/Users/User/CLionProjects/warmup4/main.cpp,,11,47,Default task
2021-06-22T20:04:17.031+09:00,User,KeyEvent,65535:17:2,warmup4,Editor,C:/Users/User/CLionProjects/warmup4/main.cpp,,11,47,Default task
2021-06-22T20:04:17.193+09:00,User,Action,SaveAll,warmup4,Editor,C:/Users/User/CLionProjects/warmup4/main.cpp,,11,47,Default task
2021-06-22T20:04:17.204+09:00,User,KeyEvent,19:83:2,warmup4,Editor,C:/Users/User/CLionProjects/warmup4/main.cpp,,11,47,Default task
2021-06-22T20:04:18.021+09:00,User,Action,Build,warmup4,Editor,C:/Users/User/CLionProjects/warmup4/main.cpp,,11,47,Default task
2021-06-22T20:04:23.116+09:00,User,Action,Run,warmup4,Editor,C:/Users/User/CLionProjects/warmup4/main.cpp,,11,47,Default task
2021-06-22T20:04:29.920+09:00,User,KeyEvent,53:101:0,warmup4,Editor,C:/Users/User/CLionProjects/warmup4/main.cpp,,11,47,Default task
2021-06-22T20:04:30.072+09:00,User,KeyEvent,32:32:0,warmup4,Editor,C:/Users/User/CLionProjects/warmup4/main.cpp,,11,47,Default task
2021-06-22T20:04:30.224+09:00,User,KeyEvent,56:104:0,warmup4,Editor,C:/Users/User/CLionProjects/warmup4/main.cpp,,11,47,Default task
2021-06-22T20:04:30.353+09:00,User,KeyEvent,32:32:0,warmup4,Editor,C:/Users/User/CLionProjects/warmup4/main.cpp,,11,47,Default task
2021-06-22T20:04:30.504+09:00,User,KeyEvent,52:100:0,warmup4,Editor,C:/Users/User/CLionProjects/warmup4/main.cpp,,11,47,Default task
2021-06-22T20:04:30.745+09:00,User,KeyEvent,10:10:0,warmup4,Editor,C:/Users/User/CLionProjects/warmup4/main.cpp,,11,47,Default task
2021-06-22T20:04:34.905+09:00,User,KeyEvent,65535:17:2,warmup4,Editor,C:/Users/User/CLionProjects/warmup4/main.cpp,,0,0,Default task
2021-06-22T20:04:35.403+09:00,User,KeyEvent,65535:17:2,warmup4,Editor,C:/Users/User/CLionProjects/warmup4/main.cpp,,0,0,Default task
2021-06-22T20:04:35.452+09:00,User,KeyEvent,65535:17:2,warmup4,Editor,C:/Users/User/CLionProjects/warmup4/main.cpp,,0,0,Default task
2021-06-22T20:04:35.480+09:00,User,KeyEvent,65535:17:2,warmup4,Editor,C:/Users/User/CLionProjects/warmup4/main.cpp,,0,0,Default task
2021-06-22T20:04:35.513+09:00,User,KeyEvent,65535:17:2,warmup4,Editor,C:/Users/User/CLionProjects/warmup4/main.cpp,,0,0,Default task
2021-06-22T20:04:35.544+09:00,User,KeyEvent,65535:17:2,warmup4,Editor,C:/Users/User/CLionProjects/warmup4/main.cpp,,0,0,Default task
2021-06-22T20:04:35.570+09:00,User,Action,EditorCopy,warmup4,Editor,C:/Users/User/CLionProjects/warmup4/main.cpp,,0,0,Default task
2021-06-22T20:04:35.575+09:00,User,KeyEvent,3:67:2,warmup4,Editor,C:/Users/User/CLionProjects/warmup4/main.cpp,,0,0,Default task
